name,tier1_aroma,tier2_taste,tier3_mouthfeel,leaves,sources,key_pairings,pairing_principles,chemistry_notes
- black pepper,,spicy|pungent,,,category-heuristic,,,
- pepper,,spicy|pungent,,,category-heuristic,,,
.salt,,pungent,,,category-heuristic,,,
abalone,,pungent,,,category-heuristic,,,
abiyuch,,pungent,,,category-heuristic,,,
accent salt,,sweet,,alcoholic|ethereal,rule-derived,,,
acerola,,pungent,,,category-heuristic,,,
achiote paste,,pungent,,,category-heuristic,,,
achiote powder,,pungent,,,category-heuristic,,,
acorn,,sweet,cooling|waxy|oily,brown|camphor|chocolate|coconut|deep,rule-derived,,,
acorn squash,,,,,rule-derived,,,
active dry yeast,,bitter,,,category-heuristic,,,
active yeast,,bitter,,,category-heuristic,,,
additional oil,fatty,sweet,,,category-heuristic,,,
additional powdered sugar,,sweet,,alcoholic|ethereal,rule-derived,,,
additional sugar,,sweet,,alcoholic|ethereal,rule-derived,,,
adobo sauce,,bitter|sweet,,alcoholic|ethereal,rule-derived,,,
adzuki bean,,sweet,cooling|waxy|oily,alcoholic|brown|camphor|coconut|deep,rule-derived,,,
agar,,pungent,,,category-heuristic,,,
agave,,sweet,,,category-heuristic,,,
agave syrup,,sweet,,,category-heuristic,,,
aged balsamic vinegar,,bitter|sweet,,alcoholic|ethereal|mild,rule-derived,,,
aged sherry vinegar,,bitter|sweet,,alcoholic|ethereal|mild,rule-derived,,,
alaska wild rhubarb,,pungent,,,category-heuristic,,,
aleppo pepper,,sweet,waxy,alcoholic|alkane|ethereal|gasoline,rule-derived,,,
alfalfa,,pungent,,,category-heuristic,,,
alfredo sauce,,bitter|sweet,,alcoholic|ethereal,rule-derived,,,
all-purpose potatoe,,sweet,,alcoholic|ethereal,rule-derived,,,
all-purpose seasoning,,pungent,,,category-heuristic,,,
all-purpose unbleached flour,,sweet,,,rule-derived,,,
all-vegetable shortening,,bitter|sweet,,alcoholic|ethereal,rule-derived,,,
allspice,,bitter,,ethereal|alcoholic|berry|bready|chocolate,rule-derived,,,
almond,fatty,sweet|bitter,crunchy,nutty|almond|marzipan|sweet|benzaldehyde,curated-2026;tgsc;chem-lit,almond extract|cane sugar|cherry pie filling|white chocolate,benzaldehyde marzipan note; the cherry and stone-fruit partner,"dominant=benzaldehyde, hexanal; CIDs: benzaldehyde=240"
almond bark,,sweet,oily|waxy,alcoholic|ethereal|fat|orange|rose,rule-derived,,,
almond butter,,sweet,oily|waxy,alcoholic|ethereal|fat|orange|rose,rule-derived,,,
almond essence,,sweet,oily|waxy,alcoholic|ethereal|fat|orange|rose,rule-derived,,,
almond extract,,sweet,oily|waxy,alcoholic|ethereal|fat|orange|rose,rule-derived,,,
almond filling,,sweet,oily|waxy,alcoholic|ethereal|fat|orange|rose,rule-derived,,,
almond flake,,sweet,oily|waxy,alcoholic|ethereal|fat|orange|rose,rule-derived,,,
almond flavor,,sweet,oily|waxy,alcoholic|ethereal|fat|orange|rose,rule-derived,,,
almond flavoring,,sweet,oily|waxy,alcoholic|ethereal|fat|orange|rose,rule-derived,,,
almond flour,,sweet,oily|waxy,alcoholic|ethereal|fat|orange|rose,rule-derived,,,
almond liqueur,,sweet,oily|waxy,alcoholic|ethereal|fat|orange|rose,rule-derived,,,
almond meal,,sweet,oily|waxy,alcoholic|ethereal|fat|orange|rose,rule-derived,,,
almond milk,,sweet,oily|waxy,alcoholic|ethereal|fat|orange|rose,rule-derived,,,
almond oil,,sweet,oily|waxy,alcoholic|ethereal|fat|orange|rose,rule-derived,,,
almond paste,,sweet,oily|waxy,alcoholic|ethereal|fat|orange|rose,rule-derived,,,
almond powder,,sweet,oily|waxy,alcoholic|ethereal|fat|orange|rose,rule-derived,,,
almond sliver,,sweet,oily|waxy,alcoholic|ethereal|fat|orange|rose,rule-derived,,,
almond syrup,,sweet,oily|waxy,alcoholic|ethereal|fat|orange|rose,rule-derived,,,
almonds blanched,,sweet,oily|waxy,alcoholic|ethereal|fat|orange|rose,rule-derived,,,
almonds slivered,,sweet,oily|waxy,alcoholic|ethereal|fat|orange|rose,rule-derived,,,
alphabet pasta,,sweet,cooling,alcoholic|camphor|deep|ethereal|menthol,rule-derived,,,
alpine sweetvetch,,pungent,,,category-heuristic,,,
aluminum foil,,,,,category-heuristic,,,
amaranth,,pungent,,,category-heuristic,,,
amaranth flour,,sweet,cooling|waxy|oily,alcoholic|brown|camphor|coconut|deep,rule-derived,,,
amaretti cookie,woody,sweet,,,category-heuristic,,,
amaretto,,sweet,,,category-heuristic,,,
american butterfish,,pungent,,,category-heuristic,,,
american cheese,,sweet,cooling,alcoholic|ethereal|mint|terpentine,rule-derived,,,
american pokeweed,,pungent,,,category-heuristic,,,
anaheim chili,,bitter|sweet,,alcoholic|ethereal,rule-derived,,,
anaheim chilie,,bitter|sweet,,alcoholic|ethereal,rule-derived,,,
anaheim pepper,,sweet,waxy,alcoholic|alkane|ethereal|gasoline,rule-derived,,,
ancho chili,,bitter|sweet,,alcoholic|ethereal,rule-derived,,,
ancho chili powder,,bitter|sweet,,alcoholic|ethereal,rule-derived,,,
ancho chilie,,bitter|sweet,,alcoholic|ethereal,rule-derived,,,
anchovy,woody,umami,,savory|umami|fishy|fermented|salty,curated-2026;tgsc;chem-lit,extra-virgin olive oil|garlic|parmesan|lemon juice,"glutamate + inosinate; the Caesar, puttanesca and tapenade base","dominant=glutamate, inosinate, amines; CIDs: glutamate=33032, inosinate=8582"
anchovy filet,,sweet,,alcoholic|ethereal|mild,rule-derived,,,
anchovy fillet,,sweet,,alcoholic|ethereal|mild,rule-derived,,,
andouille sausage,,sweet,,alcoholic|ethereal,rule-derived,,,
angel cake,,bitter|sweet,,alcoholic|ethereal,rule-derived,,,
angel flake coconut,,sweet,,alcoholic|ethereal,rule-derived,,,
angel food cake,,bitter|sweet,,alcoholic|ethereal,rule-derived,,,
angel food cake mix,,bitter|sweet,,alcoholic|ethereal,rule-derived,,,
angel hair pasta,,sweet,cooling,alcoholic|camphor|deep|ethereal|menthol,rule-derived,,,
angelica,woody,bitter,,herbal|musky|celery|woody|sweet,curated-2026;tgsc;chem-lit,gin|juniper berry|fennel seed|orange,musky macrocyclic-lactone root; the gin and liqueur botanical,"dominant=beta-phellandrene, macrocyclic lactones"
angostura bitters,,bitter,,,category-heuristic,,,
anise oil,woody,bitter|sweet,pungent,ethereal|alcoholic|ether|pungent|whiskey,rule-derived,,,
anise seed,green,sweet,crunchy,anise|licorice|sweet|fresh|green,curated-2026;tgsc;chem-lit,fennel seed|star anise|cane sugar|brandy,anethole sweet-licorice; baking and liqueur partner,"dominant=anethole, estragole; CIDs: anethole=637563, estragole=8815"
aniseed,woody,bitter|sweet,pungent,ethereal|alcoholic|ether|pungent|whiskey,rule-derived,,,
annatto,woody,bitter,powdery,earthy|peppery|nutty|sweet|red,curated-2026;tgsc;chem-lit,long-grain rice|chorizo sausage|adobo sauce|garlic,peppery-earthy seed prized for orange color; the Latin and Filipino partner,"dominant=bixin (color), geranylgeraniol; CIDs: bixin=5281226, geraniol=637566"
annatto seed,,bitter|sweet,,alcoholic|ethereal,rule-derived,,,
aperol,,bitter,,,category-heuristic,,,
apple,fruity,sweet|sour,crisp,fruity|apple|fresh|crisp|green,curated-2026;tgsc;chem-lit,cinnamon|cider vinegar|apple cider vinegar|raisin,ester + hexenal; the cinnamon/cider partner,"dominant=hexyl acetate, 2-methylbutyl acetate, (E)-2-hexenal; CIDs: (e)-2-hexenal=5281168"
apple brandy,,sweet,oily|waxy,waxy|fatty|brandy|bread|coconut,rule-derived,,,
apple butter,,sweet,,alcoholic|ethereal,rule-derived,,,
apple cider,fruity,sweet|sour,juicy,estery|fermented|tangy|fresh|brown,manual-top-500;tgsc,pork|cinnamon|sage|caramel|donuts|cheddar|ginger,cut-fat|shared-volatile|shared-volatile|sweet-acid|tradition|cut-fat|cleanse-palate,"Fermentation adds acetic acid + trace ethanol — the tang amplifies the cut-fat principle vs fresh apple. Apple-cider-glazed pork is built on this. Sage shares pinene with apple terpenes, which is why New England fall flavors integrate."
apple cider vinegar,,bitter,,balsam|balsamic,rule-derived,,,
apple cinnamon,,sweet,cooling|waxy|oily,alcoholic|brown|camphor|coconut|deep,rule-derived,,,
apple filling,,sweet,,alcoholic|apple|banana|ethereal|fruit,rule-derived,,,
apple jelly,,sweet,,alcoholic|apple|banana|ethereal|fruit,rule-derived,,,
apple juice,fruity,sweet|sour,juicy,estery|fresh|pulpy|sweet-tart|brown,manual-top-500;tgsc,cinnamon|ginger|pork|caramel|orange|raisins|oatmeal,shared-volatile|cleanse-palate|cut-fat|sweet-acid|sweet-acid|shared-volatile|shared-volatile,"More volatile esters retained vs cider, no fermentation acids — sweeter and more 'fresh apple' flavored. Excellent for brines (the malic acid tenderizes pork while sugar caramelizes the surface)."
apple juice concentrate,,sweet,,alcoholic|apple|banana|ethereal|fruit,rule-derived,,,
apple pie,,sweet,,alcoholic|apple|banana|ethereal|fruit,rule-derived,,,
apple pie filling,,bitter|sweet,,alcoholic|ethereal,rule-derived,,,
apple pie spice,,sweet,,alcoholic|apple|banana|ethereal|fruit,rule-derived,,,
apple ring,,sweet,,alcoholic|apple|banana|ethereal|fruit,rule-derived,,,
apple sauce,,sweet,,,rule-derived,,,
apple schnapp,,sweet,,alcoholic|apple|banana|ethereal|fruit,rule-derived,,,
apple vinegar,,bitter|sweet,,alcoholic|ethereal|mild,rule-derived,,,
apple wedge,,sweet,,alcoholic|apple|banana|ethereal|fruit,rule-derived,,,
applejack,,sweet,,alcoholic|apple|banana|ethereal|fruit,rule-derived,,,
applesauce,fruity,sweet,smooth,estery|cooked|brown|caramellic|juicy,manual-top-500;tgsc,pork|cinnamon|nutmeg|brown sugar|crackers|oatmeal|raisins,cut-fat|shared-volatile|shared-volatile|sweet-acid|texture-contrast|shared-volatile|shared-volatile,"Cooking concentrates esters and adds caramel/Maillard notes. The cinnamon-applesauce-pork combo works on three principles simultaneously (shared-volatile, cut-fat, sweet-acid). With oatmeal, shared caramel furanones make it integrated."
apricot,,sweet,,alcoholic|ethereal,rule-derived,,,
apricot brandy,,sweet,,alcoholic|ethereal,rule-derived,,,
apricot gelatin,,sweet,,alcoholic|ethereal,rule-derived,,,
apricot halve,,sweet,,alcoholic|ethereal,rule-derived,,,
apricot jam,,sweet,,alcoholic|ethereal,rule-derived,,,
apricot jello,,sweet,,alcoholic|ethereal,rule-derived,,,
apricot jelly,,sweet,,alcoholic|ethereal,rule-derived,,,
apricot juice,,sweet,,alcoholic|ethereal,rule-derived,,,
apricot nectar,,sweet,,alcoholic|ethereal,rule-derived,,,
apricot pie filling,,bitter|sweet,,alcoholic|ethereal,rule-derived,,,
apricot preserve,,sweet,,alcoholic|ethereal,rule-derived,,,
arar,,pungent,,,category-heuristic,,,
arbol chile,,spicy|pungent,,,category-heuristic,,,
armour beef,,,oily|waxy|cooling,fatty|balsamic|cucumber|dry|earthy,rule-derived,,,
arrowhead,,pungent,,,category-heuristic,,,
arrowroot,,sweet,cooling|waxy|oily,brown|camphor|chocolate|coconut|deep,rule-derived,,,
arrowroot flour,,sweet,cooling|waxy|oily,brown|camphor|chocolate|coconut|deep,rule-derived,,,
arrowroot powder,,sweet,cooling|waxy|oily,brown|camphor|chocolate|coconut|deep,rule-derived,,,
arrowroot starch,,sweet,cooling|waxy|oily,brown|camphor|chocolate|coconut|deep,rule-derived,,,
artemisia,,pungent,,,category-heuristic,,,
artichoke,green,bitter|umami,,green|nutty|earthy|vegetal|bitter,curated-2026;tgsc;chem-lit,extra-virgin olive oil|lemon juice|garlic|parmesan,cynarin (the sweetness-distorting compound); lemon and oil partner,"dominant=cynarin, 1-octen-3-ol; CIDs: 1-octen-3-ol=18827"
asadero cheese,,sweet,cooling,alcoholic|ethereal|mint|terpentine,rule-derived,,,
asafoetida,,pungent,,,category-heuristic,,,
asafoetida powder,woody,sweet,cooling,woody|citrus|herbal|wood|clove,rule-derived,,,
ashgourd,,pungent,,,category-heuristic,,,
asiago cheese,,sweet,cooling,alcoholic|ethereal|mint|terpentine,rule-derived,,,
asian chili paste,,bitter|sweet,,alcoholic|ethereal,rule-derived,,,
asian chili sauce,,bitter|sweet,,alcoholic|ethereal,rule-derived,,,
asian chili-garlic,,sweet,,alcoholic|cabbage|ethereal|onion|sulfur,rule-derived,,,
asian fish sauce,,bitter|sweet,,alcoholic|ethereal,rule-derived,,,
asian pear,,bitter|sweet,cooling,alcoholic|camphor|deep|ethereal|menthol,rule-derived,,,
asian sesame oil,,sweet,,alcoholic|berry|bready|ethereal|fermented,rule-derived,,,
asparagu,,pungent,,,category-heuristic,,,
asparagus spear,,sweet,,alcoholic|ethereal,rule-derived,,,
atlantic halibut,,pungent,,,category-heuristic,,,
atlantic herring,,pungent,,,category-heuristic,,,
avocado,fatty,,smooth,fatty|green|buttery|grassy|mild,curated-2026;tgsc;chem-lit,lime juice|cilantro|tomato|serrano pepper,buttery fat + green hexenal; the lime/cilantro/chile axis,"dominant=fatty acids, (E)-2-hexenal; CIDs: (e)-2-hexenal=5281168"
avocado dip,,sweet,,alcoholic|ethereal,rule-derived,,,
avocado oil,,sweet,,alcoholic|ethereal,rule-derived,,,
avocado salsa,,sweet,,alcoholic|ethereal,rule-derived,,,
avocadoe,,sweet,,alcoholic|ethereal,rule-derived,,,
babaco,,pungent,,,category-heuristic,,,
babassu palm,,pungent,,,category-heuristic,,,
baby back pork,,,,roast|sulfurous|vegetable|burnt|caramellic,rule-derived,,,
baby back pork rib,,,,roast|sulfurous|vegetable|burnt|caramellic,rule-derived,,,
baby bella mushroom,,sweet,,apple peel|caramellic|cocoa|coffee|green,rule-derived,,,
baby carrot,,sweet,,alcoholic|bland|ethereal,rule-derived,,,
baby clam,,,waxy|oily|cooling,waxy|apple|apricot|berry|bready,rule-derived,,,
baby corn,,sweet,,alcoholic|ethereal,rule-derived,,,
baby eggplant,,sweet,,alcoholic|bland|ethereal,rule-derived,,,
baby lettuce,,sweet,,alcoholic|ethereal,rule-derived,,,
baby lima bean,,bitter|sweet,cooling,alcoholic|camphor|deep|ethereal|menthol,rule-derived,,,
baby new potatoe,,sweet,,alcoholic|ethereal,rule-derived,,,
baby onion,,sweet,cooling|creamy|oily,bean|cananga|caramel|fatty|floral,rule-derived,,,
baby pea,green,astringent|sweet,,,category-heuristic,,,
baby portabella mushroom,,sweet,,apple peel|caramellic|cocoa|coffee|green,rule-derived,,,
baby portobello mushroom,,sweet,,apple peel|caramellic|cocoa|coffee|green,rule-derived,,,
baby potatoe,,sweet,,alcoholic|ethereal,rule-derived,,,
baby red potatoe,,sweet,,alcoholic|ethereal,rule-derived,,,
baby romaine lettuce,,sweet,,alcoholic|bland|ethereal,rule-derived,,,
baby shrimp,,sweet,,alcoholic|ethereal,rule-derived,,,
baby spinach,,sweet,,alcoholic|ammonia|ethereal|fishy,rule-derived,,,
baby spinach leave,,sweet,,alcoholic|ammonia|ethereal|fishy,rule-derived,,,
back bacon,,pungent,,,category-heuristic,,,
backfin crabmeat,,sweet,,alcoholic|ethereal|mild,rule-derived,,,
bacon,fatty,umami,crisp,smoky|savory|fatty|umami|roasted,curated-2026;tgsc;chem-lit,egg yolk|golden brown sugar|onion|romaine lettuce,"Maillard pyrazine + smoke guaiacol; the egg, maple and lettuce partner","dominant=pyrazines, furans, guaiacol; CIDs: guaiacol=460"
bacon bit,,pungent,,,category-heuristic,,,
bacon dripping,,bitter|sweet,,alcoholic|balsam|ethereal|oriental,rule-derived,,,
bacon fat,,pungent,,,category-heuristic,,,
bacon grease,,pungent,,,category-heuristic,,,
bacon lardon,,pungent,,,category-heuristic,,,
bacon rasher,,pungent,,,category-heuristic,,,
bacon strip,,pungent,,,category-heuristic,,,
bags spinach,,sweet,,alcoholic|ammonia|ethereal|fishy,rule-derived,,,
bailey's irish cream,,sweet,,alcoholic|ethereal,rule-derived,,,
baileys irish cream,,sweet,,alcoholic|ethereal,rule-derived,,,
baked potato,earthy,sweet,tender,roasted|nutty|toasted|bready|musty,manual-top-500;tgsc,sour cream|chives|bacon|cheddar|butter|chili|salt,cut-fat|shared-volatile|maillard-bridge|umami-bridge|cut-fat|shared-volatile|sweet-acid,Dry-heat baking generates more Maillard pyrazines than boiled potato — same compound family as bacon's crust and toasted bread. The American steakhouse 'loaded baked potato' is genuinely Maillard-bridge-heavy.
baking,,pungent,,,category-heuristic,,,
baking apple,,sweet,,alcoholic|apple|banana|ethereal|fruit,rule-derived,,,
baking bit,,pungent,,,category-heuristic,,,
baking chip,,pungent,,,category-heuristic,,,
baking chocolate,,sweet,,alcoholic|ethereal,rule-derived,,,
baking cocoa,,sweet,,banana|bland|cabbage|fruit|green,rule-derived,,,
baking crumb,,pungent,,,category-heuristic,,,
baking dish,,pungent,,,category-heuristic,,,
baking flour,,sweet,,,rule-derived,,,
baking hen,,pungent,,,category-heuristic,,,
baking mix,,pungent,,,category-heuristic,,,
baking pan,,pungent,,,category-heuristic,,,
baking potato,,sweet,,alcoholic|ethereal,rule-derived,,,
baking potatoe,,sweet,,alcoholic|ethereal,rule-derived,,,
baking powder,,bitter,,,category-heuristic,,,
baking power,,pungent,,,category-heuristic,,,
baking pwdr,,pungent,,,category-heuristic,,,
baking sheet,,pungent,,,category-heuristic,,,
baking soda,,sour,,,category-heuristic,,,
baking spray,,,,,category-heuristic,,,
baking spray with,,,,,category-heuristic,,,
baking square,,pungent,,,category-heuristic,,,
balsalmic vinegar,,bitter|sweet,,alcoholic|ethereal|mild,rule-derived,,,
balsamic dressing,,sour|sweet|pungent,,,category-heuristic,,,
balsamic glaze,,sour|sweet|pungent,,,category-heuristic,,,
balsamic vinegar,fermented,sour|sweet,viscous,tangy|caramellic|aged|grape-must|complex,manual-top-500;tgsc,strawberry|tomato|mozzarella|basil|olive oil|parmesan|salmon,sweet-acid|sweet-acid|cut-fat|shared-volatile|cut-fat|sweet-acid|cleanse-palate,Traditional aged balsamic (12-25+ years) develops complex caramellic + raisin notes from prolonged barrel concentration; commercial balsamic vinegar of Modena is younger and less complex but retains the sweet-acid balance. The balsamic-strawberry pairing is shared furaneol (both contain caramellic furanones) plus the textbook sweet-acid principle.; CIDs: furaneol=19309
bamboo shoot,,pungent,,,category-heuristic,,,
banana,fruity,sweet,smooth,fruity|banana|sweet|creamy|tropical,curated-2026;tgsc;chem-lit,cane sugar|walnut|whipped cream|caramel sauce,"isoamyl-acetate ester; the walnut, caramel and bread partner","dominant=isoamyl acetate, eugenol; CIDs: eugenol=3314, isoamyl acetate=31276"
banana chip,,sweet,cooling,alcoholic|camphor|deep|ethereal|menthol,rule-derived,,,
banana cream,,sweet,cooling,alcoholic|camphor|deep|ethereal|menthol,rule-derived,,,
banana flavoring,,sweet,cooling,alcoholic|camphor|deep|ethereal|menthol,rule-derived,,,
banana instant pudding,,bitter|sweet,,alcoholic|ethereal,rule-derived,,,
banana leaf,,sweet,cooling,alcoholic|camphor|deep|ethereal|menthol,rule-derived,,,
banana liqueur,,sweet,cooling,alcoholic|camphor|deep|ethereal|menthol,rule-derived,,,
banana mashed,,sweet,cooling,alcoholic|camphor|deep|ethereal|menthol,rule-derived,,,
banana pepper,,sweet,waxy,alcoholic|alkane|ethereal|gasoline,rule-derived,,,
bananas mashed,,sweet,cooling,alcoholic|camphor|deep|ethereal|menthol,rule-derived,,,
barbecue beef,,,oily|waxy|cooling,fatty|balsamic|cucumber|dry|earthy,rule-derived,,,
barbecue pork,,,,roast|sulfurous|vegetable|burnt|caramellic,rule-derived,,,
barbecue sauce,,bitter|sweet,,alcoholic|ethereal,rule-derived,,,
barbecued pork,,,,roast|sulfurous|vegetable|burnt|caramellic,rule-derived,,,
barbeque sauce,,bitter|sweet,,alcoholic|ethereal,rule-derived,,,
barbq sauce,,bitter|sweet,,alcoholic|ethereal,rule-derived,,,
barley,,sweet,,alcoholic|ethereal,rule-derived,,,
barley flour,,sweet,,alcoholic|ethereal,rule-derived,,,
barley malt,,sweet,,alcoholic|ethereal,rule-derived,,,
barley malt syrup,,sweet,,alcoholic|ethereal,rule-derived,,,
barrel cheese,,sweet,cooling,alcoholic|ethereal|mint|terpentine,rule-derived,,,
bartlett pear,,sweet,,alcoholic|ethereal|grass|leafy|sweaty,rule-derived,,,
basil,green,spicy|sweet,,green|anise|clove|sweet|herbal,curated-2026;tgsc;chem-lit,extra-virgin olive oil|pine nut|tomato juice|marinara sauce,linalool + estragole + eugenol; shares an anise axis with tarragon and a clove axis with allspice,"dominant=linalool, estragole (methyl chavicol), eugenol; CIDs: estragole=8815, eugenol=3314, linalool=6549, methyl chavicol=8815"
basil chiffonade,woody,sweet,cooling|creamy|powdery,bean|camphor|cananga|floral|green,rule-derived,,,
basil freshly,woody,sweet,cooling|creamy|powdery,bean|camphor|cananga|floral|green,rule-derived,,,
basil leaf,woody,sweet,cooling|creamy|powdery,bean|camphor|cananga|floral|green,rule-derived,,,
basil oil,woody,sweet,cooling|creamy|powdery,bean|camphor|cananga|floral|green,rule-derived,,,
basil pesto,woody,sweet,cooling|creamy|powdery,bean|camphor|cananga|floral|green,rule-derived,,,
basket cherry tomatoe,,sweet,cooling|pungent|waxy,ethereal|pungent|brown|camphor|chocolate,rule-derived,,,
basting sauce,,bitter|sweet,,alcoholic|ethereal,rule-derived,,,
bay leaf,green,bitter,,,category-heuristic,,,
bay leaf powder,green,astringent|bitter,,,category-heuristic,,,
bay scallop,,bitter|sweet,,alcoholic|ethereal,rule-derived,,,
bay shrimp,,sweet,,alcoholic|ethereal,rule-derived,,,
bayberry,fruity,sweet|sour,,,category-heuristic,,,
bayleaf,,pungent,,,category-heuristic,,,
bbq sauce,,bitter|sweet,,alcoholic|ethereal,rule-derived,,,
bean,,bitter|sweet,cooling|waxy|oily,alcoholic|camphor|coconut|deep|ethereal,rule-derived,,,
bean curd,,bitter|sweet,cooling|waxy|oily,alcoholic|camphor|coconut|deep|ethereal,rule-derived,,,
bean dip,,bitter|sweet,cooling|waxy|oily,alcoholic|camphor|coconut|deep|ethereal,rule-derived,,,
bean paste,,bitter|sweet,cooling|waxy|oily,alcoholic|camphor|coconut|deep|ethereal,rule-derived,,,
bean sauce,,bitter|sweet,,alcoholic|ethereal,rule-derived,,,
bean soup mix,,sweet,oily|cooling|creamy,fatty|butter|cream|floral|fresh,rule-derived,,,
bean sprout,,sweet,oily|cooling|creamy,fatty|butter|cream|floral|fresh,rule-derived,,,
bean thread,,bitter|sweet,cooling|waxy|oily,alcoholic|camphor|coconut|deep|ethereal,rule-derived,,,
bean with bacon soup,,bitter|sweet,cooling|waxy|oily,alcoholic|camphor|coconut|deep|ethereal,rule-derived,,,
bearnaise sauce,,bitter|sweet,,alcoholic|ethereal,rule-derived,,,
beaten egg,,pungent,,,category-heuristic,,,
bechamel,,pungent,,,category-heuristic,,,
bechamel sauce,,bitter|sweet,,alcoholic|ethereal,rule-derived,,,
beech nut,,pungent,,,category-heuristic,,,
beef,fatty,umami,tender,savory|umami|fatty|roasted|meaty,curated-2026;tgsc;chem-lit,beef stock|onion|garlic|tomato,"Maillard pyrazine + furanone; the braise, grill and stew core (was never a node)","dominant=Maillard pyrazines, furanones"
beef base,,,oily|waxy|cooling,fatty|balsamic|cucumber|dry|earthy,rule-derived,,,
beef bone,,,oily|waxy|cooling,fatty|balsamic|cucumber|dry|earthy,rule-derived,,,
beef bouillon,,,oily|waxy|cooling,fatty|balsamic|cucumber|dry|earthy,rule-derived,,,
beef bouillon cube,,,oily|waxy|cooling,fatty|balsamic|cucumber|dry|earthy,rule-derived,,,
beef bouillon granule,,,oily|waxy|cooling,fatty|balsamic|cucumber|dry|earthy,rule-derived,,,
beef bouillon powder,,,oily|waxy|cooling,fatty|balsamic|cucumber|dry|earthy,rule-derived,,,
beef bouillon soup,,sweet,,alcoholic|ethereal,rule-derived,,,
beef brisket,,,oily|waxy|cooling,fatty|balsamic|cucumber|dry|earthy,rule-derived,,,
beef chuck,,,oily|waxy|cooling,fatty|balsamic|cucumber|dry|earthy,rule-derived,,,
beef chuck roast,,,oily|waxy|cooling,fatty|balsamic|cucumber|dry|earthy,rule-derived,,,
beef chuck steak,,,oily|waxy|cooling,fatty|balsamic|cucumber|dry|earthy,rule-derived,,,
beef consomme,,,oily|waxy|cooling,fatty|balsamic|cucumber|dry|earthy,rule-derived,,,
beef cube,,,oily|waxy|cooling,fatty|balsamic|cucumber|dry|earthy,rule-derived,,,
beef dripping,,bitter|sweet,,alcoholic|balsam|ethereal|oriental,rule-derived,,,
beef fillet,,,oily|waxy|cooling,fatty|balsamic|cucumber|dry|earthy,rule-derived,,,
beef flank,,,oily|waxy|cooling,fatty|balsamic|cucumber|dry|earthy,rule-derived,,,
beef flank steak,,,oily|waxy|cooling,fatty|balsamic|cucumber|dry|earthy,rule-derived,,,
beef flavor,,,oily|waxy|cooling,fatty|balsamic|cucumber|dry|earthy,rule-derived,,,
beef gravy,,,oily|waxy|cooling,fatty|balsamic|cucumber|dry|earthy,rule-derived,,,
beef lean,,,oily|waxy|cooling,fatty|balsamic|cucumber|dry|earthy,rule-derived,,,
beef liver,,,oily|waxy|cooling,fatty|balsamic|cucumber|dry|earthy,rule-derived,,,
beef mince,,,oily|waxy|cooling,fatty|balsamic|cucumber|dry|earthy,rule-derived,,,
beef pattie,,,oily|waxy|cooling,fatty|balsamic|cucumber|dry|earthy,rule-derived,,,
beef pot roast,,,oily|waxy|cooling,fatty|balsamic|cucumber|dry|earthy,rule-derived,,,
beef rib,,,oily|waxy|cooling,fatty|balsamic|cucumber|dry|earthy,rule-derived,,,
beef roast,,,oily|waxy|cooling,fatty|balsamic|cucumber|dry|earthy,rule-derived,,,
beef round,,,oily|waxy|cooling,fatty|balsamic|cucumber|dry|earthy,rule-derived,,,
beef round steak,,,oily|waxy|cooling,fatty|balsamic|cucumber|dry|earthy,rule-derived,,,
beef rump,,,oily|waxy|cooling,fatty|balsamic|cucumber|dry|earthy,rule-derived,,,
beef rump roast,,,oily|waxy|cooling,fatty|balsamic|cucumber|dry|earthy,rule-derived,,,
beef sausage,,sweet,,alcoholic|ethereal,rule-derived,,,
beef shank,,,oily|waxy|cooling,fatty|balsamic|cucumber|dry|earthy,rule-derived,,,
beef short rib,,,oily|waxy|cooling,fatty|balsamic|cucumber|dry|earthy,rule-derived,,,
beef shoulder,,,oily|waxy|cooling,fatty|balsamic|cucumber|dry|earthy,rule-derived,,,
beef sirloin,,,oily|waxy|cooling,fatty|balsamic|cucumber|dry|earthy,rule-derived,,,
beef sirloin steak,,,oily|waxy|cooling,fatty|balsamic|cucumber|dry|earthy,rule-derived,,,
beef sirloin tip roast,,,oily|waxy|cooling,fatty|balsamic|cucumber|dry|earthy,rule-derived,,,
beef skirt,,,oily|waxy|cooling,fatty|balsamic|cucumber|dry|earthy,rule-derived,,,
beef skirt steak,,,oily|waxy|cooling,fatty|balsamic|cucumber|dry|earthy,rule-derived,,,
beef soup bone,,sweet,,alcoholic|ethereal,rule-derived,,,
beef steak,,,oily|waxy|cooling,fatty|balsamic|cucumber|dry|earthy,rule-derived,,,
beef stew,,bitter|sweet,,alcoholic|ethereal,rule-derived,,,
beef stew meat,,bitter|sweet,,alcoholic|ethereal,rule-derived,,,
beef stew seasoning,,bitter|sweet,,alcoholic|ethereal,rule-derived,,,
beef stock,,,oily|waxy|cooling,fatty|balsamic|cucumber|dry|earthy,rule-derived,,,
beef strip,,,oily|waxy|cooling,fatty|balsamic|cucumber|dry|earthy,rule-derived,,,
beef suet,,,oily|waxy|cooling,fatty|balsamic|cucumber|dry|earthy,rule-derived,,,
beef tenderloin,,,oily|waxy|cooling,fatty|balsamic|cucumber|dry|earthy,rule-derived,,,
beef tip,,,oily|waxy|cooling,fatty|balsamic|cucumber|dry|earthy,rule-derived,,,
beef top sirloin,,,oily|waxy|cooling,fatty|balsamic|cucumber|dry|earthy,rule-derived,,,
beef tri,,,oily|waxy|cooling,fatty|balsamic|cucumber|dry|earthy,rule-derived,,,
beefeater,,,oily|waxy|cooling,fatty|balsamic|cucumber|dry|earthy,rule-derived,,,
beefsteak tomato,,sweet,,apple peel|apricot|banana|cocoa|coffee,rule-derived,,,
beefsteak tomatoe,,sweet,,apple peel|apricot|banana|cocoa|coffee,rule-derived,,,
beer,fermented,bitter|sweet,fizzy,hoppy|malty|grainy|estery|carbonated,manual-top-500;tgsc,sausage|cheese|bread|peanut|fish|mustard|ham,cut-fat|cut-fat|texture-contrast|cut-fat|cleanse-palate|shared-volatile|cut-fat,Beer's bitter character comes from hop alpha acids (especially humulone derivatives) isomerized during brewing — these compounds drive the bitter cut-fat principle against fatty foods. Malted barley contributes Maillard pyrazines (similar to bread crust) and dextrins for mouthfeel. The beer + sausage / cheese tradition is built on cut-fat across multiple axes.
beet juice,,sour,,,category-heuristic,,,
beetroot,,sweet,cooling,cananga|cocoa|coffee|floral|green,rule-derived,,,
bella mushroom,,sweet,,apple peel|caramellic|cocoa|coffee|green,rule-derived,,,
benedictine,,sweet|bitter,,,category-heuristic,,,
berbere,,spicy,,,category-heuristic,,,
bergamot,fruity,sour,,citrus|bergamot|floral|tea|fresh,curated-2026;tgsc;chem-lit,orange|lemon|gin|cane sugar,linalyl acetate gives the Earl-Grey floral-citrus note,"dominant=linalyl acetate, limonene, linalool; CIDs: limonene=22311, linalool=6549, linalyl acetate=8294"
bermuda onion,,sweet,cooling|creamy|oily,bean|cananga|caramel|fatty|floral,rule-derived,,,
berry,,,cooling|oily,bread|cananga|cocoa|coconut|coffee,rule-derived,,,
bibb lettuce,,sweet,,alcoholic|ethereal,rule-derived,,,
bibb lettuce leave,,sweet,,alcoholic|ethereal,rule-derived,,,
bicarbonate of soda,,sour,,,category-heuristic,,,
bilberry,fruity,sweet|sour,,,category-heuristic,,,
bilberry wine,,sour,,,category-heuristic,,,
biscuit,woody,sweet,,,category-heuristic,,,
biscuit baking,,sweet,cooling,alcoholic|camphor|deep|ethereal|menthol,rule-derived,,,
biscuit baking mix,,sweet,cooling,alcoholic|camphor|deep|ethereal|menthol,rule-derived,,,
biscuit crumb,,sweet,cooling,alcoholic|camphor|deep|ethereal|menthol,rule-derived,,,
biscuit/baking,,sweet,cooling,alcoholic|camphor|deep|ethereal|menthol,rule-derived,,,
biscuit/baking mix,,sweet,cooling,alcoholic|camphor|deep|ethereal|menthol,rule-derived,,,
bison,,pungent,,,category-heuristic,,,
bisquick baking,,pungent,,,category-heuristic,,,
bisquick baking mix,,pungent,,,category-heuristic,,,
bisquick original baking mix,,pungent,,,category-heuristic,,,
bitter,,bitter|sweet,cooling,alcoholic|camphor|deep|ethereal|menthol,rule-derived,,,
bitter chocolate,,sweet,,alcoholic|ethereal,rule-derived,,,
bittergourd,,pungent,,,category-heuristic,,,
bittersweet,,pungent,,,category-heuristic,,,
bittersweet chocolate chip,,sweet,,alcoholic|ethereal,rule-derived,,,
black bean,earthy,sweet|umami,tender,starchy|nutty|brothy|mild|legume-rich,manual-top-500;tgsc,rice|cumin|chili|lime|cilantro|garlic|onion,tradition|shared-volatile|shared-volatile|sweet-acid|shared-volatile|shared-volatile|shared-volatile,Black beans develop characteristic 2-pentylfuran + pyrazines when cooked — similar grain/legume chemistry to chickpea + pinto bean but with anthocyanin-derived pigments (and trace astringency). Black beans + rice + cumin is foundational Latin American cuisine built on shared earthy-roasted compounds.
black bean garlic sauce,,sweet,,alcoholic|cabbage|ethereal|onion|sulfur,rule-derived,,,
black bean sauce,,bitter|sweet,,alcoholic|ethereal,rule-derived,,,
black cardamom,,sweet,waxy|cooling,alkane|burnt|camphor|coconut|floral,rule-derived,,,
black cardamom pod,,sweet,waxy|cooling,alkane|burnt|camphor|coconut|floral,rule-derived,,,
black cherry,,sweet,cooling,cananga|cocoa|coffee|floral|green,rule-derived,,,
black cherry gelatin,,sweet,,alcoholic|ethereal|mild,rule-derived,,,
black cherry jello,,sweet,cooling,cananga|cocoa|coffee|floral|green,rule-derived,,,
black cod,,pungent,,,category-heuristic,,,
black cumin,woody,bitter|sweet,,alcoholic|ethereal|floral|lilac,rule-derived,,,
black grape,,sweet,cooling,alcoholic|camphor|deep|ethereal|menthol,rule-derived,,,
black huckleberry,fruity,sweet|sour,,,category-heuristic,,,
black licorice,,sweet,,alcoholic|berry|bready|ethereal|fermented,rule-derived,,,
black mushroom,,sweet,,apple peel|caramellic|cocoa|coffee|green,rule-derived,,,
black mustard seed,,sweet,,alcoholic|ethereal,rule-derived,,,
black olive,,sweet,,alcoholic|ethereal|fruit|grape|pineapple,rule-derived,,,
black olive tapenade,,sweet,,alcoholic|ethereal|fruit|grape|pineapple,rule-derived,,,
black pepper,spicy,pungent,warming|pungent,woody|terpenic|biting|herbal|sharp,manual-top-500;tgsc,beef|salt|butter|strawberry|tomato|cheese|pasta,maillard-bridge|sweet-acid|cut-fat|shared-volatile|umami-bridge|umami-bridge|tradition,"Piperine drives the heat through TRPV1 receptors (same receptor as capsaicin, different molecule, less intense). Beta-caryophyllene is present in both pepper and strawberry — a minor bridge that's chemistry-real but secondary to strawberry's dominant ester profile (furaneol, methyl butyrate); the sweet-acid balance is the larger reason that pairing works. The cacio e pepe tradition is umami-bridge through cheese glutamate plus pepper's terpenes.; CIDs: furaneol=19309, glutamate=33032, piperine=638024"
black peppercorn,,sweet,waxy,alcoholic|alkane|ethereal|gasoline,rule-derived,,,
black pitted olive,,sweet,,alcoholic|ethereal|fruit|grape|pineapple,rule-derived,,,
black plum,,,,,rule-derived,,,
black pudding,,bitter|sweet,,alcoholic|ethereal,rule-derived,,,
black raisin,,,,,rule-derived,,,
black raspberry,,sweet,cooling|pungent|waxy,ethereal|pungent|brown|camphor|chocolate,rule-derived,,,
black raspberry jello,,sweet,cooling|pungent|waxy,ethereal|pungent|brown|camphor|chocolate,rule-derived,,,
black rice,,sweet,,alcoholic|berry|bready|ethereal|fermented,rule-derived,,,
black salsify,,pungent,,,category-heuristic,,,
black salt,,sweet,,alcoholic|ethereal,rule-derived,,,
black sambuca,,sweet|bitter,,,category-heuristic,,,
black sesame,,sweet,,alcoholic|berry|bready|ethereal|fermented,rule-derived,,,
black sesame seed,,sweet,,alcoholic|berry|bready|ethereal|fermented,rule-derived,,,
black soy sauce,,sweet,,alcoholic|ethereal,rule-derived,,,
black tea,woody,bitter|astringent,,tannic|malty|woody|bitter|floral,curated-2026;tgsc;chem-lit,lemon juice|cane sugar|bergamot|simple syrup,"thearubigin tannin-malt; the bergamot, lemon and milk partner","dominant=thearubigins, theaflavins, tannins"
black treacle,,sweet,,,category-heuristic,,,
black vinegar,,bitter|sweet,,alcoholic|ethereal|mild,rule-derived,,,
black walnut,,bitter|sweet,,alcoholic|berry|bready|ethereal|fermented,rule-derived,,,
black walnut flavoring,,bitter|sweet,,alcoholic|berry|bready|ethereal|fermented,rule-derived,,,
black-eyed pea,,bitter|sweet,cooling,alcoholic|camphor|deep|ethereal|menthol,rule-derived,,,
blackberry,fruity,sweet|sour,,fruity|blackberry|jammy|deep|floral,curated-2026;tgsc;chem-lit,cane sugar|bourbon|brandy|whipped cream,deep ionone-jam profile; pairs with aged spirits,"dominant=2-heptanone, ionones, furaneol; CIDs: furaneol=19309"
blackberry jam,,,,ethereal|anise|apple|banana|chocolate,rule-derived,,,
blackberry jello,,,,ethereal|anise|apple|banana|chocolate,rule-derived,,,
blackberry preserve,,,,ethereal|anise|apple|banana|chocolate,rule-derived,,,
blackberry wine,,,,ethereal|anise|apple|banana|chocolate,rule-derived,,,
blackcurrant jam,,sweet,,,category-heuristic,,,
blanched almond,,sweet,oily|waxy,alcoholic|ethereal|fat|orange|rose,rule-derived,,,
blanched almond flour,,sweet,oily|waxy,alcoholic|ethereal|fat|orange|rose,rule-derived,,,
blanched hazelnut,,sweet,cooling,alcoholic|camphor|deep|ethereal|menthol,rule-derived,,,
blanched slivered almond,,sweet,oily|waxy,alcoholic|ethereal|fat|orange|rose,rule-derived,,,
blend cheese,,sweet,cooling,alcoholic|ethereal|mint|terpentine,rule-derived,,,
blended oatmeal,,pungent,,,category-heuristic,,,
bleu cheese,,sweet,cooling,alcoholic|ethereal|mint|terpentine,rule-derived,,,
bleu cheese salad dressing,,sweet,,alcoholic|ethereal,rule-derived,,,
block cheese,,sweet,cooling,alcoholic|ethereal|mint|terpentine,rule-derived,,,
blood orange juice,,sweet,pungent,pungent|vinegar|cream|ether|flower,rule-derived,,,
blue cheese,fatty,umami|bitter,creamy,pungent|funky|salty|moldy|sharp,curated-2026;tgsc;chem-lit,walnut|fig|pear|steak sauce,"methyl-ketone mold funk; the fig, pear, nut and steak partner","dominant=2-heptanone, methyl ketones"
blue cheese crumble,,sweet,cooling,alcoholic|ethereal|mint|terpentine,rule-derived,,,
blue cheese dressing,,sweet,cooling,alcoholic|ethereal|mint|terpentine,rule-derived,,,
blue cheese salad dressing,,sweet,,alcoholic|ethereal,rule-derived,,,
blue curacao,,sweet|bitter,,,category-heuristic,,,
blueberrie,fruity,sweet|sour,,,category-heuristic,,,
blueberry,fruity,sweet,,fruity|blueberry|sweet|jammy|floral,curated-2026;tgsc;chem-lit,cane sugar|lemon juice|cinnamon|whipped cream,linalool-leaning berry; lemon and cinnamon lift it,"dominant=(E)-2-hexenal, linalool, esters; CIDs: (e)-2-hexenal=5281168, linalool=6549"
blueberry jam,,sweet,cooling|creamy|powdery,bean|camphor|cananga|ether|floral,rule-derived,,,
blueberry juice,,sweet,cooling|creamy|powdery,bean|camphor|cananga|ether|floral,rule-derived,,,
blueberry pie filling,,bitter|sweet,,alcoholic|ethereal,rule-derived,,,
blueberry pie mix,,sweet,cooling|creamy|powdery,bean|camphor|cananga|ether|floral,rule-derived,,,
blueberry preserve,,sweet,cooling|creamy|powdery,bean|camphor|cananga|ether|floral,rule-derived,,,
blueberry sauce,,sweet,cooling|creamy|powdery,bean|camphor|cananga|ether|floral,rule-derived,,,
blueberry yogurt,,sweet,cooling|creamy|powdery,bean|camphor|cananga|ether|floral,rule-derived,,,
bluefish,,sweet,,alcoholic|ethereal,rule-derived,,,
bluefish fillet,,sweet,,alcoholic|ethereal,rule-derived,,,
bob evans sausage,,sweet,,alcoholic|ethereal,rule-derived,,,
boil,,pungent,,,category-heuristic,,,
boiling,,pungent,,,category-heuristic,,,
boiling chicken,,umami|sweet,,,rule-derived,,,
boiling milk,,,,apricot|balsamic|butter|cocoa|coconut,rule-derived,,,
boiling onion,,sweet,cooling|creamy|oily,bean|cananga|caramel|fatty|floral,rule-derived,,,
boiling potato,,sweet,,alcoholic|ethereal,rule-derived,,,
boiling potatoe,,sweet,,alcoholic|ethereal,rule-derived,,,
boiling salted water,,sweet,,alcoholic|ethereal,rule-derived,,,
boiling water,,sweet,,alcoholic|ethereal,rule-derived,,,
bolognese sauce,,bitter|sweet,,alcoholic|ethereal,rule-derived,,,
boned chicken,,umami|sweet,,,rule-derived,,,
boneless beef,,,oily|waxy|cooling,fatty|balsamic|cucumber|dry|earthy,rule-derived,,,
boneless beef chuck,,,oily|waxy|cooling,fatty|balsamic|cucumber|dry|earthy,rule-derived,,,
boneless beef chuck roast,,,oily|waxy|cooling,fatty|balsamic|cucumber|dry|earthy,rule-derived,,,
boneless beef round steak,,,oily|waxy|cooling,fatty|balsamic|cucumber|dry|earthy,rule-derived,,,
boneless beef rump roast,,,oily|waxy|cooling,fatty|balsamic|cucumber|dry|earthy,rule-derived,,,
boneless beef short rib,,,oily|waxy|cooling,fatty|balsamic|cucumber|dry|earthy,rule-derived,,,
boneless beef sirloin,,,oily|waxy|cooling,fatty|balsamic|cucumber|dry|earthy,rule-derived,,,
boneless beef sirloin steak,,,oily|waxy|cooling,fatty|balsamic|cucumber|dry|earthy,rule-derived,,,
boneless lamb,,,oily|creamy|waxy,fatty|cinnamon|creamy|fruity|hazelnut,rule-derived,,,
boneless pork,,,,roast|sulfurous|vegetable|burnt|caramellic,rule-derived,,,
boneless pork chop,,,,roast|sulfurous|vegetable|burnt|caramellic,rule-derived,,,
boneless pork loin,,,,roast|sulfurous|vegetable|burnt|caramellic,rule-derived,,,
boneless skinless chicken breast,,umami|sweet,,,rule-derived,,,
bonito,woody,umami,,smoky|umami|fish|savory|fermented,curated-2026;tgsc;chem-lit,soy sauce|mirin|kombu|firm tofu,inosinate that synergizes with kombu glutamate; the dashi partner,"dominant=inosinate (IMP), smoke phenols; CIDs: inosinate=8582"
bonito flakes,,umami,,,category-heuristic,,,
borage,,pungent,,,category-heuristic,,,
borlotti bean,,bitter|sweet,cooling|waxy|oily,alcoholic|camphor|coconut|deep|ethereal,rule-derived,,,
bosc pear,,sweet,,alcoholic|ethereal|grass|leafy|sweaty,rule-derived,,,
boston lettuce,,sweet,,alcoholic|ethereal,rule-derived,,,
boston lettuce leave,,sweet,,alcoholic|ethereal,rule-derived,,,
botrytized wine,,sour,,,category-heuristic,,,
bottle ketchup,,sweet,,alcoholic|ethereal,rule-derived,,,
bottled ginger,,sweet,waxy,alcoholic|alkane|ethereal|gasoline,rule-derived,,,
bottled smoke,,pungent,,,category-heuristic,,,
bottlegourd,,pungent,,,category-heuristic,,,
bottles beer,,sweet,creamy,alcoholic|creamy|ethereal|fruit|fruity,rule-derived,,,
bottles ginger ale,,sweet,waxy,alcoholic|alkane|ethereal|gasoline,rule-derived,,,
bottles ketchup,,sweet,,alcoholic|ethereal,rule-derived,,,
bouillon powder,,pungent,,,category-heuristic,,,
bourbon,,,creamy|oily|powdery,wine|apple|apricot|balsamic|banana,rule-derived,,,
boursin cheese,,sweet,cooling,alcoholic|ethereal|mint|terpentine,rule-derived,,,
bowtie pasta,,sweet,cooling,alcoholic|camphor|deep|ethereal|menthol,rule-derived,,,
box wheat chex,,sweet,,alcoholic|bland|ethereal,rule-derived,,,
boysenberry,fruity,sweet|sour,,,category-heuristic,,,
braeburn apple,,sweet,,alcoholic|apple|banana|ethereal|fruit,rule-derived,,,
bramley apple,,sweet,,alcoholic|apple|banana|ethereal|fruit,rule-derived,,,
brandy,,sweet,oily|waxy,waxy|fatty|brandy|bread|coconut,rule-derived,,,
brandy flavoring,,sweet,oily|waxy,waxy|fatty|brandy|bread|coconut,rule-derived,,,
brazil nut,,sweet,cooling,alcoholic|camphor|deep|ethereal|menthol,rule-derived,,,
bread,nutty,sweet,chewy,bready|maillard|pyrazinic|yeasty|crusty,manual-top-500;tgsc;mcgee,butter|cheese|tomato|olive oil|peanut butter|ham|mustard,cut-fat|umami-bridge|umami-bridge|cut-fat|texture-contrast|cut-fat|shared-volatile,"Bread crust contains the full Maillard cascade — 2-acetyl-1-pyrroline (the popcorn-rice note), furaneol, and dozens of pyrazines. The crumb is more about texture and absorbed flavor than aroma. Bread + cheese + tomato (Italian/French sandwich tradition) is umami-bridge through bread's mild glutamate + cheese + tomato amplification.; CIDs: 2-acetyl-1-pyrroline=522834, furaneol=19309, glutamate=33032"
bread baguette,,sweet,waxy|cooling,floral|waxy|cananga|citrus|ether,rule-derived,,,
bread crumb,,sweet,waxy|cooling,floral|waxy|cananga|citrus|ether,rule-derived,,,
bread crumbs soft,,sweet,waxy|cooling,floral|waxy|cananga|citrus|ether,rule-derived,,,
bread crust,,sweet,waxy|cooling,floral|waxy|cananga|citrus|ether,rule-derived,,,
bread cube,,sweet,waxy|cooling,floral|waxy|cananga|citrus|ether,rule-derived,,,
bread dough,,sweet,waxy|cooling,floral|waxy|cananga|citrus|ether,rule-derived,,,
bread machine,,sweet,waxy|cooling,floral|waxy|cananga|citrus|ether,rule-derived,,,
bread machine yeast,,sweet,waxy|cooling,floral|waxy|cananga|citrus|ether,rule-derived,,,
bread mix,,sweet,waxy|cooling,floral|waxy|cananga|citrus|ether,rule-derived,,,
bread pudding,,bitter|sweet,,alcoholic|ethereal,rule-derived,,,
bread roll,,sweet,waxy|cooling,floral|waxy|cananga|citrus|ether,rule-derived,,,
bread stuffing,,bitter|sweet,,alcoholic|ethereal,rule-derived,,,
bread stuffing mix,,bitter|sweet,,alcoholic|ethereal,rule-derived,,,
breadfruit,woody,sweet,,,category-heuristic,,,
breading,,sweet,waxy|cooling,floral|waxy|cananga|citrus|ether,rule-derived,,,
breadnut tree seed,woody,sweet,,,category-heuristic,,,
breadstick,,sweet,waxy|cooling,floral|waxy|cananga|citrus|ether,rule-derived,,,
breakfast cereal,woody,sweet,,,category-heuristic,,,
brick cheese,,sweet,cooling,alcoholic|ethereal|mint|terpentine,rule-derived,,,
brie,creamy,salty,smooth,mushroomy|buttery|earthy|cultured|ammoniacal,manual-top-500;tgsc;mcgee,apple|walnut|honey|bread|crackers|granny smith apple|butter,cut-fat|cut-fat|sweet-acid|texture-contrast|texture-contrast|cut-fat|cut-fat,Brie's surface ripening by Penicillium camemberti develops mushroom-like 1-octen-3-ol + ammonia notes as the rind matures. The classic apple-walnut-brie cheese plate is built on cut-fat (apple acid + walnut tannin against cheese fat) plus shared brown-roasted compounds across the three.; CIDs: 1-octen-3-ol=18827
brie cheese,,sweet,cooling,alcoholic|ethereal|mint|terpentine,rule-derived,,,
brine,,pungent,,,category-heuristic,,,
brisket of beef,,,oily|waxy|cooling,fatty|balsamic|cucumber|dry|earthy,rule-derived,,,
broad bean,,bitter|sweet,cooling,alcoholic|camphor|deep|ethereal|menthol,rule-derived,,,
broad noodle,woody,sweet,,,category-heuristic,,,
broccoli,green,umami,,green|broccoli|sulfurous|earthy|vegetal,curated-2026;tgsc;chem-lit,broccoli floret|cheddar cheese soup|garlic|dark sesame oil,glucosinolate sulfur-green; cheese and sesame partner,"dominant=glucosinolates, dimethyl trisulfide"
broccoli carrots cauliflower,,sweet,cooling,alcoholic|camphor|deep|ethereal|menthol,rule-derived,,,
broccoli cheese soup,,bitter|sweet,,alcoholic|apple|banana|ethereal|fruit,rule-derived,,,
broccoli coleslaw,,bitter|sweet,,alcoholic|apple|banana|ethereal|fruit,rule-derived,,,
broccoli crown,,bitter|sweet,,alcoholic|apple|banana|ethereal|fruit,rule-derived,,,
broccoli cut,,bitter|sweet,,alcoholic|apple|banana|ethereal|fruit,rule-derived,,,
broccoli floret,,bitter|sweet,,alcoholic|apple|banana|ethereal|fruit,rule-derived,,,
broccoli floweret,,bitter|sweet,,alcoholic|apple|banana|ethereal|fruit,rule-derived,,,
broccoli flowerette,,bitter|sweet,,alcoholic|apple|banana|ethereal|fruit,rule-derived,,,
broccoli rabe,,bitter|sweet,,alcoholic|apple|banana|ethereal|fruit,rule-derived,,,
broccoli slaw,,bitter|sweet,,alcoholic|apple|banana|ethereal|fruit,rule-derived,,,
broccoli slaw mix,,bitter|sweet,,alcoholic|apple|banana|ethereal|fruit,rule-derived,,,
broccoli spear,,bitter|sweet,,alcoholic|apple|banana|ethereal|fruit,rule-derived,,,
broccoli stem,,bitter|sweet,,alcoholic|apple|banana|ethereal|fruit,rule-derived,,,
broccoli top,,bitter|sweet,,alcoholic|apple|banana|ethereal|fruit,rule-derived,,,
broccolini,,bitter|sweet,,alcoholic|apple|banana|ethereal|fruit,rule-derived,,,
broil,,pungent,,,category-heuristic,,,
broiler-fryer,,pungent,,,category-heuristic,,,
broiler-fryer chicken,,umami|sweet,,,rule-derived,,,
broken nut meat,,,,acidic|berry|bread|bready|cocoa,rule-derived,,,
broth,,sour,,,category-heuristic,,,
broth from chicken,,umami|sweet,,,rule-derived,,,
brown basmati rice,,sweet,,alcoholic|berry|bready|ethereal|fermented,rule-derived,,,
brown bean,,bitter|sweet,cooling|waxy|oily,alcoholic|camphor|coconut|deep|ethereal,rule-derived,,,
brown bean sauce,,bitter|sweet,,alcoholic|ethereal,rule-derived,,,
brown bread,,sweet,waxy|cooling,floral|waxy|cananga|citrus|ether,rule-derived,,,
brown butter,fatty,umami|sweet,,nutty|caramel|butter|toasted|hazelnut,curated-2026;tgsc;chem-lit,sage|sweet butter|pasta sauce|almond,Maillard pyrazine + lactone over butter; the sage and nut partner,"dominant=Maillard pyrazines, lactones, diacetyl"
brown button mushroom,,sweet,,apple peel|caramellic|cocoa|coffee|green,rule-derived,,,
brown chicken,,umami|sweet,,,rule-derived,,,
brown egg,,pungent,,,category-heuristic,,,
brown mushroom,,sweet,,apple peel|caramellic|cocoa|coffee|green,rule-derived,,,
brown mustard,,sweet,,alcoholic|ethereal,rule-derived,,,
brown mustard seed,,sweet,,alcoholic|ethereal,rule-derived,,,
brown onion,,sweet,cooling|creamy|oily,bean|cananga|caramel|fatty|floral,rule-derived,,,
brown potatoe,,sweet,,alcoholic|ethereal,rule-derived,,,
brown rice,,sweet,,alcoholic|berry|bready|ethereal|fermented,rule-derived,,,
brown rice flour,,sweet,,,rule-derived,,,
brown rice syrup,,bitter|sweet,,alcoholic|ethereal,rule-derived,,,
brown rice vinegar,,bitter|sweet,,alcoholic|ethereal|mild,rule-derived,,,
brown sauce,,bitter|sweet,,alcoholic|ethereal,rule-derived,,,
brown stock,,sour,,,category-heuristic,,,
brown sugar,caramel,sweet,moist,caramellic|molasses|warm|amber|mineral,manual-top-500;tgsc,cinnamon|apple|butter|pecan|sweet potato|banana|coffee,shared-volatile|sweet-acid|cut-fat|shared-volatile|shared-volatile|sweet-acid|shared-volatile,Brown sugar's molasses content (5-10% by weight) contributes caramellic furanones + minerals + slight sourness from acetic and lactic acids. The brown-sugar-cinnamon-apple pairing trinity is built almost entirely on shared furanone + cinnamaldehyde chemistry. Dark brown sugar has more molasses than light brown sugar — chemistry scales with color.; CIDs: cinnamaldehyde=637511
brown sugar substitute,,bitter|sweet,,alcoholic|ethereal,rule-derived,,,
brown vinegar,,bitter|sweet,,alcoholic|ethereal|mild,rule-derived,,,
browning sauce,,bitter|sweet,,alcoholic|ethereal,rule-derived,,,
brunoise red pepper,,sweet,waxy,alcoholic|alkane|ethereal|gasoline,rule-derived,,,
brussels sprout,green,astringent|sweet,,,category-heuristic,,,
bryndza cheese,fatty,sweet|sour,,,category-heuristic,,,
bucatini pasta,,sweet,cooling,alcoholic|camphor|deep|ethereal|menthol,rule-derived,,,
buchu,,pungent,,,category-heuristic,,,
buckwheat,,,cooling|oily,herbal|bland|camphor|caramellic|earthy,rule-derived,,,
buckwheat flour,,,cooling|oily,herbal|bland|camphor|caramellic|earthy,rule-derived,,,
buckwheat groat,,,cooling|oily,herbal|bland|camphor|caramellic|earthy,rule-derived,,,
buckwheat noodle,,,cooling|oily,herbal|bland|camphor|caramellic|earthy,rule-derived,,,
buds garlic,,sweet,,alcoholic|cabbage|ethereal|onion|sulfur,rule-derived,,,
buffalo mozzarella,,umami,,,rule-derived,,,
buffalo sauce,,umami,,,rule-derived,,,
buffalo wing sauce,,umami,,,rule-derived,,,
bulgar wheat,,sweet,,alcoholic|bland|ethereal,rule-derived,,,
bulgur,,bitter|sweet,,alcoholic|ethereal,rule-derived,,,
bulgur wheat,,bitter|sweet,,alcoholic|ethereal,rule-derived,,,
bulk pork sausage,,sweet,,alcoholic|ethereal,rule-derived,,,
bulk sausage,,sweet,,alcoholic|ethereal,rule-derived,,,
burbot,,pungent,,,category-heuristic,,,
burdock,,pungent,,,category-heuristic,,,
burdock root,,bitter|sweet,oily,alcoholic|citrus|ethereal|fat|herbal,rule-derived,,,
burgundy wine,,,cooling|oily,banana|herbal|apple|apple peel|apricot,rule-derived,,,
burrata cheese,,sweet,cooling,alcoholic|ethereal|mint|terpentine,rule-derived,,,
butter,fatty,sweet,smooth,buttery|creamy|dairy|sweet|lactic,curated-2026;tgsc;chem-lit,sweet butter|wheat flour|cane sugar|vanilla,diacetyl + lactone; the universal richness and flavor carrier,"dominant=diacetyl, butyric acid, lactones"
butter bean,,sweet,,alcoholic|ethereal,rule-derived,,,
butter cake,,sweet,,alcoholic|ethereal,rule-derived,,,
butter cake mix,,sweet,,alcoholic|ethereal,rule-derived,,,
butter chip,,sweet,,alcoholic|ethereal,rule-derived,,,
butter cookie,,sweet,,alcoholic|ethereal,rule-derived,,,
butter cracker,,sweet,,alcoholic|ethereal,rule-derived,,,
butter flavor,,sweet,,alcoholic|ethereal,rule-derived,,,
butter lettuce,,sweet,,alcoholic|ethereal,rule-derived,,,
butter sauce,,sweet,,alcoholic|ethereal,rule-derived,,,
butter substitute,,bitter|sweet,,alcoholic|balsam|ethereal|oriental,rule-derived,,,
buttercream,,sweet,,alcoholic|ethereal,rule-derived,,,
buttercream frosting,,sweet,,alcoholic|ethereal,rule-derived,,,
buttered bread,,sweet,,alcoholic|ethereal,rule-derived,,,
buttered bread crumb,,sweet,,alcoholic|ethereal,rule-derived,,,
buttered cracker crumb,,sweet,,alcoholic|ethereal,rule-derived,,,
buttered crumb,,sweet,,alcoholic|ethereal,rule-derived,,,
buttered noodle,,sweet,,alcoholic|ethereal,rule-derived,,,
buttered toast,,sweet,,alcoholic|ethereal,rule-derived,,,
butterfinger,,sweet,,alcoholic|ethereal,rule-derived,,,
buttermilk,,sweet,,alcoholic|ethereal,rule-derived,,,
buttermilk baking,,sweet,,alcoholic|ethereal,rule-derived,,,
buttermilk baking mix,,sweet,,alcoholic|ethereal,rule-derived,,,
buttermilk biscuit,,sweet,,alcoholic|ethereal,rule-derived,,,
buttermilk biscuit mix,,sweet,,alcoholic|ethereal,rule-derived,,,
buttermilk dressing,,sweet,,alcoholic|ethereal,rule-derived,,,
buttermilk pancake mix,,sweet,,alcoholic|ethereal,rule-derived,,,
buttermilk powder,,sweet,,alcoholic|ethereal,rule-derived,,,
buttermilk salad dressing,,sweet,,alcoholic|ethereal,rule-derived,,,
butternut,,sweet,cooling|waxy|oily,alcoholic|brown|camphor|coconut|deep,rule-derived,,,
butternut flavoring,,sweet,cooling|waxy|oily,alcoholic|brown|camphor|coconut|deep,rule-derived,,,
butternut pumpkin,,sweet,cooling|waxy|oily,alcoholic|brown|camphor|coconut|deep,rule-derived,,,
butternut squash,,bitter|sweet,cooling,alcoholic|camphor|deep|ethereal|menthol,rule-derived,,,
butterscotch,,sweet,,alcoholic|ethereal,rule-derived,,,
butterscotch bit,,sweet,,alcoholic|ethereal,rule-derived,,,
butterscotch chip,,sweet,,alcoholic|ethereal,rule-derived,,,
butterscotch ice cream topping,,sweet,,alcoholic|ethereal,rule-derived,,,
butterscotch instant pudding,,bitter|sweet,,alcoholic|ethereal,rule-derived,,,
butterscotch morsel,,sweet,,alcoholic|ethereal,rule-derived,,,
butterscotch pudding,,bitter|sweet,,alcoholic|ethereal,rule-derived,,,
butterscotch pudding mix,,bitter|sweet,,alcoholic|ethereal,rule-derived,,,
butterscotch sauce,,sweet,,alcoholic|ethereal,rule-derived,,,
butterscotch schnapp,,sweet,,alcoholic|ethereal,rule-derived,,,
butterscotch topping,,bitter|sweet,,alcoholic|ethereal,rule-derived,,,
buttery,,sweet,,alcoholic|ethereal,rule-derived,,,
buttery cracker,,sweet,,alcoholic|ethereal,rule-derived,,,
buttery cracker crumb,,sweet,,alcoholic|ethereal,rule-derived,,,
buttery round cracker,,sweet,,alcoholic|ethereal,rule-derived,,,
button mushroom,,sweet,,apple peel|caramellic|cocoa|coffee|green,rule-derived,,,
c.sugar,,sweet,,alcoholic|ethereal,rule-derived,,,
cabbage,green,sweet|pungent,crisp,sulfurous|brassicaceous|pungent|vegetative|fresh,manual-top-500;tgsc,bacon|caraway|apple|vinegar|pork|mustard|juniper,cut-fat|shared-volatile|sweet-acid|cut-fat|cut-fat|shared-volatile|tradition,"Allyl isothiocyanate (cabbage) shares glucosinolate chemistry with mustard, and the sulfurous funk pairs with cured meats. The German-Polish cabbage-pork-caraway tradition is built on all three principles.; CIDs: allyl isothiocyanate=5971"
cabbage slaw,,sour|sweet,pungent,ammonia|cabbage|citrus|ether|ethereal,rule-derived,,,
cabernet sauvignon wine,,,cooling|oily,banana|herbal|apple|apple peel|apricot,rule-derived,,,
cachaca,,bitter|pungent,,,category-heuristic,,,
caesar dressing,,,,,hub-fallback,,,
caesar salad dressing,,sweet,,alcoholic|ethereal,rule-derived,,,
cajun spice,,,,,hub-fallback,,,
cajun spice mix,,,,,hub-fallback,,,
cake,,bitter|sweet,,alcoholic|ethereal,rule-derived,,,
cake batter,,bitter|sweet,,alcoholic|ethereal,rule-derived,,,
cake crumb,,bitter|sweet,,alcoholic|ethereal,rule-derived,,,
cake flour,,sweet,,,rule-derived,,,
cake layer,,bitter|sweet,,alcoholic|ethereal,rule-derived,,,
cake mix,,bitter|sweet,,alcoholic|ethereal,rule-derived,,,
cake paraffin,,bitter|sweet,,alcoholic|ethereal,rule-derived,,,
cake yeast,,bitter|sweet,,alcoholic|ethereal,rule-derived,,,
cakes yeast,,bitter|sweet,,alcoholic|ethereal,rule-derived,,,
calamu,,pungent,,,category-heuristic,,,
california avocado,,sweet,,alcoholic|ethereal,rule-derived,,,
california walnut,,sweet,cooling,alcoholic|camphor|deep|ethereal|menthol,rule-derived,,,
camembert cheese,,sweet,cooling,alcoholic|ethereal|mint|terpentine,rule-derived,,,
campari,,bitter,,,category-heuristic,,,
campbell's cream,fatty,sweet|sour,,,category-heuristic,,,
camphor,,pungent,,,category-heuristic,,,
canada blueberry,fruity,sweet|sour,,,category-heuristic,,,
canadian bacon,,pungent,,,category-heuristic,,,
canadian whisky,,pungent,,,category-heuristic,,,
candied cherry,,sweet,cooling,cananga|cocoa|coffee|floral|green,rule-derived,,,
candied ginger,,sweet,waxy,alcoholic|alkane|ethereal|gasoline,rule-derived,,,
candied lemon peel,,sweet,cooling,alcoholic|citrus|ethereal|fresh|grapefruit peel,rule-derived,,,
candied mixed fruit,,,,,hub-fallback,,,
candied orange,,sweet,pungent,pungent|vinegar|cream|ether|flower,rule-derived,,,
candied orange peel,,sweet,pungent,pungent|vinegar|cream|ether|flower,rule-derived,,,
candied pineapple,,bitter|sweet,,alcoholic|apple|ethereal|fruit|pineapple,rule-derived,,,
candied walnut,,sweet,cooling,alcoholic|camphor|deep|ethereal|menthol,rule-derived,,,
candlenut,,pungent,,,category-heuristic,,,
candlenuts,woody,bitter,,,category-heuristic,,,
candy bar,,sweet,,,category-heuristic,,,
candy-coated chocolate,,sweet,,alcoholic|ethereal,rule-derived,,,
cane juice,,sour,,,category-heuristic,,,
cane sugar,,sweet,,alcoholic|ethereal,rule-derived,,,
cane syrup,,bitter|sweet,,alcoholic|ethereal,rule-derived,,,
cannelini bean,,bitter|sweet,cooling|waxy|oily,alcoholic|camphor|coconut|deep|ethereal,rule-derived,,,
cannellini bean,,,,,rule-derived,,,
canning salt,,sweet,,alcoholic|ethereal,rule-derived,,,
canola mayonnaise,,bitter|sweet,cooling|waxy|oily,alcoholic|camphor|coconut|deep|ethereal,rule-derived,,,
canola oil cooking spray,,,,,rule-derived,,,
canola oil spray,,,,,rule-derived,,,
caper,green,sour,,briny|tangy|floral|green|pungent,curated-2026;tgsc;chem-lit,lemon juice|extra-virgin olive oil|flat-leaf parsley|white fish,isothiocyanate-brine; the piccata and tapenade partner,"dominant=rutin, methyl isothiocyanate"
caperberrie,green,sour|bitter,,,category-heuristic,,,
capers,fermented,salty|sour,tender,tangy|briny|sharp|herbaceous|pickled,manual-top-500;tgsc,anchovy|olive oil|lemon|parsley|salmon|pasta|tomato,umami-bridge|cut-fat|cleanse-palate|shared-volatile|cleanse-palate|sweet-acid|sweet-acid,"Capers' distinctive character comes from glucosinolate breakdown (similar to mustard/horseradish chemistry but milder) combined with brine fermentation. The classic salmon-caper-lemon-dill combo works through multiple principles: cleanse-palate from acid, shared C9 aldehydes (caper greens + salmon), and umami amplification."
caramel,woody,sweet|bitter,,caramel|sweet|buttery|toffee|burnt,curated-2026;tgsc;chem-lit,caramel sauce|cane sugar|sweet butter|coffee,"maltol-furaneol cooked sugar; the butter, coffee and apple partner","dominant=maltol, furaneol, diacetyl; CIDs: furaneol=19309, maltol=8369"
caramel coloring,,sweet,,,category-heuristic,,,
caramel ice cream,,sweet,,alcoholic|ethereal,rule-derived,,,
caramel ice cream topping,,sweet,,alcoholic|ethereal,rule-derived,,,
caramel sauce,,bitter|sweet,,alcoholic|ethereal,rule-derived,,,
caramel sundae syrup,,bitter|sweet,,alcoholic|ethereal,rule-derived,,,
caramel syrup,,bitter|sweet,,alcoholic|ethereal,rule-derived,,,
caramelized onion,,sweet,cooling|creamy|oily,bean|cananga|caramel|fatty|floral,rule-derived,,,
caramelized sugar sauce,,sweet,,,category-heuristic,,,
caraway,spicy,bitter,warming,carvone|woody|seedy|anisic|aromatic,manual-top-500;tgsc,cabbage|pork|apple|dill|cheese|bread|hot paprika,shared-volatile|tradition|shared-volatile|shared-volatile|sweet-acid|tradition|tradition,"S-carvone in caraway is the mirror image of R-carvone in spearmint — same molecular formula, different smell because olfactory receptors are themselves chiral. Caraway-cabbage in German cuisine (sauerkraut) and caraway-pork (roast pork crust) work through complementary chemistry: caraway's terpenes cut heavy fat while bridging to cabbage's sulfur compounds.; CIDs: carvone=7439"
caraway seed,,bitter|sweet,,alcoholic|cherry|ethereal,rule-derived,,,
carbonated water,,sweet,,alcoholic|ethereal,rule-derived,,,
cardamom,woody,spicy|sweet,,green|camphor|citrus|warm|sweet,curated-2026;tgsc;chem-lit,ghee|coriander powder|cumin powder|garam masala|ginger paste,terpinyl acetate + cineole; backbone of masala and Scandinavian baking,"dominant=alpha-terpinyl acetate, 1,8-cineole, linalool; CIDs: 1,8-cineole=2758, linalool=6549"
cardamom powder,,sweet,waxy|cooling,alkane|burnt|camphor|coconut|floral,rule-derived,,,
cardamom seed,,sweet,waxy|cooling,alkane|burnt|camphor|coconut|floral,rule-derived,,,
cardoon,,pungent,,,category-heuristic,,,
caribbean jerk seasoning,,bitter|sweet,cooling|waxy|oily,alcoholic|camphor|coconut|deep|ethereal,rule-derived,,,
carnaroli rice,,sweet,,alcoholic|berry|bready|ethereal|fermented,rule-derived,,,
carnation cream,,sweet,,alcoholic|ethereal,rule-derived,,,
carnation milk,,,,apricot|balsamic|butter|cocoa|coconut,rule-derived,,,
carob,,bitter|sweet,,,category-heuristic,,,
carob powder,,bitter|sweet,pungent,alcoholic|ethereal|formyl|pungent|vinegar,rule-derived,,,
carom seed,woody,bitter|sweet,,,category-heuristic,,,
carrot,woody,sweet,crunchy,sweet|earthy|carrot|terpene|root,curated-2026;tgsc;chem-lit,chicken stock|baby carrot|onion|butternut squash,carotene-derived terpenes + sugars; mirepoix base with onion and celery,"dominant=beta-carotene, terpinolene, caryophyllene"
carrot cake,,sweet,,alcoholic|bland|ethereal,rule-derived,,,
carrot juice,,sweet,,alcoholic|bland|ethereal,rule-derived,,,
carrot strip,,sweet,,alcoholic|bland|ethereal,rule-derived,,,
carrots target,,sweet,,alcoholic|bland|ethereal,rule-derived,,,
cashew,fatty,sweet,crunchy,nutty|cashew|buttery|mild|sweet,curated-2026;tgsc;chem-lit,coconut cream|cane sugar|curry|red curry,mild buttery nut; thickens curries and sweets,"dominant=hexanal, pyrazines"
cashew butter,,sweet,,alcoholic|ethereal,rule-derived,,,
cashew nut,,sweet,,alcoholic|ethereal|grass|leafy|sweaty,rule-derived,,,
cassava,,pungent,,,category-heuristic,,,
cassia,,pungent,,,category-heuristic,,,
castelvetrano olive,,sweet,,alcoholic|ethereal|fruit|grape|pineapple,rule-derived,,,
castor sugar,,sweet,,alcoholic|ethereal,rule-derived,,,
catfish,,sweet,,alcoholic|ethereal|mild,rule-derived,,,
catfish fillet,,sweet,,alcoholic|ethereal|mild,rule-derived,,,
catjang pea,green,astringent|sweet,,,category-heuristic,,,
cauliflower,green,umami,,green|nutty|sulfurous|mild|vegetal,curated-2026;tgsc;chem-lit,cheddar cheese soup|broccoli floret|extra-virgin olive oil|turmeric,"glucosinolate nutty-sulfur; roasts sweet, the cheese-sauce partner","dominant=glucosinolates, dimethyl trisulfide"
cauliflower floret,,sweet,cooling,alcoholic|camphor|deep|ethereal|menthol,rule-derived,,,
cauliflower floweret,,sweet,cooling,alcoholic|camphor|deep|ethereal|menthol,rule-derived,,,
caulifloweret,,sweet,cooling,alcoholic|camphor|deep|ethereal|menthol,rule-derived,,,
cavatappi pasta,,sweet,cooling,alcoholic|camphor|deep|ethereal|menthol,rule-derived,,,
caviar,,pungent,,,category-heuristic,,,
cayanne pepper,,sweet,waxy,alcoholic|alkane|ethereal|gasoline,rule-derived,,,
cayenne pepper,,sweet,waxy,alcoholic|alkane|ethereal|gasoline,rule-derived,,,
cayenne pepper sauce,,sweet,waxy,alcoholic|alkane|ethereal|gasoline,rule-derived,,,
cayenne red pepper,,sweet,waxy,alcoholic|alkane|ethereal|gasoline,rule-derived,,,
celery,green,,crisp,green|celery|herbal|peppery|fresh,curated-2026;tgsc;chem-lit,celery salt|chicken stock|onion|carrot,phthalides give the savory-green note; the third leg of mirepoix,"dominant=3-butylphthalide, limonene, beta-selinene; CIDs: limonene=22311"
celery flake,,sweet,cooling,herbal|camphor|cananga|floral|green,rule-derived,,,
celery heart,,sweet,cooling,herbal|camphor|cananga|floral|green,rule-derived,,,
celery powder,,sweet,cooling,herbal|camphor|cananga|floral|green,rule-derived,,,
celery root,,sweet,cooling,herbal|camphor|cananga|floral|green,rule-derived,,,
celery salt,,sweet,cooling,herbal|camphor|cananga|floral|green,rule-derived,,,
celery seed,green,bitter,crunchy,celery|herbal|warm|bitter|seed,curated-2026;tgsc;chem-lit,celery salt|caraway seed|mustard seed|cider vinegar,"concentrated phthalide; the pickle, slaw and bloody-mary partner","dominant=3-butylphthalide, limonene, sedanolide; CIDs: limonene=22311"
celery soup,,sweet,cooling,herbal|camphor|cananga|floral|green,rule-derived,,,
celery top,,sweet,cooling,herbal|camphor|cananga|floral|green,rule-derived,,,
celtic sea salt,,sweet,,alcoholic|ethereal,rule-derived,,,
chaat masala,,,,,hub-fallback,,,
chambord raspberry liquor,,sweet,,apricot|butter|cocoa|coconut|coffee,rule-derived,,,
chamomile,floral,bitter|sweet,,floral|chamomile|herbal|apple|hay,curated-2026;tgsc;chem-lit,cane sugar|lemon juice|lavender|simple syrup,bisabolol + chamazulene; apple-hay floral for teas and syrups,"dominant=bisabolol, chamazulene, angelic-acid esters; CIDs: bisabolol=10586, chamazulene=10719"
champagne,,,,,rule-derived,,,
champagne vinegar,,bitter|sweet,,alcoholic|ethereal|mild,rule-derived,,,
chanterelle,,pungent,,,category-heuristic,,,
chanterelle mushroom,,sweet,cooling|waxy|oily,ethereal|alcoholic|brown|camphor|chocolate,rule-derived,,,
chard,green,astringent|sweet,,,category-heuristic,,,
chardonnay wine,,sweet,cooling,cananga|cocoa|coffee|floral|green,rule-derived,,,
charlotte potatoe,green,sweet,,,category-heuristic,,,
chayote,,pungent,,,category-heuristic,,,
chayote squash,,sweet,cooling,alcoholic|camphor|deep|ethereal|menthol,rule-derived,,,
cheddar,fatty,umami|sour,,sharp|savory|tangy|milky|nutty,curated-2026;tgsc;chem-lit,cheddar cheese soup|broccoli|macaroni|onion,aged methyl-ketone tang; the macaroni and broccoli partner,"dominant=methyl ketones, free fatty acids, diacetyl"
cheddar cheese blend,,sweet,cooling,alcoholic|ethereal|mint|terpentine,rule-derived,,,
cheddar cheese soup,,sweet,cooling,alcoholic|ethereal|mint|terpentine,rule-derived,,,
cheddar soup,,sweet,,alcoholic|ethereal,rule-derived,,,
chedder cheese,,sweet,cooling,alcoholic|ethereal|mint|terpentine,rule-derived,,,
cheese,fermented,salty,smooth,cultured|aged|umami|fatty|tangy,manual-top-500;tgsc;mcgee,tomato|apple|pasta|pork|walnut|honey|olive oil,umami-bridge|cut-fat|umami-bridge|cut-fat|cut-fat|sweet-acid|cut-fat,"Generic 'cheese' captures shared dairy fermentation chemistry across styles — lactic acid, diacetyl, methyl ketones, and branched fatty acids (especially isovaleric in aged styles). Cheese-tomato works through umami synergy: cheese glutamate + tomato glutamate amplify each other multiplicatively (the Yamaguchi 1967 synergy mechanism), while cheese fat carries tomato's fat-soluble carotenoid pigments. Note: this row is intentionally generic; the dataset has cheddar separately for the aged-hard cheese signature, and other styles can be added later.; CIDs: glutamate=33032"
cheese blend,,sweet,cooling,alcoholic|ethereal|mint|terpentine,rule-derived,,,
cheese cracker,,sweet,,alcoholic|ethereal,rule-derived,,,
cheese cracker crumb,,sweet,,alcoholic|ethereal,rule-derived,,,
cheese curd,,sweet,cooling,alcoholic|ethereal|mint|terpentine,rule-derived,,,
cheese dressing,,sweet,cooling,alcoholic|ethereal|mint|terpentine,rule-derived,,,
cheese of choice,,sweet,cooling,alcoholic|ethereal|mint|terpentine,rule-derived,,,
cheese ravioli,,bitter|sweet,,alcoholic|ethereal,rule-derived,,,
cheese sauce,,sweet,cooling,alcoholic|ethereal|mint|terpentine,rule-derived,,,
cheese soup,,sweet,cooling,alcoholic|ethereal|mint|terpentine,rule-derived,,,
cheese spread,,sweet,cooling,alcoholic|ethereal|mint|terpentine,rule-derived,,,
cheese tortellini,,sweet,cooling,alcoholic|ethereal|mint|terpentine,rule-derived,,,
cheesecake,,sweet,cooling,alcoholic|ethereal|mint|terpentine,rule-derived,,,
cheesecloth,,sweet,cooling,alcoholic|ethereal|mint|terpentine,rule-derived,,,
cherimoya,,pungent,,,category-heuristic,,,
cherry,fruity,sweet|sour,juicy,fruity|cherry|sweet|almond|tart,curated-2026;tgsc;chem-lit,cherry pie filling|almond extract|cane sugar|brandy,benzaldehyde links it to almond; the kirsch and chocolate partner,"dominant=benzaldehyde, eugenol, esters; CIDs: benzaldehyde=240, eugenol=3314"
cherry brandy,,sweet,oily|waxy,waxy|fatty|brandy|bread|coconut,rule-derived,,,
cherry filling,,sweet,cooling,cananga|cocoa|coffee|floral|green,rule-derived,,,
cherry flavored gelatin,,sweet,,alcoholic|ethereal|mild,rule-derived,,,
cherry gelatin,,sweet,,alcoholic|ethereal|mild,rule-derived,,,
cherry jam,,sweet,cooling,cananga|cocoa|coffee|floral|green,rule-derived,,,
cherry jello,,sweet,cooling,cananga|cocoa|coffee|floral|green,rule-derived,,,
cherry juice,,sweet,cooling,cananga|cocoa|coffee|floral|green,rule-derived,,,
cherry liqueur,,sweet,cooling,cananga|cocoa|coffee|floral|green,rule-derived,,,
cherry pepper,,sweet,waxy,alcoholic|alkane|ethereal|gasoline,rule-derived,,,
cherry pie filling,,bitter|sweet,,alcoholic|ethereal,rule-derived,,,
cherry pie mix,,sweet,cooling,cananga|cocoa|coffee|floral|green,rule-derived,,,
cherry preserve,,sweet,cooling,cananga|cocoa|coffee|floral|green,rule-derived,,,
cherrystone clam,,sweet,cooling,cananga|cocoa|coffee|floral|green,rule-derived,,,
chervil,green,,,anise|delicate|green|fresh|parsley,curated-2026;tgsc;chem-lit,tarragon|flat-leaf parsley|sweet butter|white fish,delicate anise-parsley; the fines-herbes and fish partner,"dominant=estragole, 1-allyl-2,4-dimethoxybenzene; CIDs: estragole=8815"
chestnut,fatty,sweet,,nutty|chestnut|sweet|starchy|earthy,curated-2026;tgsc;chem-lit,sweet butter|brandy|cane sugar|sage,starchy-sweet nut; the brown-butter and sage partner,"dominant=furans, pyrazines"
chestnut mushroom,,sweet,cooling|waxy|oily,alcoholic|brown|camphor|coconut|deep,rule-derived,,,
chestnut puree,,sweet,cooling|waxy|oily,alcoholic|brown|camphor|coconut|deep,rule-derived,,,
chevre cheese,,sweet,cooling,alcoholic|ethereal|mint|terpentine,rule-derived,,,
chia,woody,bitter|sweet,,,category-heuristic,,,
chia seed,fatty,,,mild|nutty|seed|neutral|earthy,curated-2026;tgsc;chem-lit,almond milk|flaxseed|coconut sugar|soymilk,near-neutral gelling seed; a textural carrier in plant bases,"dominant=alpha-linolenic acid, neutral volatiles"
chianti wine,,sweet,cooling|waxy|oily,brown|camphor|chocolate|coconut|deep,rule-derived,,,
chicken,fatty,umami,tender,savory|umami|fatty|roasted|mild,curated-2026;tgsc;chem-lit,chicken stock|garlic|onion|extra-virgin olive oil,methional + Maillard pyrazines; the universal savory canvas (was never a node),"dominant=methional, Maillard pyrazines; CIDs: methional=18635"
chicken back,,umami|sweet,,,rule-derived,,,
chicken base,,umami|sweet,,,rule-derived,,,
chicken bouillon,,umami|sweet,,,rule-derived,,,
chicken bouillon cube,,umami|sweet,,,rule-derived,,,
chicken bouillon granule,,umami|sweet,,,rule-derived,,,
chicken bouillon powder,,umami|sweet,,,rule-derived,,,
chicken breast cutlet,,umami|sweet,,,rule-derived,,,
chicken breast fillet,,umami|sweet,,,rule-derived,,,
chicken breast half,,umami|sweet,,,rule-derived,,,
chicken breast halve,,umami|sweet,,,rule-derived,,,
chicken breast meat,,umami|sweet,,,rule-derived,,,
chicken breast tender,,umami|sweet,,,rule-derived,,,
chicken breasts halve,,umami|sweet,,,rule-derived,,,
chicken breasts skinless,,umami|sweet,,,rule-derived,,,
chicken bullion,,umami|sweet,,,rule-derived,,,
chicken carcass,,umami|sweet,,,rule-derived,,,
chicken cutlet,,umami|sweet,,,rule-derived,,,
chicken drummette,,umami|sweet,,,rule-derived,,,
chicken drumstick,,,waxy|oily,waxy|apple|balsamic|caramel|citrus,rule-derived,,,
chicken fat,,umami|sweet,,,rule-derived,,,
chicken fillet,,umami|sweet,,,rule-derived,,,
chicken flavor,,umami|sweet,,,rule-derived,,,
chicken flavored bouillon granule,,umami|sweet,,,rule-derived,,,
chicken flavored rice,,sweet,cooling|pungent|waxy,ethereal|pungent|brown|camphor|chocolate,rule-derived,,,
chicken fryer,,umami|sweet,,,rule-derived,,,
chicken giblet,,umami|sweet,,,rule-derived,,,
chicken gizzard,,umami|sweet,,,rule-derived,,,
chicken gravy,,umami|sweet,,,rule-derived,,,
chicken gravy mix,,umami|sweet,,,rule-derived,,,
chicken gumbo soup,,umami|sweet,,,rule-derived,,,
chicken leg,,umami|sweet,,,rule-derived,,,
chicken liver,,umami|sweet,,,rule-derived,,,
chicken marinade,,umami|sweet,,,rule-derived,,,
chicken meat,,umami|sweet,,,rule-derived,,,
chicken mushroom,,sweet,,apple peel|caramellic|cocoa|coffee|green,rule-derived,,,
chicken mushroom soup,,sweet,waxy,herbal|alkane|citrus|earthy|floral,rule-derived,,,
chicken noodle,,umami|sweet,,,rule-derived,,,
chicken nugget,,umami|sweet,,,rule-derived,,,
chicken part,,umami|sweet,,,rule-derived,,,
chicken pattie,,umami|sweet,,,rule-derived,,,
chicken quarter,,umami|sweet,,,rule-derived,,,
chicken ramen noodle,,umami|sweet,,,rule-derived,,,
chicken rice,,umami|sweet,,,rule-derived,,,
chicken rice soup,,umami|sweet,,,rule-derived,,,
chicken salad,,umami|sweet,,,rule-derived,,,
chicken sausage,,umami|sweet,,,rule-derived,,,
chicken seasoning,,umami|sweet,,,rule-derived,,,
chicken soup,,umami|sweet,,,rule-derived,,,
chicken soup base,,umami|sweet,,,rule-derived,,,
chicken soup stock,,umami|sweet,,,rule-derived,,,
chicken soup stock granule,,umami|sweet,,,rule-derived,,,
chicken stock,,umami|sweet,,,rule-derived,,,
chicken stock cube,,umami|sweet,,,rule-derived,,,
chicken strip,,umami|sweet,,,rule-derived,,,
chicken stuffing mix,,bitter|sweet,,alcoholic|ethereal,rule-derived,,,
chicken tender,,umami|sweet,,,rule-derived,,,
chicken tenderloin,,umami|sweet,,,rule-derived,,,
chicken with rice soup,,umami|sweet,,,rule-derived,,,
chicken-flavored ramen noodle,,umami|sweet,,,rule-derived,,,
chickpea,earthy,sweet,tender,starchy|nutty|mild|brothy|fresh,manual-top-500;tgsc,cumin|lemon|olive oil|garlic|paprika|parsley|coriander,shared-volatile|cleanse-palate|cut-fat|shared-volatile|shared-volatile|shared-volatile|shared-volatile,"Chickpeas develop mild pyrazines and 2-pentylfuran when cooked — same compound families as cooked grains, giving chickpea hummus its nutty-grassy character. The Middle Eastern hummus pattern (chickpea + tahini + lemon + cumin + garlic + olive oil) bridges through shared sesame chemistry and Apiaceae terpenes."
chickpea flour,,sweet,cooling,alcoholic|camphor|deep|ethereal|menthol,rule-derived,,,
chicory,,pungent,,,category-heuristic,,,
chile sauce,,bitter|sweet,,alcoholic|ethereal,rule-derived,,,
chile-garlic sauce,,sweet,,alcoholic|cabbage|ethereal|onion|sulfur,rule-derived,,,
chili,spicy,pungent,warming|pungent,capsaicinoid|fruity|sharp|hexenal|fresh,manual-top-500;tgsc,lime|garlic|cumin|cilantro|chocolate|mango|ginger,sweet-acid|shared-volatile|shared-volatile|shared-volatile|shared-volatile|sweet-acid|shared-volatile,"Capsaicin triggers TRPV1 heat receptors — the same family as black pepper's piperine but a substantially more potent agonist. Chili-chocolate (the Mexican mole tradition) has real chemistry: cocoa pyrazines bridge to dried-pepper Maillard compounds, with capsaicin amplifying cocoa's bitter complexity through receptor-level interaction. Fresh chilies retain hexenal 'green' character (more so than dried) which bridges to cilantro and lime.; CIDs: piperine=638024"
chili bean,,bitter|sweet,,alcoholic|ethereal,rule-derived,,,
chili bean paste,,bitter|sweet,,alcoholic|ethereal,rule-derived,,,
chili bean sauce,,bitter|sweet,,alcoholic|ethereal,rule-derived,,,
chili beef soup,,bitter|sweet,,alcoholic|ethereal,rule-derived,,,
chili flake,,bitter|sweet,,alcoholic|ethereal,rule-derived,,,
chili garlic,,sweet,,alcoholic|cabbage|ethereal|onion|sulfur,rule-derived,,,
chili meat,,bitter|sweet,,alcoholic|ethereal,rule-derived,,,
chili mix,,bitter|sweet,,alcoholic|ethereal,rule-derived,,,
chili oil,,bitter|sweet,,alcoholic|ethereal,rule-derived,,,
chili paste,,bitter|sweet,,alcoholic|ethereal,rule-derived,,,
chili paste with garlic,,sweet,,alcoholic|cabbage|ethereal|onion|sulfur,rule-derived,,,
chili powder,,bitter|sweet,,alcoholic|ethereal,rule-derived,,,
chili pwdr,,bitter|sweet,,alcoholic|ethereal,rule-derived,,,
chili sauce,,bitter|sweet,,alcoholic|ethereal,rule-derived,,,
chili seasoning,,bitter|sweet,,alcoholic|ethereal,rule-derived,,,
chili seasoning mix,,bitter|sweet,,alcoholic|ethereal,rule-derived,,,
chili with bean,,bitter|sweet,,alcoholic|ethereal,rule-derived,,,
chili-garlic sauce,,sweet,,alcoholic|cabbage|ethereal|onion|sulfur,rule-derived,,,
chili-o mix,,bitter|sweet,,alcoholic|ethereal,rule-derived,,,
chilie,,bitter|sweet,,alcoholic|ethereal,rule-derived,,,
chilli pepper,,sweet,waxy,alcoholic|alkane|ethereal|gasoline,rule-derived,,,
chilli sauce,,bitter|sweet,,alcoholic|ethereal,rule-derived,,,
chimichurri sauce,,bitter|sweet,,alcoholic|ethereal,rule-derived,,,
chinese bayberry,fruity,sweet|sour,,,category-heuristic,,,
chinese black vinegar,,bitter|sweet,,alcoholic|ethereal|mild,rule-derived,,,
chinese broccoli,,bitter|sweet,cooling|waxy|oily,alcoholic|camphor|coconut|deep|ethereal,rule-derived,,,
chinese cabbage,,sweet,cooling,alcoholic|camphor|deep|ethereal|menthol,rule-derived,,,
chinese chili paste,,bitter|sweet,,alcoholic|ethereal,rule-derived,,,
chinese chili sauce,,bitter|sweet,,alcoholic|ethereal,rule-derived,,,
chinese cooking wine,,,cooling|oily,banana|herbal|apple|apple peel|apricot,rule-derived,,,
chinese egg noodle,woody,sweet,,,category-heuristic,,,
chinese eggplant,,sweet,,alcoholic|bland|ethereal,rule-derived,,,
chinese five spice powder,,,,,hub-fallback,,,
chinese five-spice,,,,,hub-fallback,,,
chinese mushroom,,sweet,,apple peel|caramellic|cocoa|coffee|green,rule-derived,,,
chinese mustard,,bitter|sweet,pungent,alcoholic|ethereal|mustard|pungent,rule-derived,,,
chinese noodle,woody,sweet,,,category-heuristic,,,
chinese pea pod,green,astringent|sweet,,,category-heuristic,,,
chinese quince,fruity,sweet|sour,,,category-heuristic,,,
chinese rice,,sweet,,alcoholic|berry|bready|ethereal|fermented,rule-derived,,,
chinese rice wine,,sweet,,alcoholic|berry|bready|ethereal|fermented,rule-derived,,,
chinese sausage,,sweet,,alcoholic|ethereal,rule-derived,,,
chinese soup stock,,sweet,,alcoholic|ethereal,rule-derived,,,
chinese wine,,,cooling|oily,banana|herbal|apple|apple peel|apricot,rule-derived,,,
chipotle,,spicy,,,category-heuristic,,,
chipotle chile pepper,,sweet,waxy,alcoholic|alkane|ethereal|gasoline,rule-derived,,,
chipotle chili,,bitter|sweet,,alcoholic|ethereal,rule-derived,,,
chipotle chili pepper,,sweet,waxy,alcoholic|alkane|ethereal|gasoline,rule-derived,,,
chipotle chili powder,,bitter|sweet,,alcoholic|ethereal,rule-derived,,,
chipotle chilie,,bitter|sweet,,alcoholic|ethereal,rule-derived,,,
chipotle pepper,,sweet,waxy,alcoholic|alkane|ethereal|gasoline,rule-derived,,,
chipotle puree,,spicy|pungent,,,category-heuristic,,,
chipotle sauce,,bitter|sweet,,alcoholic|ethereal,rule-derived,,,
chipped beef,,,oily|waxy|cooling,fatty|balsamic|cucumber|dry|earthy,rule-derived,,,
chive,green,pungent,,onion|green|mild|fresh|grassy,curated-2026;tgsc;chem-lit,low-fat sour cream|potato|egg yolk|goat cheese,mild raw allium; the baked-potato and egg finishing herb,dominant=disulfides (mild)
chocolate,roasted,bitter,smooth,pyrazinic|cocoa|fatty|caramellic|fruity,manual-top-500;tgsc;mcgee,coffee|peanut|banana|milk|cinnamon|chili|strawberry,shared-volatile|shared-volatile|shared-volatile|cut-fat|shared-volatile|shared-volatile|cut-fat,"Roasted cocoa contains an estimated 600+ volatile compounds — the strongest pairings emerge from pyrazines (bridging to coffee, peanut, roasted nuts) and the rose-like 2-phenylethanol (bridging to red berries, strawberries). Theobromine and caffeine drive the bitter taste perception (both non-volatile). Chocolate-cinnamon works through shared phenolic compounds across cocoa fermentation and cinnamon bark chemistry, though the bridge is partial rather than dominant."
chocolate almond bark,,sweet,,alcoholic|ethereal,rule-derived,,,
chocolate bar,,sweet,,alcoholic|ethereal,rule-derived,,,
chocolate bark,,sweet,,alcoholic|ethereal,rule-derived,,,
chocolate bit,,sweet,,alcoholic|ethereal,rule-derived,,,
chocolate cake,,sweet,,alcoholic|ethereal,rule-derived,,,
chocolate cake mix,,sweet,,alcoholic|ethereal,rule-derived,,,
chocolate candie,,sweet,,alcoholic|ethereal,rule-derived,,,
chocolate candy,,sweet,,alcoholic|ethereal,rule-derived,,,
chocolate chip,,sweet,,alcoholic|ethereal,rule-derived,,,
chocolate chip cookie,,sweet,,alcoholic|ethereal,rule-derived,,,
chocolate chip morsel,,sweet,,alcoholic|ethereal,rule-derived,,,
chocolate chunk,,sweet,,alcoholic|ethereal,rule-derived,,,
chocolate coating,,sweet,,alcoholic|ethereal,rule-derived,,,
chocolate cocoa,,sweet,,alcoholic|ethereal,rule-derived,,,
chocolate cookie,,sweet,,alcoholic|ethereal,rule-derived,,,
chocolate cookie crumb,,sweet,,alcoholic|ethereal,rule-derived,,,
chocolate cookie pie crust,,sweet,,alcoholic|ethereal,rule-derived,,,
chocolate covered toffee,,sweet,,alcoholic|ethereal,rule-derived,,,
chocolate cream,,sweet,,alcoholic|ethereal,rule-derived,,,
chocolate crust,,sweet,,alcoholic|ethereal,rule-derived,,,
chocolate cupcake,,sweet,,alcoholic|ethereal,rule-derived,,,
chocolate curl,,sweet,,alcoholic|ethereal,rule-derived,,,
chocolate drink,,sweet,,alcoholic|ethereal,rule-derived,,,
chocolate drizzle,,sweet,,alcoholic|ethereal,rule-derived,,,
chocolate egg,,sweet,,alcoholic|ethereal,rule-derived,,,
chocolate filling,,sweet,,alcoholic|ethereal,rule-derived,,,
chocolate flavor,,sweet,,alcoholic|ethereal,rule-derived,,,
chocolate flavored syrup,,sweet,,alcoholic|ethereal,rule-derived,,,
chocolate frosting,,sweet,,alcoholic|ethereal,rule-derived,,,
chocolate fudge cake mix,,sweet,,alcoholic|ethereal,rule-derived,,,
chocolate fudge frosting,,sweet,,alcoholic|ethereal,rule-derived,,,
chocolate fudge topping,,sweet,,alcoholic|ethereal,rule-derived,,,
chocolate ganache,,sweet,,alcoholic|ethereal,rule-derived,,,
chocolate glaze,,sweet,,alcoholic|ethereal,rule-derived,,,
chocolate hazelnut spread,,sweet,,alcoholic|ethereal,rule-derived,,,
chocolate ice cream,,sweet,,alcoholic|ethereal,rule-derived,,,
chocolate ice cream topping,,sweet,,alcoholic|ethereal,rule-derived,,,
chocolate icing,,sweet,,alcoholic|ethereal,rule-derived,,,
chocolate instant pudding,,sweet,,alcoholic|ethereal,rule-derived,,,
chocolate kisse,,sweet,,alcoholic|ethereal,rule-derived,,,
chocolate layer,,sweet,,alcoholic|ethereal,rule-derived,,,
chocolate liqueur,,sweet,,alcoholic|ethereal,rule-derived,,,
chocolate milk,,sweet,,alcoholic|ethereal,rule-derived,,,
chocolate minichip,,sweet,,alcoholic|ethereal,rule-derived,,,
chocolate mint,,sweet,,alcoholic|ethereal,rule-derived,,,
chocolate mix,,sweet,,alcoholic|ethereal,rule-derived,,,
chocolate morsel,,sweet,,alcoholic|ethereal,rule-derived,,,
chocolate mousse,,bitter|sweet,,alcoholic|balsam|ethereal|oriental,rule-derived,,,
chocolate pie crust,,sweet,,alcoholic|ethereal,rule-derived,,,
chocolate powder,,sweet,,alcoholic|ethereal,rule-derived,,,
chocolate pudding,,sweet,,alcoholic|ethereal,rule-derived,,,
chocolate pudding mix,,sweet,,alcoholic|ethereal,rule-derived,,,
chocolate sandwich cookie,,sweet,,alcoholic|ethereal,rule-derived,,,
chocolate sauce,,sweet,,alcoholic|ethereal,rule-derived,,,
chocolate shaving,,sweet,,alcoholic|ethereal,rule-derived,,,
chocolate sprinkle,,sweet,,alcoholic|ethereal,rule-derived,,,
chocolate square,,sweet,,alcoholic|ethereal,rule-derived,,,
chocolate syrup,,sweet,,alcoholic|ethereal,rule-derived,,,
chocolate topping,,sweet,,alcoholic|ethereal,rule-derived,,,
chocolate wafer,,sweet,,alcoholic|ethereal,rule-derived,,,
chocolate wafer cookie,,sweet,,alcoholic|ethereal,rule-derived,,,
chocolate wafer cookie crumb,,sweet,,alcoholic|ethereal,rule-derived,,,
chocolate wafer crumb,,sweet,,alcoholic|ethereal,rule-derived,,,
chocolate wafer pie crust,,sweet,,alcoholic|ethereal,rule-derived,,,
chocolate-covered,,sweet,,alcoholic|ethereal,rule-derived,,,
chocolate-covered coffee bean,,sweet,,alcoholic|ethereal,rule-derived,,,
chocolate-covered raisin,,sweet,,alcoholic|ethereal,rule-derived,,,
chocolate-hazelnut,,sweet,,alcoholic|ethereal,rule-derived,,,
cholesterol-free egg,,pungent,,,category-heuristic,,,
chop suey vegetable,,,waxy,alcohol|apple|berry|cheesy|earthy,rule-derived,,,
chorizo,smoky,salty|umami,chewy,paprika|cured|spicy-pork|woody|fermented,manual-top-500;tgsc,potato|egg|chickpea|smoked paprika|garlic|bread|rice,cut-fat|shared-volatile|cut-fat|shared-volatile|shared-volatile|texture-contrast|texture-contrast,"Spanish chorizo is cured + smoked + paprika-driven — pimentón provides both color and the characteristic smoky-spicy chemistry that defines Iberian cuisine. Mexican chorizo is fresh + vinegar-driven (different chemistry, despite the name). Chorizo + chickpea + smoked paprika is the chemistry-aligned Spanish stew base."
chorizo sausage,,sweet,,alcoholic|ethereal,rule-derived,,,
christmas pudding,fatty,sweet|sour,,,category-heuristic,,,
chuck beef,,,oily|waxy|cooling,fatty|balsamic|cucumber|dry|earthy,rule-derived,,,
chuck roast,,pungent,,,category-heuristic,,,
chunk white chicken,,umami|sweet,,,rule-derived,,,
chunky applesauce,,sweet,,,rule-derived,,,
chunky peanut butter,,sweet,cooling,alcoholic|camphor|deep|ethereal|menthol,rule-derived,,,
chunky pineapple,,bitter|sweet,,alcoholic|apple|ethereal|fruit|pineapple,rule-derived,,,
cider,,sour,,,category-heuristic,,,
cider vinegar,,bitter|sweet,,alcoholic|ethereal|mild,rule-derived,,,
cilantro,green,,,green|citrus|soapy|fresh|aldehyde,curated-2026;tgsc;chem-lit,lime juice|jalapeño|serrano pepper|salsa,(E)-2-alkenal aldehydes give the green-soapy note; the canonical lime + chile partner,"dominant=(E)-2-decenal, decanal, linalool; CIDs: (e)-2-decenal=5283345, decanal=8175, linalool=6549"
cilantro freshly,green,astringent|bitter,,,category-heuristic,,,
cilantro leaf,green,astringent|bitter,,,category-heuristic,,,
cilantro leave,green,astringent|bitter,,,category-heuristic,,,
cilantro root,green,astringent|bitter,,,category-heuristic,,,
cilantro stem,green,astringent|bitter,,,category-heuristic,,,
cinnamon,woody,sweet|spicy,,sweet|woody|warm|spicy|cinnamon,curated-2026;tgsc;chem-lit,allspice|cane sugar|pumpkin puree|raisin|golden brown sugar,cinnamaldehyde anchors a warm-sweet phenolic axis with clove (eugenol) and nutmeg,"dominant=cinnamaldehyde; + eugenol, coumarin; CIDs: cinnamaldehyde=637511, coumarin=323, eugenol=3314"
cinnamon applesauce,,sweet,,,rule-derived,,,
cinnamon baking chip,,sweet,cooling|waxy|oily,alcoholic|brown|camphor|coconut|deep,rule-derived,,,
cinnamon bark,,sweet,cooling|waxy|oily,alcoholic|brown|camphor|coconut|deep,rule-derived,,,
cinnamon candie,,sweet,cooling|waxy|oily,alcoholic|brown|camphor|coconut|deep,rule-derived,,,
cinnamon chip,,sweet,cooling|waxy|oily,alcoholic|brown|camphor|coconut|deep,rule-derived,,,
cinnamon oil,,sweet,cooling|waxy|oily,alcoholic|brown|camphor|coconut|deep,rule-derived,,,
cinnamon powder,,sweet,cooling|waxy|oily,alcoholic|brown|camphor|coconut|deep,rule-derived,,,
cinnamon red,,sweet,cooling|waxy|oily,alcoholic|brown|camphor|coconut|deep,rule-derived,,,
cinnamon red hot,,sweet,cooling|waxy|oily,alcoholic|brown|camphor|coconut|deep,rule-derived,,,
cinnamon roll,,sweet,cooling|waxy|oily,alcoholic|brown|camphor|coconut|deep,rule-derived,,,
cinnamon schnapp,,sweet,cooling|waxy|oily,alcoholic|brown|camphor|coconut|deep,rule-derived,,,
cinnamon sugar,,sweet,cooling|waxy|oily,alcoholic|brown|camphor|coconut|deep,rule-derived,,,
cinnamon syrup,,sweet,cooling|waxy|oily,alcoholic|brown|camphor|coconut|deep,rule-derived,,,
cinnamon-raisin bread,,bitter|sweet,,alcoholic|ethereal,rule-derived,,,
cinnamon/sugar,,sweet,cooling|waxy|oily,alcoholic|brown|camphor|coconut|deep,rule-derived,,,
citronella,,pungent,,,category-heuristic,,,
citrus juice,,sweet,waxy|cooling,citrus|fresh|waxy|alkane|flower,rule-derived,,,
clam,,,waxy|oily|cooling,waxy|apple|apricot|berry|bready,rule-derived,,,
clam broth,,,waxy|oily|cooling,waxy|apple|apricot|berry|bready,rule-derived,,,
clam chowder,,,waxy|oily|cooling,waxy|apple|apricot|berry|bready,rule-derived,,,
clam juice,,,waxy|oily|cooling,waxy|apple|apricot|berry|bready,rule-derived,,,
clamato juice,,,waxy|oily|cooling,waxy|apple|apricot|berry|bready,rule-derived,,,
clarified butter,,sweet,,alcoholic|ethereal,rule-derived,,,
clear honey,,bitter|sweet,,alcoholic|ethereal|mild,rule-derived,,,
clear vanilla,,bitter|sweet,cooling|waxy|oily,alcoholic|camphor|coconut|deep|ethereal,rule-derived,,,
clementine juice,,,,,rule-derived,,,
clotted cream,fatty,sweet|sour,,,category-heuristic,,,
cloud ear fungu,,pungent,,,category-heuristic,,,
cloudberry,fruity,sweet|sour,,,category-heuristic,,,
coarse black pepper,,sweet,waxy,alcoholic|alkane|ethereal|gasoline,rule-derived,,,
coarse breadcrumb,,sweet,waxy|cooling,floral|waxy|cananga|citrus|ether,rule-derived,,,
coarse bulgur,,bitter|sweet,,alcoholic|ethereal,rule-derived,,,
coarse cornmeal,,sweet,,alcoholic|ethereal,rule-derived,,,
coarse cracker crumb,,sweet,,alcoholic|ethereal,rule-derived,,,
coarse grain mustard,,sweet,,alcoholic|ethereal,rule-derived,,,
coarse kosher salt,,sweet,,alcoholic|ethereal,rule-derived,,,
coarse pepper,,sweet,waxy,alcoholic|alkane|ethereal|gasoline,rule-derived,,,
coarse salt,,sweet,,alcoholic|ethereal,rule-derived,,,
coarse sea salt,,sweet,,alcoholic|ethereal,rule-derived,,,
coarse sugar,,sweet,,alcoholic|ethereal,rule-derived,,,
coarse-grained mustard,,sweet,,alcoholic|ethereal,rule-derived,,,
coating,,pungent,,,category-heuristic,,,
coating mix,,pungent,,,category-heuristic,,,
coca-cola,,sour,,,category-heuristic,,,
cocktail onion,,bitter,,alcoholic|ethereal,rule-derived,,,
cocktail peanut,,bitter,,alcoholic|ethereal,rule-derived,,,
cocktail rye bread,,bitter,,alcoholic|ethereal,rule-derived,,,
cocktail sauce,,bitter,,alcoholic|ethereal,rule-derived,,,
cocktail sausage,,bitter,,alcoholic|ethereal,rule-derived,,,
cocktail shrimp,,bitter,,alcoholic|ethereal,rule-derived,,,
cocoa,woody,bitter,powdery,roasted|cocoa|bitter|chocolate|nutty,curated-2026;tgsc;chem-lit,unsweetened chocolate|espresso powder|cane sugar|milk chocolate,pyrazine roast + theobromine; the coffee and sugar partner,"dominant=pyrazines, 2-phenylethylamine, theobromine"
cocoa butter,,sweet,,alcoholic|ethereal,rule-derived,,,
coconut,fatty,sweet,,coconut|sweet|creamy|tropical|lactonic,curated-2026;tgsc;chem-lit,coconut cream|unsweetened coconut milk|cane sugar|pineapple,lactone creaminess; the tropical-curry and dessert partner,"dominant=gamma-nonalactone, gamma-octalactone; CIDs: gamma-nonalactone=7710"
coconut amino,,sweet,,alcoholic|ethereal,rule-derived,,,
coconut butter,,sweet,,alcoholic|ethereal,rule-derived,,,
coconut chip,,sweet,,alcoholic|ethereal,rule-derived,,,
coconut cream,,sweet,,alcoholic|ethereal,rule-derived,,,
coconut cream pudding,,sweet,,alcoholic|ethereal,rule-derived,,,
coconut extract,,sweet,,alcoholic|ethereal,rule-derived,,,
coconut flake,,sweet,,alcoholic|ethereal,rule-derived,,,
coconut flaked,,sweet,,alcoholic|ethereal,rule-derived,,,
coconut flavor,,sweet,,alcoholic|ethereal,rule-derived,,,
coconut flavoring,,sweet,,alcoholic|ethereal,rule-derived,,,
coconut flour,,sweet,,alcoholic|ethereal,rule-derived,,,
coconut ice cream,,sweet,,alcoholic|ethereal,rule-derived,,,
coconut instant pudding,,sweet,,alcoholic|ethereal,rule-derived,,,
coconut liqueur,,sweet,,alcoholic|ethereal,rule-derived,,,
coconut lowfat milk,,sweet,,alcoholic|ethereal,rule-derived,,,
coconut macaroon,,sweet,,alcoholic|ethereal,rule-derived,,,
coconut meat,,sweet,,alcoholic|ethereal,rule-derived,,,
coconut milk,creamy,sweet,viscous,lactonic|tropical|fatty|sweet-creamy|mild,manual-top-500;tgsc,chili|ginger|rice|lime|mango|shrimp|basil,cut-fat|shared-volatile|sweet-acid|cut-fat|shared-volatile|cut-fat|shared-volatile,"Delta-octalactone + gamma-octalactone give coconut milk its characteristic creamy lactone signature — same compound family as dairy cream, peach, and apricot. The Thai green curry foundation (coconut milk + lime + chili + basil) is built on multiple cut-fat principles plus shared linalool-adjacent chemistry.; CIDs: linalool=6549"
coconut oil,fatty,sweet,oily,lactonic|tropical|mild|rich|buttery,manual-top-500;tgsc,curry|chocolate|lime|rum|mango|sweet potato|rice,shared-volatile|cut-fat|sweet-acid|tradition|shared-volatile|cut-fat|texture-contrast,"Delta-decalactone + gamma-octalactone are coconut oil's signature lactones — these are the same compound family in dairy, peach, and apricot, which is why coconut substitutes work in cream-based desserts. The Thai/Indian coconut-curry tradition relies heavily on cut-fat: coconut's saturated fat tames capsaicin while its lactones bridge to spice-derived terpenes."
coconut palm sugar,,sweet,,alcoholic|ethereal,rule-derived,,,
coconut pecan,,sweet,,alcoholic|ethereal,rule-derived,,,
coconut pecan frosting,,sweet,,alcoholic|ethereal,rule-derived,,,
coconut powder,,sweet,,alcoholic|ethereal,rule-derived,,,
coconut pudding,,sweet,,alcoholic|ethereal,rule-derived,,,
coconut rum,,sweet,,alcoholic|ethereal,rule-derived,,,
coconut sugar,,sweet,,alcoholic|ethereal,rule-derived,,,
coconut syrup,,sweet,,alcoholic|ethereal,rule-derived,,,
coconut vinegar,,sweet,,alcoholic|ethereal,rule-derived,,,
coconut water,,sweet,,alcoholic|ethereal,rule-derived,,,
coconut yogurt,,sweet,,alcoholic|ethereal,rule-derived,,,
cod,,pungent,,,category-heuristic,,,
cod fillet,,pungent,,,category-heuristic,,,
cod fish,,bitter,,bland|cheesy|egg|grassy|mild,rule-derived,,,
coffee,woody,bitter,,roasted|coffee|bitter|woody|smoky,curated-2026;tgsc;chem-lit,espresso powder|chocolate chip|cane sugar|coffee liqueur,furfurylthiol + pyrazines; the chocolate and caramel partner,"dominant=furans, pyrazines, furfurylthiol"
coffee bean,,sweet,,alcoholic|ethereal,rule-derived,,,
coffee cream,,sweet,,alcoholic|ethereal,rule-derived,,,
coffee creamer,,sweet,,alcoholic|ethereal,rule-derived,,,
coffee ice cream,,sweet,,alcoholic|ethereal,rule-derived,,,
coffee liqueur,,sweet,,alcoholic|ethereal,rule-derived,,,
coffee powder,,sweet,,alcoholic|ethereal,rule-derived,,,
cognac,,,cooling|oily,banana|apple|apricot|cocoa|coffee,rule-derived,,,
cointreau,,sweet,,,category-heuristic,,,
colby cheese,,sweet,cooling,alcoholic|ethereal|mint|terpentine,rule-derived,,,
colby-jack cheese,,sweet,cooling,alcoholic|ethereal|mint|terpentine,rule-derived,,,
coleslaw,,,,,hub-fallback,,,
colocasia,,pungent,,,category-heuristic,,,
colorado pinyon,,pungent,,,category-heuristic,,,
colored crystal sugar,,sweet,,alcoholic|ethereal,rule-derived,,,
colored sugar,,sweet,,alcoholic|ethereal,rule-derived,,,
common persimmon,fruity,sweet|sour,,,category-heuristic,,,
common salsify,,pungent,,,category-heuristic,,,
common verbena,,pungent,,,category-heuristic,,,
conch,,pungent,,,category-heuristic,,,
concord grape,,sweet,cooling,alcoholic|camphor|deep|ethereal|menthol,rule-derived,,,
condensed beef,,,oily|waxy|cooling,fatty|balsamic|cucumber|dry|earthy,rule-derived,,,
condensed beef broth,,,oily|waxy|cooling,fatty|balsamic|cucumber|dry|earthy,rule-derived,,,
condensed chicken,,umami|sweet,,,rule-derived,,,
condensed chicken broth,,umami|sweet,,,rule-derived,,,
condensed cream,,sweet,,alcoholic|ethereal,rule-derived,,,
condensed french onion soup,,sweet,cooling|creamy|oily,bean|cananga|caramel|fatty|floral,rule-derived,,,
condensed lowfat milk,,,,apricot|balsamic|butter|cocoa|coconut,rule-derived,,,
condensed milk,,bitter|sweet,,alcoholic|ethereal,rule-derived,,,
condensed onion soup,,sweet,cooling|creamy|oily,bean|cananga|caramel|fatty|floral,rule-derived,,,
condensed sweetened milk,,,,apricot|balsamic|butter|cocoa|coconut,rule-derived,,,
confectionary sugar,,sweet,,alcoholic|ethereal,rule-derived,,,
confectioner sugar,,sweet,,alcoholic|ethereal,rule-derived,,,
cooked brown rice,,sweet,,alcoholic|berry|bready|ethereal|fermented,rule-derived,,,
cooked crabmeat,,sweet,,alcoholic|ethereal|mild,rule-derived,,,
cooked rice,,sweet,,alcoholic|berry|bready|ethereal|fermented,rule-derived,,,
cooked shrimp,,sweet,,alcoholic|ethereal,rule-derived,,,
cooked spinach,,sweet,,alcoholic|ammonia|ethereal|fishy,rule-derived,,,
cooked sweet potatoe,,sweet,cooling,alcoholic|camphor|deep|ethereal|menthol,rule-derived,,,
cooked white rice,,sweet,,alcoholic|berry|bready|ethereal|fermented,rule-derived,,,
cookie,woody,sweet,,,category-heuristic,,,
cookie crumb,woody,sweet,,,category-heuristic,,,
cookie cutter,woody,sweet,,,category-heuristic,,,
cookie dough,woody,sweet,,,category-heuristic,,,
cookie pie crust,,bitter|sweet,,alcoholic|ethereal,rule-derived,,,
cookie sheet,woody,sweet,,,category-heuristic,,,
cooking apple,,sweet,,alcoholic|apple|banana|ethereal|fruit,rule-derived,,,
cooking oil spray,,bitter|sweet,,alcoholic|ethereal,rule-derived,,,
cooking onion,,sweet,cooling|creamy|oily,bean|cananga|caramel|fatty|floral,rule-derived,,,
cooking rice,,sweet,,alcoholic|berry|bready|ethereal|fermented,rule-derived,,,
cooking sauce,,bitter|sweet,,alcoholic|ethereal,rule-derived,,,
cooking wine,,,cooling|oily,banana|herbal|apple|apple peel|apricot,rule-derived,,,
cool whip,,pungent,,,category-heuristic,,,
cool whip lite,,pungent,,,category-heuristic,,,
cored apple,,sweet,,alcoholic|apple|banana|ethereal|fruit,rule-derived,,,
coriander,spicy,sweet,warming,floral|linalool|lemony|woody|seedy,manual-top-500;tgsc,cumin|cardamom|orange|lemon|carrot|ginger|chickpea,shared-volatile|shared-volatile|shared-volatile|shared-volatile|shared-volatile|shared-volatile|umami-bridge,"Linalool dominates coriander seed (~70% of oil) — same compound in lavender, bergamot, and cardamom, hence the floral-citrus pairings. Note: coriander seed and cilantro leaves are from the SAME plant but cluster oppositely in chemistry (seed=linalool-floral, leaf=aldehydic-soapy). The GAT should learn them as distant relatives.; CIDs: linalool=6549"
coriander powder,,bitter|sweet,oily|waxy,alcoholic|coconut|ethereal|fatty|soapy,rule-derived,,,
coriander root,,bitter|sweet,oily|waxy,alcoholic|coconut|ethereal|fatty|soapy,rule-derived,,,
coriander seed,,bitter|sweet,oily|waxy,alcoholic|coconut|ethereal|fatty|soapy,rule-derived,,,
corn,earthy,sweet,juicy,buttery|grassy|sulfurous|toasted|fresh,manual-top-500;tgsc,butter|salt|lime|chili|cilantro|black pepper|cheese,cut-fat|sweet-acid|sweet-acid|sweet-acid|shared-volatile|shared-volatile|umami-bridge,"Dimethyl sulfide is corn's signature compound — strongest in sweet corn, weaker in dent/field corn. The Mexican elote tradition (corn + lime + chili + cilantro + cotija) is built on sweet-acid amplification across multiple axes, with cilantro's C6 aldehydes bridging to corn's grassy hexanal. Corn-butter works through butter's lactones cutting corn's sulfur while complementing its natural sweetness."
corn chex,,sweet,,alcoholic|ethereal,rule-derived,,,
corn chip,,bitter|sweet,,alcoholic|ethereal,rule-derived,,,
corn cob,,sweet,,alcoholic|ethereal,rule-derived,,,
corn flake,,sweet,,alcoholic|ethereal,rule-derived,,,
corn flake crumb,,sweet,,alcoholic|ethereal,rule-derived,,,
corn flakes cereal,,sweet,,alcoholic|ethereal,rule-derived,,,
corn husk,,sweet,,alcoholic|ethereal,rule-derived,,,
corn kernal,,sweet,,alcoholic|ethereal,rule-derived,,,
corn kernel,,sweet,,alcoholic|ethereal,rule-derived,,,
corn mix,,sweet,,alcoholic|ethereal,rule-derived,,,
corn muffin,,sweet,,alcoholic|ethereal,rule-derived,,,
corn niblet,,sweet,,alcoholic|ethereal,rule-derived,,,
corn oil,,,cooling|oily|waxy,almond shell|apple|berry|bread|bready,rule-derived,,,
corn oil margarine,,sweet,,alcoholic|ethereal,rule-derived,,,
corn syrup,,bitter|sweet,,alcoholic|ethereal,rule-derived,,,
corn tortilla,,bitter|sweet,,alcoholic|citrus|ethereal|lemon|orange peel,rule-derived,,,
corn tortilla chip,,bitter|sweet,,ethereal|alcoholic|chocolate|peach,rule-derived,,,
corn with,,sweet,,alcoholic|ethereal,rule-derived,,,
cornbread,,bitter|sweet,,alcoholic|ethereal,rule-derived,,,
cornbread crumb,,bitter|sweet,,alcoholic|ethereal,rule-derived,,,
cornbread dressing,,bitter|sweet,,alcoholic|ethereal,rule-derived,,,
cornbread mix,,bitter|sweet,,alcoholic|ethereal,rule-derived,,,
cornbread stuffing,,bitter|sweet,,alcoholic|ethereal,rule-derived,,,
cornbread stuffing mix,,bitter|sweet,,alcoholic|ethereal,rule-derived,,,
corned beef,,sweet,,alcoholic|ethereal,rule-derived,,,
corned beef brisket,,sweet,,alcoholic|ethereal,rule-derived,,,
corned beef hash,,sweet,,alcoholic|ethereal,rule-derived,,,
cornflour,,sweet,,,rule-derived,,,
cornichon,,sweet,,alcoholic|ethereal,rule-derived,,,
cornish game hen,,sweet,,alcoholic|ethereal,rule-derived,,,
cornish hen,,sweet,,alcoholic|ethereal,rule-derived,,,
cornmeal,,sweet,,alcoholic|ethereal,rule-derived,,,
cornmeal mix,,sweet,,alcoholic|ethereal,rule-derived,,,
cornmeal yellow,,sweet,,alcoholic|ethereal,rule-derived,,,
cornmint,,pungent,,,category-heuristic,,,
cornstarch,,sweet,,alcoholic|ethereal,rule-derived,,,
cornstarch mixed,,sweet,,alcoholic|ethereal,rule-derived,,,
cos lettuce,,sweet,,alcoholic|ethereal,rule-derived,,,
cotija,fatty,,,,category-heuristic,,,
cotija cheese,,sweet,cooling,alcoholic|ethereal|mint|terpentine,rule-derived,,,
cottage cheese,,sweet,cooling,alcoholic|ethereal|mint|terpentine,rule-derived,,,
cottonseed,woody,bitter|sweet,,,category-heuristic,,,
country bread,,sweet,waxy|cooling,floral|waxy|cananga|citrus|ether,rule-derived,,,
country sausage,,sweet,,alcoholic|ethereal,rule-derived,,,
country white bread,,bitter|sweet,,alcoholic|ethereal,rule-derived,,,
country-style bread,,sweet,waxy|cooling,floral|waxy|cananga|citrus|ether,rule-derived,,,
country-style pork,,,,roast|sulfurous|vegetable|burnt|caramellic,rule-derived,,,
country-style pork rib,,,,roast|sulfurous|vegetable|burnt|caramellic,rule-derived,,,
course black pepper,,sweet,waxy,alcoholic|alkane|ethereal|gasoline,rule-derived,,,
course salt,,sweet,,alcoholic|ethereal,rule-derived,,,
course sea salt,,sweet,,alcoholic|ethereal,rule-derived,,,
couscou,,bitter|sweet,,alcoholic|ethereal,rule-derived,,,
cow cheese,,sweet,cooling,alcoholic|ethereal|mint|terpentine,rule-derived,,,
crab,marine,sweet|umami,tender,sweet|briny|crustacean|delicate|mild,manual-top-500;tgsc,butter|lemon|mayonnaise|corn|mustard|parsley|mango,cut-fat|cleanse-palate|cut-fat|sweet-acid|shared-volatile|shared-volatile|sweet-acid,"Crab shares the crustacean signature chemistry with shrimp and lobster — 2-acetyl-2-thiazoline + pyrazines from cooking, free glycine + ribonucleotides for sweet-umami synergy. The American crab cake + remoulade tradition relies on cut-fat (mayonnaise as carrier + balance) and shared egg-yolk chemistry."
crab boil,,sweet,,alcoholic|ethereal|mild,rule-derived,,,
crab boil seasoning,,sweet,,alcoholic|ethereal|mild,rule-derived,,,
crab claw,,sweet,,alcoholic|ethereal|mild,rule-derived,,,
crab leg,,sweet,,alcoholic|ethereal|mild,rule-derived,,,
crabmeat,,sweet,,alcoholic|ethereal|mild,rule-derived,,,
cracked ice,,pungent,,,category-heuristic,,,
cracked pepper,,sweet,waxy,alcoholic|alkane|ethereal|gasoline,rule-derived,,,
cracked wheat,,sweet,,alcoholic|bland|ethereal,rule-derived,,,
cracker crumb,,sweet,,alcoholic|ethereal,rule-derived,,,
craisin,,,creamy|oily|waxy,berry|brandy|bread|bready|buttery,rule-derived,,,
cranapple juice,,sweet,,alcoholic|apple|banana|ethereal|fruit,rule-derived,,,
cranberry,fruity,sour|astringent,,fruity|cranberry|tart|astringent|fresh,curated-2026;tgsc;chem-lit,cranberry juice|cranberry sauce|orange|cane sugar,benzoic-acid tartness; orange and warm-spice partner,"dominant=benzoic & quinic acids, anthocyanins"
cranberry bean,,sweet,cooling|creamy|oily,herbal|bean|camphor|cananga|earthy,rule-derived,,,
cranberry cocktail,,sweet,cooling|creamy|oily,herbal|bean|camphor|cananga|earthy,rule-derived,,,
cranberry jelly,,sweet,cooling|creamy|oily,herbal|bean|camphor|cananga|earthy,rule-derived,,,
cranberry juice,,sweet,cooling|creamy|oily,herbal|bean|camphor|cananga|earthy,rule-derived,,,
cranberry juice cocktail,,sweet,cooling|creamy|oily,herbal|bean|camphor|cananga|earthy,rule-derived,,,
cranberry juice concentrate,,sweet,cooling|creamy|oily,herbal|bean|camphor|cananga|earthy,rule-derived,,,
cranberry sauce,,sweet,cooling|creamy|oily,herbal|bean|camphor|cananga|earthy,rule-derived,,,
cranberry-apple juice,,sweet,cooling|creamy|oily,herbal|bean|camphor|cananga|earthy,rule-derived,,,
cranberry-orange relish,,sweet,cooling|creamy|oily,herbal|bean|camphor|cananga|earthy,rule-derived,,,
cranberry-raspberry juice,,sweet,cooling|creamy|oily,herbal|bean|camphor|cananga|earthy,rule-derived,,,
crawfish,,,oily|waxy,herbal|bread|citrus|coconut|earthy,rule-derived,,,
crawfish tail,,,oily|waxy,herbal|bread|citrus|coconut|earthy,rule-derived,,,
crayfish,,bitter|sweet,,alcoholic|ethereal,rule-derived,,,
crayfish tail,,bitter|sweet,,alcoholic|ethereal,rule-derived,,,
cream,fatty,sweet,smooth,milky|rich|sweet|creamy|buttery,curated-2026;tgsc;chem-lit,whipped cream|condensed cream|vanilla|coffee,lactone-diacetyl fat; the mouthfeel and dessert base,"dominant=lactones, diacetyl"
cream cheese,creamy,sour,smooth,tangy|rich|buttery|lactonic|mild,manual-top-500;tgsc,smoked salmon|bagel|chives|jam|berries|cucumber|capers,cut-fat|texture-contrast|shared-volatile|sweet-acid|sweet-acid|cut-fat|sweet-acid,"Mild fermentation + high fat — cream cheese is the textural and acid-buffer member of the dairy section. The bagel-lox tradition (cream cheese + smoked salmon) works through cut-fat plus shared lactones bridging cream cheese to salmon's fat profile, with capers and onion providing cleanse-palate."
cream cheese filling,,sweet,cooling,alcoholic|ethereal|mint|terpentine,rule-derived,,,
cream cheese frosting,,sweet,cooling,alcoholic|ethereal|mint|terpentine,rule-derived,,,
cream cheese icing,,sweet,cooling,alcoholic|ethereal|mint|terpentine,rule-derived,,,
cream cheese layer,,sweet,cooling,alcoholic|ethereal|mint|terpentine,rule-derived,,,
cream chicken soup,,umami|sweet,,,rule-derived,,,
cream corn,,sweet,,alcoholic|ethereal,rule-derived,,,
cream filling,,sweet,,alcoholic|ethereal,rule-derived,,,
cream heavy,,sweet,,alcoholic|ethereal,rule-derived,,,
cream liqueur,,sweet,,alcoholic|ethereal,rule-derived,,,
cream maker,,sweet,,alcoholic|ethereal,rule-derived,,,
cream milk,,sweet,,alcoholic|ethereal,rule-derived,,,
cream mushroom soup,,sweet,waxy,herbal|alkane|citrus|earthy|floral,rule-derived,,,
cream of asparagus soup,,sweet,,alcoholic|ethereal,rule-derived,,,
cream of broccoli soup,,bitter|sweet,,alcoholic|apple|banana|ethereal|fruit,rule-derived,,,
cream of celery,,sweet,cooling,herbal|camphor|cananga|floral|green,rule-derived,,,
cream of celery soup,,sweet,cooling,herbal|camphor|cananga|floral|green,rule-derived,,,
cream of chicken,,umami|sweet,,,rule-derived,,,
cream of chicken soup,,umami|sweet,,,rule-derived,,,
cream of coconut,,sweet,,alcoholic|ethereal,rule-derived,,,
cream of mushroom,,sweet,,apple peel|caramellic|cocoa|coffee|green,rule-derived,,,
cream of mushroom soup,,sweet,waxy,herbal|alkane|citrus|earthy|floral,rule-derived,,,
cream of onion soup,,sweet,,alcoholic|ethereal,rule-derived,,,
cream of potato soup,,sweet,,alcoholic|ethereal,rule-derived,,,
cream of shrimp soup,,sweet,,alcoholic|ethereal,rule-derived,,,
cream of tartar,,sweet,,alcoholic|ethereal,rule-derived,,,
cream of tarter,,sweet,,alcoholic|ethereal,rule-derived,,,
cream of tomato soup,,sweet,,apple peel|apricot|banana|cocoa|coffee,rule-derived,,,
cream of wheat,,sweet,,alcoholic|bland|ethereal,rule-derived,,,
cream sauce,,bitter|sweet,,alcoholic|ethereal,rule-derived,,,
cream sherry,,sweet,,alcoholic|ethereal|mild,rule-derived,,,
cream soda,,sweet,,alcoholic|ethereal,rule-derived,,,
cream soup,,sweet,,alcoholic|ethereal,rule-derived,,,
cream topping,,bitter|sweet,,alcoholic|ethereal,rule-derived,,,
cream-filled,,sweet,,alcoholic|ethereal,rule-derived,,,
cream-style,,sweet,,alcoholic|ethereal,rule-derived,,,
cream-style corn,,sweet,,alcoholic|ethereal,rule-derived,,,
cream-style cottage cheese,,sweet,cooling,alcoholic|ethereal|mint|terpentine,rule-derived,,,
cream-style horseradish,,sweet,pungent,alcoholic|ethereal|garlic|mustard|pungent,rule-derived,,,
creamed cheese,,sweet,cooling,alcoholic|ethereal|mint|terpentine,rule-derived,,,
creamed coconut,,sweet,,alcoholic|ethereal,rule-derived,,,
creamed soup,,sweet,,alcoholic|ethereal,rule-derived,,,
creamed spinach,,sweet,,alcoholic|ammonia|ethereal|fishy,rule-derived,,,
creamer,,sweet,,alcoholic|ethereal,rule-derived,,,
creamette,,sweet,,alcoholic|ethereal,rule-derived,,,
creamy peanut butter,,sweet,cooling,alcoholic|camphor|deep|ethereal|menthol,rule-derived,,,
creamy wheat,,sweet,,alcoholic|bland|ethereal,rule-derived,,,
crema mexicana,fatty,sour,,,category-heuristic,,,
creme fraiche,fatty,sweet|sour,,,category-heuristic,,,
cremini mushroom,,sweet,,apple peel|caramellic|cocoa|coffee|green,rule-derived,,,
creole mustard,,sweet,,alcoholic|ethereal,rule-derived,,,
creole seasoning,,,,,hub-fallback,,,
crimini mushroom,,sweet,,apple peel|caramellic|cocoa|coffee|green,rule-derived,,,
crisco oil,fatty,sweet,,,category-heuristic,,,
crisp apple,,sweet,,alcoholic|apple|banana|ethereal|fruit,rule-derived,,,
crisp bacon,,pungent,,,category-heuristic,,,
crisp fried bacon,,pungent,,,category-heuristic,,,
crisp lettuce,,sweet,,alcoholic|ethereal,rule-derived,,,
crisp rice,,sweet,,alcoholic|berry|bready|ethereal|fermented,rule-derived,,,
crisp rice cereal,,sweet,,alcoholic|berry|bready|ethereal|fermented,rule-derived,,,
crispbread,woody,sweet,,,category-heuristic,,,
crisply cooked bacon,,pungent,,,category-heuristic,,,
crispy rice cereal,,sweet,,alcoholic|berry|bready|ethereal|fermented,rule-derived,,,
croissant,,,,,hub-fallback,,,
crumb,,pungent,,,category-heuristic,,,
crumb crust,woody,sweet,,,category-heuristic,,,
crumb topping,,bitter|sweet,,alcoholic|ethereal,rule-derived,,,
crumble,,pungent,,,category-heuristic,,,
crumble topping,,bitter|sweet,,alcoholic|ethereal,rule-derived,,,
crumbled cornbread,,bitter|sweet,,alcoholic|ethereal,rule-derived,,,
crumbled gorgonzola,,pungent,,,category-heuristic,,,
crumbled saffron thread,woody,bitter|sweet,oily|cooling,alcoholic|camphor|dusty|ethereal|fat,rule-derived,,,
crunchy peanut butter,,sweet,cooling,alcoholic|camphor|deep|ethereal|menthol,rule-derived,,,
crust pie crust,,bitter|sweet,,alcoholic|ethereal,rule-derived,,,
crusty bread,,sweet,waxy|cooling,floral|waxy|cananga|citrus|ether,rule-derived,,,
crusty italian bread,,sweet,waxy|cooling,floral|waxy|cananga|citrus|ether,rule-derived,,,
crusty white bread,,bitter|sweet,,alcoholic|ethereal,rule-derived,,,
crystalized ginger,,sweet,waxy,alcoholic|alkane|ethereal|gasoline,rule-derived,,,
crystallized ginger,,sweet,waxy,alcoholic|alkane|ethereal|gasoline,rule-derived,,,
cubanelle pepper,,,,,rule-derived,,,
cubed apple,,sweet,,alcoholic|apple|banana|ethereal|fruit,rule-derived,,,
cubed beef,,,oily|waxy|cooling,fatty|balsamic|cucumber|dry|earthy,rule-derived,,,
cubed cheese,,sweet,cooling,alcoholic|ethereal|mint|terpentine,rule-derived,,,
cubed watermelon,,sweet,,alcoholic|berry|bready|ethereal|fermented,rule-derived,,,
cubes ice,,pungent,,,category-heuristic,,,
cucumber,green,,crisp,green|cucumber|fresh|melon|watery,curated-2026;tgsc;chem-lit,dill|rice vinegar|greek yogurt|mint,nonadienal gives the clean cooling note; dill and yogurt are classic,"dominant=(E,Z)-2,6-nonadienal, (E)-2-nonenal; CIDs: (e)-2-nonenal=5283335, (e,z)-2,6-nonadienal=643731"
cucumber dressing,,sweet,,alcoholic|ethereal|grass|leafy|sweaty,rule-derived,,,
cucumber juice,,sweet,,alcoholic|ethereal|grass|leafy|sweaty,rule-derived,,,
cucurbita,,pungent,,,category-heuristic,,,
cumin,spicy,bitter,warming,earthy|sweaty|aldehydic|herbal|seedy,manual-top-500;tgsc,carrot|coriander|chili|cilantro|chickpea|lamb|paprika,shared-volatile|shared-volatile|shared-volatile|shared-volatile|umami-bridge|cut-fat|shared-volatile,"Cuminaldehyde + p-cymene are cumin's chemistry signatures — both also in carrot, hence the natural carrot-cumin pairing (Moroccan tagines, Indian gajar halwa). Cumin-coriander is the Indian/Middle Eastern spice base because both are Apiaceae and share linalool + monoterpenes. The cumin-lamb tradition is cut-fat through phenolic action.; CIDs: linalool=6549"
cumin powder,woody,bitter|sweet,,alcoholic|ethereal|floral|lilac,rule-derived,,,
cupcake,,bitter|sweet,,alcoholic|ethereal,rule-derived,,,
cupcake liner,,bitter|sweet,,alcoholic|ethereal,rule-derived,,,
cupuau,,pungent,,,category-heuristic,,,
curing salt,,sweet,,alcoholic|ethereal,rule-derived,,,
curly leaf,,pungent,,,category-heuristic,,,
curly noodle,woody,sweet,,,category-heuristic,,,
curly parsley,,sweet,,alcoholic|ethereal,rule-derived,,,
currant,,,cooling|oily|pungent,balsamic|banana|brown|cooling|ether,rule-derived,,,
currant jelly,,,cooling|oily|pungent,balsamic|banana|brown|cooling|ether,rule-derived,,,
curry,,bitter|sweet,,alcoholic|ethereal|mild,rule-derived,,,
curry leaf,green,,,citrus|nutty|curry|green|herbal,curated-2026;tgsc;chem-lit,black mustard seed|turmeric|coconut cream|ginger paste,caryophyllene curry-green; bloomed in oil for South-Indian tempering,"dominant=beta-caryophyllene, sesquiterpenes"
curry paste,,,,,hub-fallback,,,
curry powder,spicy,bitter|sweet,warming|pungent,complex|turmeric|warm|coriander|aromatic,manual-top-500,coconut milk|rice|chicken|lamb|lentil|chickpea|ginger,cut-fat|texture-contrast|maillard-bridge|cut-fat|shared-volatile|shared-volatile|shared-volatile,"Curry powder' is a British invention — Indian cooking uses individual spices, not pre-blended powders. Standard curry powder is approximately turmeric (color) + coriander (linalool) + cumin (cuminaldehyde) + chili (capsaicin) + fenugreek + cardamom in various ratios. The result is an integrated spice profile that pairs predictably with coconut + protein + grain.; CIDs: linalool=6549"
curry sauce,,bitter|sweet,,alcoholic|ethereal,rule-derived,,,
custard,creamy,sweet,smooth,rich|eggy|vanilla|silky|dairy,manual-top-500,vanilla|berries|caramel|chocolate|coffee|raspberry|butter,shared-volatile|cut-fat|shared-volatile|shared-volatile|shared-volatile|cut-fat|cut-fat,"Custard's characteristic flavor comes from cooked egg yolk lipids + sulfur compounds + dairy lactones + vanillin. The cooking process (60-85°C window) develops mild Maillard while maintaining the silky texture — same chemistry as crème anglaise, pastry cream, and the base for ice cream.; CIDs: vanillin=1183"
custard powder,fatty,sweet|sour,,,category-heuristic,,,
dabeli masala,,,,,hub-fallback,,,
dairy lowfat sour cream,,bitter|sweet,,alcoholic|ethereal,rule-derived,,,
dairy product,,pungent,,,category-heuristic,,,
dandelion,,pungent,,,category-heuristic,,,
dark beer,,sweet,creamy,alcoholic|creamy|ethereal|fruit|fruity,rule-derived,,,
dark chili powder,,bitter|sweet,,alcoholic|ethereal,rule-derived,,,
dark cocoa,,sweet,,banana|bland|cabbage|fruit|green,rule-derived,,,
dark raisin,,,creamy|oily|waxy,berry|brandy|bread|bready|buttery,rule-derived,,,
dark red kidney bean,,bitter|sweet,cooling|waxy|oily,alcoholic|camphor|coconut|deep|ethereal,rule-derived,,,
dark rye bread,,sweet,,alcoholic|ethereal,rule-derived,,,
dark rye flour,,sweet,cooling,cananga|cocoa|coffee|floral|green,rule-derived,,,
dark sesame oil,,sweet,,alcoholic|berry|bready|ethereal|fermented,rule-derived,,,
dark soy sauce,,sweet,,,rule-derived,,,
dark syrup,,bitter|sweet,,alcoholic|ethereal,rule-derived,,,
dark vinegar,,bitter|sweet,,alcoholic|ethereal|mild,rule-derived,,,
dashi,,umami,,,category-heuristic,,,
dashi stock,,bitter,,,category-heuristic,,,
date,fruity,sweet,,fruity|date|caramel|sweet|deep,curated-2026;tgsc;chem-lit,cane sugar|cinnamon|tahini|walnut oil,caramel-furanone sweetness; pairs with tahini and warm spice,"dominant=furanones, 5-HMF, caramel volatiles"
deer roast,,bitter|sweet,,alcoholic|ethereal,rule-derived,,,
deerberry,fruity,sweet|sour,,,category-heuristic,,,
deli chicken,,umami|sweet,,,rule-derived,,,
deli roast beef,,,oily|waxy|cooling,fatty|balsamic|cucumber|dry|earthy,rule-derived,,,
deli turkey,,bitter|sweet,,alcoholic|ethereal,rule-derived,,,
delicious apple,,sweet,,alcoholic|apple|banana|ethereal|fruit,rule-derived,,,
desiccated coconut,,sweet,,alcoholic|ethereal,rule-derived,,,
dessert apple,,sweet,,alcoholic|apple|banana|ethereal|fruit,rule-derived,,,
dessert wine,,,,,rule-derived,,,
devilfish,,pungent,,,category-heuristic,,,
digestive biscuit,,sweet,cooling,alcoholic|camphor|deep|ethereal|menthol,rule-derived,,,
dijon style mustard,,sweet,,alcoholic|ethereal,rule-derived,,,
dill,green,,,green|grassy|anise|fresh|caraway,curated-2026;tgsc;chem-lit,dill pickle|cider vinegar|sherry vinegar|white fish|greek yogurt,carvone + phellandrene; caraway-adjacent (shared carvone); brightens fish and cream,"dominant=carvone, alpha-phellandrene, limonene; CIDs: carvone=7439, limonene=22311"
dill pickle,,bitter|sweet,,alcoholic|citrus|ethereal|lime|orange peel,rule-derived,,,
dill pickle juice,,bitter|sweet,,alcoholic|citrus|ethereal|lime|orange peel,rule-derived,,,
dill pickle relish,,bitter|sweet,,alcoholic|ethereal,rule-derived,,,
dill relish,,bitter|sweet,,alcoholic|ethereal,rule-derived,,,
dill sauce,,bitter|sweet,,alcoholic|ethereal,rule-derived,,,
dill seed,,bitter|sweet,,alcoholic|citrus|ethereal|lime|orange peel,rule-derived,,,
dillweed,,bitter|sweet,,alcoholic|citrus|ethereal|lime|orange peel,rule-derived,,,
dipping chocolate,,sweet,,alcoholic|ethereal,rule-derived,,,
dipping sauce,,bitter|sweet,,alcoholic|ethereal,rule-derived,,,
dish pie crust,,bitter|sweet,,alcoholic|ethereal,rule-derived,,,
dish pie pastry,,sweet,,alcoholic|ethereal,rule-derived,,,
distilled vinegar,,bitter|sweet,,alcoholic|ethereal|mild,rule-derived,,,
ditalini pasta,,sweet,cooling,alcoholic|camphor|deep|ethereal|menthol,rule-derived,,,
dock,,pungent,,,category-heuristic,,,
doenjang,,,,,hub-fallback,,,
donut,,pungent,,,category-heuristic,,,
double acting baking powder,,bitter,,,category-heuristic,,,
double-acting baking powder,,bitter,,,category-heuristic,,,
doughnut,woody,sweet,,,category-heuristic,,,
dr. pepper,,sweet,waxy,alcoholic|alkane|ethereal|gasoline,rule-derived,,,
drained oil,fatty,sweet,,,category-heuristic,,,
drambuie,,sweet|bitter,,,category-heuristic,,,
dream whip,,pungent,,,category-heuristic,,,
dream whip topping mix,,bitter|sweet,,alcoholic|ethereal,rule-derived,,,
dressing,,sweet,,alcoholic|ethereal,rule-derived,,,
dressing ingredient,,sour|sweet|pungent,,,category-heuristic,,,
dried mixed fruit,,,,,hub-fallback,,,
drizzle olive oil,woody,bitter,powdery|waxy,delicate|floral|powdery|waxy,rule-derived,,,
drumstick leaf,,pungent,,,category-heuristic,,,
dry great northern bean,,bitter|sweet,cooling|waxy|oily,alcoholic|camphor|coconut|deep|ethereal,rule-derived,,,
dry navy bean,,bitter|sweet,cooling|waxy|oily,alcoholic|camphor|coconut|deep|ethereal,rule-derived,,,
dry red wine,,sweet,waxy|oily,coconut|oil|waxy|alcoholic|balsamic,rule-derived,,,
dry sherry,,sweet,,alcoholic|ethereal|mild,rule-derived,,,
dry vermouth,,sweet,,alcoholic|ethereal|mild,rule-derived,,,
dry wine,,,cooling|oily,banana|herbal|apple|apple peel|apricot,rule-derived,,,
duck,meaty,umami,tender,fatty|gamey|rich|crispy-skin|savory,manual-top-500;tgsc;mcgee,orange|wine|apple|ginger|fennel|soy sauce|sesame oil,cut-fat|cut-fat|cut-fat|shared-volatile|cut-fat|umami-bridge|shared-volatile,"Duck has 2-3x the fat of chicken, concentrated in the skin, which when rendered properly creates extensive Maillard compounds + characteristic methyl ketones. Duck-orange is the textbook cut-fat pairing: orange terpenes break through duck fat's heavy mouthfeel. Five-spice duck (fennel + star anise + cinnamon) works through shared anethole-cinnamaldehyde chemistry.; CIDs: anethole=637563, cinnamaldehyde=637511"
duck sauce,,bitter|sweet,,alcoholic|ethereal,rule-derived,,,
duckling,,pungent,,,category-heuristic,,,
dulce de leche,,sweet|bitter,,alcoholic|ethereal,rule-derived,,,
durian,,pungent,,,category-heuristic,,,
ears of corn,,sweet,,alcoholic|ethereal,rule-derived,,,
ears sweet corn,,sweet,,alcoholic|ethereal,rule-derived,,,
easy cheese cream cheese,,,cooling|oily,banana|apple|apricot|balsamic|cocoa,rule-derived,,,
eating apple,,sweet,,alcoholic|apple|banana|ethereal|fruit,rule-derived,,,
edam cheese,,sweet,cooling,alcoholic|ethereal|mint|terpentine,rule-derived,,,
edamame,green,sweet,tender,grassy|sweet-fresh|nutty|pea-like|fresh,manual-top-500;tgsc,salt|soy sauce|sesame oil|garlic|lemon|sake|chili,sweet-acid|umami-bridge|cut-fat|shared-volatile|cleanse-palate|cleanse-palate|texture-contrast,Edamame is fresh-harvested young soybean — retains the legume + green hexanal chemistry without the long cooking that develops mature soybean's protein-fermentation potential. Japanese edamame + salt is the canonical preparation — letting the bean's natural sweetness and grassy character speak.
edamame bean,,bitter|sweet,cooling|waxy|oily,alcoholic|camphor|coconut|deep|ethereal,rule-derived,,,
egg,fatty,umami,,savory|sulfurous|umami|rich|mild,curated-2026;tgsc;chem-lit,egg yolk|egg white|sweet butter|wheat flour,sulfur volatiles + lecithin; the binder and custard base,"dominant=hydrogen sulfide, cooked sulfur volatiles"
egg +,,pungent,,,category-heuristic,,,
egg beater,,pungent,,,category-heuristic,,,
egg bread,,sweet,waxy|cooling,floral|waxy|cananga|citrus|ether,rule-derived,,,
egg nog,,pungent,,,category-heuristic,,,
egg noodle,woody,sweet,,,category-heuristic,,,
egg pasta,,sweet,cooling,alcoholic|camphor|deep|ethereal|menthol,rule-derived,,,
egg roll,,bitter|sweet,,alcoholic|ethereal,rule-derived,,,
egg roll skin,,bitter|sweet,,alcoholic|ethereal,rule-derived,,,
egg roll wrap,,bitter|sweet,,alcoholic|ethereal,rule-derived,,,
egg roll wrapper,,bitter|sweet,,alcoholic|ethereal,rule-derived,,,
egg substitute,,bitter|sweet,,alcoholic|ethereal,rule-derived,,,
egg wash,,pungent,,,category-heuristic,,,
egg white,,,,,category-heuristic,,,
egg yolk,,,,,rule-derived,,,
eggnog,,pungent,,,category-heuristic,,,
eggplant,green,bitter|umami,,green|earthy|mild|vegetal|bitter,curated-2026;tgsc;chem-lit,extra-virgin olive oil|garlic|tomato|marinara sauce,sponge-like; grills to a smoky guaiacol note,"dominant=phenolics, guaiacol (grilled); CIDs: guaiacol=460"
eggs +,,pungent,,,category-heuristic,,,
eggs at,,sweet,waxy,alcoholic|citrus|clean clothes|ethereal|rose,rule-derived,,,
eggs white,,sweet,waxy,alcoholic|citrus|clean clothes|ethereal|rose,rule-derived,,,
eggs yolk,,sweet,waxy,alcoholic|citrus|clean clothes|ethereal|rose,rule-derived,,,
elbow noodle,woody,sweet,,,category-heuristic,,,
elbow pasta,,sweet,cooling,alcoholic|camphor|deep|ethereal|menthol,rule-derived,,,
elderberry,fruity,sweet|sour,,,category-heuristic,,,
elliott's blueberry,fruity,sweet|sour,,,category-heuristic,,,
emmentaler cheese,,sweet,cooling,alcoholic|ethereal|mint|terpentine,rule-derived,,,
emmenthaler cheese,,sweet,cooling|pungent|waxy,pungent|brown|camphor|chocolate|coconut,rule-derived,,,
enchilada sauce,,sweet,,,rule-derived,,,
endive,,pungent,,,category-heuristic,,,
endive lettuce,,sweet,,alcoholic|ethereal,rule-derived,,,
english cheese,,sweet,cooling,alcoholic|ethereal|mint|terpentine,rule-derived,,,
english cheese spread,,sweet,cooling,alcoholic|ethereal|mint|terpentine,rule-derived,,,
english muffin,woody,sweet,,,category-heuristic,,,
english mustard,,sweet,,alcoholic|ethereal,rule-derived,,,
english mustard powder,,sweet,,alcoholic|ethereal,rule-derived,,,
english pea,green,astringent|sweet,,,category-heuristic,,,
english spinach,,sweet,,alcoholic|ammonia|ethereal|fishy,rule-derived,,,
enoki mushroom,,sweet,,apple peel|caramellic|cocoa|coffee|green,rule-derived,,,
enokitake,,pungent,,,category-heuristic,,,
epazote,green,bitter,,green|pungent|petrol|herbal|medicinal,curated-2026;tgsc;chem-lit,chili powder|cumin powder|corn tortilla|garlic,ascaridole petrol-green; the black-bean and Mexican partner,"dominant=ascaridole, p-cymene"
epsom salt,,sweet,,alcoholic|ethereal,rule-derived,,,
equal sugar,,sweet,,alcoholic|ethereal,rule-derived,,,
equal sugar substitute,,bitter|sweet,,alcoholic|ethereal,rule-derived,,,
espelette pepper,,sweet,waxy,alcoholic|alkane|ethereal|gasoline,rule-derived,,,
espresso,,sour,,,category-heuristic,,,
espresso bean,,bitter|sweet,cooling|waxy|oily,alcoholic|camphor|coconut|deep|ethereal,rule-derived,,,
espresso powder,,sour,,,category-heuristic,,,
essential oil,fatty,sweet,,,category-heuristic,,,
eucalyptu,,pungent,,,category-heuristic,,,
european,,sweet,,alcoholic|ethereal,rule-derived,,,
european cucumber,,sweet,,alcoholic|ethereal|grass|leafy|sweaty,rule-derived,,,
european rabbit,,pungent,,,category-heuristic,,,
evaporated milk,,bitter|sweet,,alcoholic|ethereal,rule-derived,,,
evening primrose,,pungent,,,category-heuristic,,,
extra butter,,sweet,,alcoholic|ethereal,rule-derived,,,
extra crunchy peanut butter,,sweet,cooling,alcoholic|camphor|deep|ethereal|menthol,rule-derived,,,
extra flour,,sweet,,,rule-derived,,,
extra lean beef,,,oily|waxy|cooling,fatty|balsamic|cucumber|dry|earthy,rule-derived,,,
extra light olive oil,woody,bitter,powdery|waxy,delicate|floral|powdery|waxy,rule-derived,,,
extra olive oil,woody,bitter,powdery|waxy,delicate|floral|powdery|waxy,rule-derived,,,
extra sharp cheddar cheese,,sweet,cooling,alcoholic|ethereal|mint|terpentine,rule-derived,,,
extra sharp cheese,,sweet,cooling,alcoholic|ethereal|mint|terpentine,rule-derived,,,
extra sugar,,sweet,,alcoholic|ethereal,rule-derived,,,
extra virgin,,pungent,,,category-heuristic,,,
extra virgin coconut oil,,sweet,,alcoholic|ethereal,rule-derived,,,
extra virgin olive oil salt,woody,bitter,powdery|waxy,delicate|floral|powdery|waxy,rule-derived,,,
extra wide egg noodle,woody,sweet,,,category-heuristic,,,
extra-firm tofu,,bitter|sweet,,alcoholic|ethereal,rule-derived,,,
extra-lean beef king sooper,,,oily|waxy|cooling,fatty|balsamic|cucumber|dry|earthy,rule-derived,,,
extra-lean turkey,,bitter|sweet,,alcoholic|ethereal,rule-derived,,,
extra-virgin olive oil,woody,bitter,powdery|waxy,delicate|floral|powdery|waxy,rule-derived,,,
fajita seasoning,,pungent,,,category-heuristic,,,
farfalle pasta,,sweet,cooling,alcoholic|camphor|deep|ethereal|menthol,rule-derived,,,
farmer cheese,,sweet,cooling,alcoholic|ethereal|mint|terpentine,rule-derived,,,
farmers cheese,,sweet,cooling,alcoholic|ethereal|mint|terpentine,rule-derived,,,
fast action yeast,,bitter,,,category-heuristic,,,
fava bean,,bitter|sweet,cooling|waxy|oily,alcoholic|camphor|coconut|deep|ethereal,rule-derived,,,
favorite cheese,,sweet,cooling,alcoholic|ethereal|mint|terpentine,rule-derived,,,
favorite ice cream,,sweet,,alcoholic|ethereal,rule-derived,,,
favorite pasta,,sweet,cooling,alcoholic|camphor|deep|ethereal|menthol,rule-derived,,,
feijoa,,pungent,,,category-heuristic,,,
fennel,green,sweet,crisp,anise|sweet|green|licorice|fresh,curated-2026;tgsc;chem-lit,extra-virgin olive oil|orange|italian sausage|parmesan,"anethole bulb; the citrus, sausage and shaved-salad partner","dominant=anethole, fenchone, estragole; CIDs: anethole=637563, estragole=8815, fenchone=14525"
fennel bulb,,sweet,cooling,lemon|alcoholic|borneol|camphor|citrus,rule-derived,,,
fennel powder,,sweet,cooling,lemon|alcoholic|borneol|camphor|citrus,rule-derived,,,
fennel seed,,sweet,cooling,lemon|alcoholic|borneol|camphor|citrus,rule-derived,,,
fenugreek,,sweet,waxy,alkane|barley|hazelnut|roasted|sweet corn,rule-derived,,,
fenugreek leave,,sweet,waxy,alkane|barley|hazelnut|roasted|sweet corn,rule-derived,,,
fermented tea,,sour,,,category-heuristic,,,
feta,fatty,sour|umami,crumbly,tangy|salty|milky|sheep|lactic,curated-2026;tgsc;chem-lit,extra-virgin olive oil|olive|tomato|watermelon,lipolytic tang-brine; the Greek-salad and watermelon partner,"dominant=lactic acid, free fatty acids"
feta cheese crumble,,sweet,cooling,alcoholic|ethereal|mint|terpentine,rule-derived,,,
fettuccine,,,,,hub-fallback,,,
fettucine noodle,woody,sweet,,,category-heuristic,,,
fettucini noodle,woody,sweet,,,category-heuristic,,,
fig,fruity,sweet,,fruity|fig|green|jammy|honey,curated-2026;tgsc;chem-lit,goat cheese|white balsamic vinegar|walnut oil|brandy,green-honey jam profile; the goat-cheese/balsamic/nut triangle,"dominant=benzaldehyde, (E)-2-hexenal, linalool; CIDs: (e)-2-hexenal=5281168, benzaldehyde=240, linalool=6549"
filbert,,pungent,,,category-heuristic,,,
file powder,,pungent,,,category-heuristic,,,
filet of beef,,,oily|waxy|cooling,fatty|balsamic|cucumber|dry|earthy,rule-derived,,,
fillet of steak,,pungent,,,category-heuristic,,,
filo pastry,woody,sweet,,,category-heuristic,,,
filtered water,,sweet,,alcoholic|ethereal,rule-derived,,,
fine cracker crumb,,sweet,,alcoholic|ethereal,rule-derived,,,
fine dry breadcrumb,,sweet,waxy|cooling,floral|waxy|cananga|citrus|ether,rule-derived,,,
fingerling potatoe,,sweet,,alcoholic|ethereal,rule-derived,,,
finnish whisky,,pungent,,,category-heuristic,,,
fire tomatoe,,sweet,,apple peel|apricot|banana|cocoa|coffee,rule-derived,,,
fireweed,,pungent,,,category-heuristic,,,
firm apple,,sweet,,alcoholic|apple|banana|ethereal|fruit,rule-derived,,,
firm banana,,sweet,cooling,alcoholic|camphor|deep|ethereal|menthol,rule-derived,,,
firm pear,,sweet,,alcoholic|ethereal|grass|leafy|sweaty,rule-derived,,,
firm ripe banana,,sweet,cooling,alcoholic|camphor|deep|ethereal|menthol,rule-derived,,,
firm ripe peache,,sweet,,alcoholic|apple|banana|ethereal|fruit,rule-derived,,,
firm ripe pear,,sweet,,alcoholic|ethereal|grass|leafy|sweaty,rule-derived,,,
firm ripe tomatoe,,sweet,,apple peel|apricot|banana|cocoa|coffee,rule-derived,,,
firm tofu,,bitter|sweet,,alcoholic|ethereal,rule-derived,,,
firm white fish,,bitter|sweet,,alcoholic|ethereal,rule-derived,,,
fish,marine,umami,tender,aldehydic|briny|mild|brothy|aquatic,manual-top-500,lemon|butter|garlic|parsley|capers|olive oil|dill,cleanse-palate|cut-fat|shared-volatile|shared-volatile|umami-bridge|cut-fat|shared-volatile,"Intentionally a catch-all node for white fish (cod, sole, halibut, sea bass) — the lean, mild end of the seafood family that pairs broadly with bright acids and herbs. More specific rows (salmon, tuna, shrimp) cover the distinctive ends. The fish-lemon-butter trio is the universal European protocol for any fish in this category."
fish broth,,,oily|waxy,herbal|bread|citrus|coconut|earthy,rule-derived,,,
fish fillet,,,oily|waxy,herbal|bread|citrus|coconut|earthy,rule-derived,,,
fish sauce,woody,umami,,savory|fermented|umami|funky|salty,curated-2026;tgsc;chem-lit,lime juice|palm sugar|red curry|lemongrass,glutamate + amines; the SE-Asian salt-umami spine (was never a node),"dominant=glutamate, volatile amines; CIDs: glutamate=33032"
fish stock,,,oily|waxy,herbal|bread|citrus|coconut|earthy,rule-derived,,,
five-spice powder,,,,,hub-fallback,,,
flake coconut,,sweet,,alcoholic|ethereal,rule-derived,,,
flake crumb,,pungent,,,category-heuristic,,,
flaked coconut,,sweet,,alcoholic|ethereal,rule-derived,,,
flaked crabmeat,,sweet,,alcoholic|ethereal|mild,rule-derived,,,
flaky sea salt,,sweet,,alcoholic|ethereal,rule-derived,,,
flat anchovie,,pungent,,,category-heuristic,,,
flat beer,,sweet,creamy,alcoholic|creamy|ethereal|fruit|fruity,rule-derived,,,
flat noodle,woody,sweet,,,category-heuristic,,,
flat-leaf,,pungent,,,category-heuristic,,,
flat-leaf italian parsley,,sweet,,alcoholic|ethereal,rule-derived,,,
flat-leaf parsley,,sweet,,alcoholic|ethereal,rule-derived,,,
flat-leaf parsley leave,,sweet,,alcoholic|ethereal,rule-derived,,,
flat-leafed parsley,,sweet,,alcoholic|ethereal,rule-derived,,,
flatbread,,sweet,waxy|cooling,floral|waxy|cananga|citrus|ether,rule-derived,,,
flavored gelatin,,sweet,,alcoholic|ethereal|mild,rule-derived,,,
flavored yogurt,,sweet,,alcoholic|ethereal,rule-derived,,,
flax egg,,pungent,,,category-heuristic,,,
flax seed meal,,sweet,cooling,alcoholic|camphor|deep|ethereal|menthol,rule-derived,,,
flaxseed,,sweet,cooling,alcoholic|camphor|deep|ethereal|menthol,rule-derived,,,
flaxseed oil,,sweet,cooling,alcoholic|camphor|deep|ethereal|menthol,rule-derived,,,
flour,earthy,sweet,powdery,chalky|mild|dusty|cereal|fresh,manual-top-500;mcgee,butter|sugar|egg|yeast|salt|water|milk,maillard-bridge|maillard-bridge|texture-contrast|shared-volatile|sweet-acid|texture-contrast|cut-fat,"Raw flour is nearly aromatic-empty — its pairing chemistry is potential, not actual. When heated with butter (roux), with yeast (bread), with sugar (cakes), it generates the full Maillard cascade: pyrazines, furans, melanoidins. The flour-butter-egg-sugar quartet (cake/cookie base) is the foundational Maillard chemistry of Western baking."
flour tortilla,,bitter|sweet,,alcoholic|citrus|ethereal|lemon|orange peel,rule-derived,,,
flour tortilla shell,,bitter|sweet,,alcoholic|citrus|ethereal|lemon|orange peel,rule-derived,,,
floury potatoe,green,sweet,,,category-heuristic,,,
fluid coconut milk,,sweet,,alcoholic|ethereal,rule-derived,,,
fluid cranberry juice,,sweet,cooling|creamy|oily,herbal|bean|camphor|cananga|earthy,rule-derived,,,
fluid cream cheese,,sweet,cooling,alcoholic|ethereal|mint|terpentine,rule-derived,,,
fluid heavy cream,,sweet,,alcoholic|ethereal,rule-derived,,,
fluid milk,,,,apricot|balsamic|butter|cocoa|coconut,rule-derived,,,
fluid orange juice,,sweet,pungent,pungent|vinegar|cream|ether|flower,rule-derived,,,
fluid pineapple juice,,bitter|sweet,,alcoholic|apple|ethereal|fruit|pineapple,rule-derived,,,
fluid simple syrup,,bitter|sweet,,alcoholic|ethereal,rule-derived,,,
fluid tequila,,bitter|pungent,,,category-heuristic,,,
fluid vodka,,sweet,,alcoholic|ethereal|mild,rule-derived,,,
fluid water,,sweet,,alcoholic|ethereal,rule-derived,,,
foil,,,,,category-heuristic,,,
fontina cheese,,sweet,cooling,alcoholic|ethereal|mint|terpentine,rule-derived,,,
for sauce,,bitter|sweet,,alcoholic|ethereal,rule-derived,,,
four cheese,,sweet,cooling,alcoholic|ethereal|mint|terpentine,rule-derived,,,
frangelico,,sweet|bitter,,,category-heuristic,,,
free-range egg beaten,,pungent,,,category-heuristic,,,
french dressing,,,,,hub-fallback,,,
french fried onion,,sweet,cooling|creamy|oily,bean|cananga|caramel|fatty|floral,rule-derived,,,
french plantain,green,astringent|sweet,,,category-heuristic,,,
french style green bean,,sweet,,alcoholic|bland|ethereal,rule-derived,,,
french vanilla pudding,,bitter|sweet,cooling|waxy|oily,alcoholic|camphor|coconut|deep|ethereal,rule-derived,,,
fresco cheese,,sweet,cooling,alcoholic|ethereal|mint|terpentine,rule-derived,,,
freshly black pepper,,sweet,waxy,alcoholic|alkane|ethereal|gasoline,rule-derived,,,
freshly cardamom,,sweet,waxy|cooling,alkane|burnt|camphor|coconut|floral,rule-derived,,,
freshly cilantro,green,astringent|bitter,,,category-heuristic,,,
freshly cinnamon,,sweet,cooling|waxy|oily,alcoholic|brown|camphor|coconut|deep,rule-derived,,,
freshly coarse black pepper,,sweet,waxy,alcoholic|alkane|ethereal|gasoline,rule-derived,,,
freshly cracked black pepper,,sweet,waxy,alcoholic|alkane|ethereal|gasoline,rule-derived,,,
freshly cracked pepper,,sweet,waxy,alcoholic|alkane|ethereal|gasoline,rule-derived,,,
freshly ginger,,sweet,waxy,alcoholic|alkane|ethereal|gasoline,rule-derived,,,
freshly grnd black pepper,,sweet,waxy,alcoholic|alkane|ethereal|gasoline,rule-derived,,,
freshly grnd pepper,,sweet,waxy,alcoholic|alkane|ethereal|gasoline,rule-derived,,,
freshly lemon,,sweet,cooling,alcoholic|citrus|ethereal|fresh|grapefruit peel,rule-derived,,,
freshly lemon peel,,sweet,cooling,alcoholic|citrus|ethereal|fresh|grapefruit peel,rule-derived,,,
freshly lemon zest,,sweet,cooling,alcoholic|citrus|ethereal|fresh|grapefruit peel,rule-derived,,,
freshly nutmeg,,bitter|sweet,cooling,alcoholic|camphor|ethereal|medicinal|minty,rule-derived,,,
freshly orange rind,,sweet,pungent,pungent|vinegar|cream|ether|flower,rule-derived,,,
freshly orange zest,,sweet,pungent,pungent|vinegar|cream|ether|flower,rule-derived,,,
freshly parmesan cheese,,sweet,cooling,alcoholic|ethereal|mint|terpentine,rule-derived,,,
freshly parmigiano-reggiano,,pungent,,,category-heuristic,,,
freshly parmigiano-reggiano cheese,,sweet,cooling,alcoholic|ethereal|mint|terpentine,rule-derived,,,
freshly parsley,,sweet,,alcoholic|ethereal,rule-derived,,,
freshly pecorino,,pungent,,,category-heuristic,,,
freshly pecorino cheese,,sweet,cooling,alcoholic|ethereal|mint|terpentine,rule-derived,,,
freshly pecorino romano,,pungent,,,category-heuristic,,,
freshly pecorino romano cheese,,sweet,cooling,alcoholic|ethereal|mint|terpentine,rule-derived,,,
freshly pepper,,sweet,waxy,alcoholic|alkane|ethereal|gasoline,rule-derived,,,
freshly romano cheese,,sweet,cooling,alcoholic|ethereal|mint|terpentine,rule-derived,,,
freshly salt,,sweet,,alcoholic|ethereal,rule-derived,,,
freshly squeezed grapefruit juice,,sweet,cooling,alcoholic|camphor|deep|ethereal|menthol,rule-derived,,,
freshly squeezed juice,,sour,,,category-heuristic,,,
freshly squeezed lemon,,sweet,cooling,alcoholic|citrus|ethereal|fresh|grapefruit peel,rule-derived,,,
freshly squeezed lemon juice,,sweet,cooling,alcoholic|citrus|ethereal|fresh|grapefruit peel,rule-derived,,,
freshly squeezed lime juice,,sweet,oily|waxy,rose|alcoholic|alkane|citrus|dusty,rule-derived,,,
freshly squeezed orange juice,,sweet,pungent,pungent|vinegar|cream|ether|flower,rule-derived,,,
freshly thyme,,sweet,cooling|creamy|oily,herbal|bean|camphor|cananga|earthy,rule-derived,,,
freshly whipped cream,,sweet,,alcoholic|ethereal,rule-derived,,,
freshly white pepper,,sweet,waxy,alcoholic|alkane|ethereal|gasoline,rule-derived,,,
freshly- black pepper,,spicy|pungent,,,category-heuristic,,,
frisee lettuce,,sweet,,alcoholic|ethereal,rule-derived,,,
fritos corn chip,,bitter|sweet,,alcoholic|ethereal,rule-derived,,,
fruit,,sweet,,alcoholic|ethereal,rule-derived,,,
fruit cocktail,,bitter,,alcoholic|ethereal,rule-derived,,,
fruit juice,,bitter|sweet,,alcoholic|ethereal|floral|lilac,rule-derived,,,
fruit pectin,,bitter,,alcoholic|ethereal,rule-derived,,,
fruit pie filling,,bitter|sweet,,alcoholic|ethereal,rule-derived,,,
fruit preserve,,bitter|sweet,,alcoholic|ethereal,rule-derived,,,
fruit salad,,bitter|sweet,,alcoholic|ethereal,rule-derived,,,
fruit yogurt,,sweet,,alcoholic|ethereal,rule-derived,,,
fruity red wine,,sweet,waxy|oily,coconut|oil|waxy|alcoholic|balsamic,rule-derived,,,
fry,,pungent,,,category-heuristic,,,
fry sauce,,bitter|sweet,,alcoholic|ethereal,rule-derived,,,
fryer,,pungent,,,category-heuristic,,,
fryer chicken,,umami|sweet,,,rule-derived,,,
frying chicken,,umami|sweet,,,rule-derived,,,
frying oil,fatty,sweet,,,category-heuristic,,,
frzn pea,green,astringent|sweet,,,category-heuristic,,,
frzn spinach,,sweet,,alcoholic|ammonia|ethereal|fishy,rule-derived,,,
fudge,,sweet,,,category-heuristic,,,
fudge sauce,,bitter|sweet,,alcoholic|ethereal,rule-derived,,,
fuji apple,,sweet,,alcoholic|apple|banana|ethereal|fruit,rule-derived,,,
full cream milk,,sweet,,alcoholic|ethereal,rule-derived,,,
full-bodied red wine,,sweet,waxy|oily,coconut|oil|waxy|alcoholic|balsamic,rule-derived,,,
full-fat coconut milk,,sweet,,alcoholic|ethereal,rule-derived,,,
full-fat milk,,,,apricot|balsamic|butter|cocoa|coconut,rule-derived,,,
fully cooked bacon,,pungent,,,category-heuristic,,,
fully ripe avocado,,sweet,,alcoholic|ethereal,rule-derived,,,
fully ripe banana,,sweet,cooling,alcoholic|camphor|deep|ethereal|menthol,rule-derived,,,
fusilli pasta,,sweet,cooling,alcoholic|camphor|deep|ethereal|menthol,rule-derived,,,
gaeta olive,,sweet,,alcoholic|ethereal|fruit|grape|pineapple,rule-derived,,,
gala apple,,sweet,,alcoholic|apple|banana|ethereal|fruit,rule-derived,,,
galangal,woody,spicy|pungent,,ginger|pine|citrus|sharp|woody,curated-2026;tgsc;chem-lit,lemongrass|red curry|unsweetened coconut milk|ginger paste,piney sharper cousin of ginger; the Thai curry trinity with lemongrass,"dominant=galangal acetate, 1,8-cineole; CIDs: 1,8-cineole=2758"
galangal paste,green,pungent|sweet,,,category-heuristic,,,
garam masala,,,,,hub-fallback,,,
garbanzo bean,,bitter|sweet,cooling|waxy|oily,alcoholic|camphor|coconut|deep|ethereal,rule-derived,,,
garbanzo bean flour,,sweet,,,rule-derived,,,
garbanzo flour,,sweet,,,rule-derived,,,
garden cress,,pungent,,,category-heuristic,,,
garden pea,green,astringent|sweet,,,category-heuristic,,,
garland chrysanthemum,,pungent,,,category-heuristic,,,
garlic,green,pungent|umami,,pungent|sulfurous|garlic|green|savory,curated-2026;tgsc;chem-lit,extra-virgin olive oil|marinara sauce|chicken stock|ginger-garlic|pasta sauce,allicin/disulfides; an umami booster and Maillard partner across the allium family,"dominant=allicin, diallyl disulfide, allyl methyl sulfide; CIDs: allicin=65036, diallyl disulfide=16590"
garlic bread,,sweet,,alcoholic|cabbage|ethereal|onion|sulfur,rule-derived,,,
garlic butter,,sweet,,alcoholic|cabbage|ethereal|onion|sulfur,rule-derived,,,
garlic cheese,,sweet,,alcoholic|cabbage|ethereal|onion|sulfur,rule-derived,,,
garlic crouton,,sweet,,alcoholic|cabbage|ethereal|onion|sulfur,rule-derived,,,
garlic granule,,sweet,,alcoholic|cabbage|ethereal|onion|sulfur,rule-derived,,,
garlic juice,,sweet,,alcoholic|cabbage|ethereal|onion|sulfur,rule-derived,,,
garlic oil,,sweet,,alcoholic|cabbage|ethereal|onion|sulfur,rule-derived,,,
garlic pepper,,sweet,,alcoholic|cabbage|ethereal|onion|sulfur,rule-derived,,,
garlic puree,,sweet,,alcoholic|cabbage|ethereal|onion|sulfur,rule-derived,,,
garlic salt,,sweet,,alcoholic|cabbage|ethereal|onion|sulfur,rule-derived,,,
garlic sauce,,sweet,,alcoholic|cabbage|ethereal|onion|sulfur,rule-derived,,,
garlic smashed,,sweet,,alcoholic|cabbage|ethereal|onion|sulfur,rule-derived,,,
garlic soup,,sweet,,alcoholic|cabbage|ethereal|onion|sulfur,rule-derived,,,
gelatin,,sweet,,alcoholic|ethereal|mild,rule-derived,,,
gelatin mix,,sweet,,alcoholic|ethereal|mild,rule-derived,,,
gelatin powder,,sweet,,alcoholic|ethereal|mild,rule-derived,,,
gelatin sheet,,sweet,,alcoholic|ethereal|mild,rule-derived,,,
gelatine,,sweet,,alcoholic|ethereal|mild,rule-derived,,,
gem lettuce,,sweet,,alcoholic|ethereal,rule-derived,,,
gemelli pasta,,sweet,cooling,alcoholic|camphor|deep|ethereal|menthol,rule-derived,,,
geranium,,pungent,,,category-heuristic,,,
ghee,,,,apricot|coconut|lactonic|peach,rule-derived,,,
giant butterbur,,pungent,,,category-heuristic,,,
gin,,sweet,,alcoholic|ethereal|mild,rule-derived,,,
ginger,spicy,pungent,warming|pungent,lemony|woody|terpenic|earthy|fresh,manual-top-500;tgsc,garlic|soy sauce|sesame oil|scallion|lime|honey|carrot,shared-volatile|umami-bridge|shared-volatile|shared-volatile|sweet-acid|sweet-acid|shared-volatile,"Zingiberene + citral are ginger's signatures — citral is also the lemon compound, hence the natural ginger-lemon pairing through shared chemistry. Gingerol provides heat through TRPV1 (mild capsaicin family). The East Asian ginger-garlic-scallion trinity works because sulfur compounds + zingiberene generate powerful Maillard pyrazines together.; CIDs: citral=638011"
ginger ale,,sweet,waxy,alcoholic|alkane|ethereal|gasoline,rule-derived,,,
ginger beer,,sweet,waxy,alcoholic|alkane|ethereal|gasoline,rule-derived,,,
ginger freshly,,sweet,waxy,alcoholic|alkane|ethereal|gasoline,rule-derived,,,
ginger garlic paste,,sweet,,,rule-derived,,,
ginger juice,,sweet,waxy,alcoholic|alkane|ethereal|gasoline,rule-derived,,,
ginger liqueur,,sweet,waxy,alcoholic|alkane|ethereal|gasoline,rule-derived,,,
ginger paste,,sweet,waxy,alcoholic|alkane|ethereal|gasoline,rule-derived,,,
ginger powder,,sweet,waxy,alcoholic|alkane|ethereal|gasoline,rule-derived,,,
ginger syrup,,sweet,waxy,alcoholic|alkane|ethereal|gasoline,rule-derived,,,
ginger-garlic,,sweet,,alcoholic|cabbage|ethereal|onion|sulfur,rule-derived,,,
gingerbread,,sweet,waxy,alcoholic|alkane|ethereal|gasoline,rule-derived,,,
gingerbread cake,,sweet,waxy,alcoholic|alkane|ethereal|gasoline,rule-derived,,,
gingerbread mix,,sweet,waxy,alcoholic|alkane|ethereal|gasoline,rule-derived,,,
gingerroot,,sweet,waxy,alcoholic|alkane|ethereal|gasoline,rule-derived,,,
gingersnap,,sweet,waxy,alcoholic|alkane|ethereal|gasoline,rule-derived,,,
gingersnap crumb,,sweet,waxy,alcoholic|alkane|ethereal|gasoline,rule-derived,,,
ginkgo nut,,pungent,,,category-heuristic,,,
ginseng,,pungent,,,category-heuristic,,,
glass noodle,woody,sweet,,,category-heuristic,,,
glass red wine,,sweet,waxy|oily,coconut|oil|waxy|alcoholic|balsamic,rule-derived,,,
glass water,,sweet,,alcoholic|ethereal,rule-derived,,,
glass white wine,,sweet,oily|pungent,ether|ethereal|wine|alcoholic|apricot,rule-derived,,,
glaze,,sour|sweet|pungent,,,category-heuristic,,,
gluten flour,,sweet,,,rule-derived,,,
goat,,bitter|sweet,,alcoholic|ethereal,rule-derived,,,
goat cheese,,sweet,cooling,alcoholic|ethereal|mint|terpentine,rule-derived,,,
goat cheese crumble,,sweet,cooling,alcoholic|ethereal|mint|terpentine,rule-derived,,,
goat meat,,,,acidic|berry|bread|bready|cocoa,rule-derived,,,
goat's milk,,sweet,cooling|creamy|oily,bean|camphor|cananga|chemical|earthy,rule-derived,,,
goats cheese,,sweet,cooling,alcoholic|ethereal|mint|terpentine,rule-derived,,,
gochugaru,,spicy,,,category-heuristic,,,
gochujang,woody,spicy|umami,smooth,,curated-2026;tgsc;composite,sriracha sauce|soy sauce|dark sesame oil|garlic,fermented chile + glutinous-rice + soybean paste,confidence=medium (composite)
goda masala,,,,,hub-fallback,,,
godiva liqueur,,sweet|bitter,,,category-heuristic,,,
gold medal flour,,sweet,,,rule-derived,,,
gold potato,,sweet,,alcoholic|ethereal,rule-derived,,,
gold potatoe,,sweet,,alcoholic|ethereal,rule-derived,,,
gold tequila,,bitter|pungent,,,category-heuristic,,,
golden brown delicious apple,,sweet,,alcoholic|apple|banana|ethereal|fruit,rule-derived,,,
golden brown raisin,,,creamy|oily|waxy,berry|brandy|bread|bready|buttery,rule-derived,,,
golden brown sugar,,sweet,,alcoholic|ethereal,rule-derived,,,
golden butter,,sweet,,alcoholic|ethereal,rule-derived,,,
golden caster sugar,,sweet,,alcoholic|ethereal,rule-derived,,,
golden cream,,sweet,,alcoholic|ethereal,rule-derived,,,
golden delicious apple,,sweet,,alcoholic|apple|banana|ethereal|fruit,rule-derived,,,
golden grahams cereal,woody,sweet,,,category-heuristic,,,
golden onion,,sweet,cooling|creamy|oily,bean|cananga|caramel|fatty|floral,rule-derived,,,
golden potatoe,,sweet,,alcoholic|ethereal,rule-derived,,,
golden raisin,,,creamy|oily|waxy,berry|brandy|bread|bready|buttery,rule-derived,,,
golden seedless raisin,,,creamy|oily|waxy,berry|brandy|bread|bready|buttery,rule-derived,,,
golden sugar,,sweet,,alcoholic|ethereal,rule-derived,,,
golden syrup,,bitter|sweet,,alcoholic|ethereal,rule-derived,,,
goose fat,,pungent,,,category-heuristic,,,
gooseberry,fruity,sweet|sour,,,category-heuristic,,,
gorgonzola cheese,,sweet,cooling,alcoholic|ethereal|mint|terpentine,rule-derived,,,
gouda cheese,,sweet,cooling,alcoholic|ethereal|mint|terpentine,rule-derived,,,
gourmet sauce,,bitter|sweet,,alcoholic|ethereal,rule-derived,,,
graham cracker,,sweet,,alcoholic|ethereal,rule-derived,,,
graham cracker crumb,,sweet,,alcoholic|ethereal,rule-derived,,,
graham cracker crumb crust,,sweet,,alcoholic|ethereal,rule-derived,,,
graham cracker crust,,sweet,,alcoholic|ethereal,rule-derived,,,
graham cracker pie crust,,bitter|sweet,,alcoholic|ethereal,rule-derived,,,
graham cracker pie shell,,sweet,,alcoholic|ethereal,rule-derived,,,
graham cracker sheet,,sweet,,alcoholic|ethereal,rule-derived,,,
graham cracker shell,,sweet,,alcoholic|ethereal,rule-derived,,,
graham cracker square,,sweet,,alcoholic|ethereal,rule-derived,,,
graham crumb,,pungent,,,category-heuristic,,,
graham flour,,sweet,,,rule-derived,,,
graham pie crust,,bitter|sweet,,alcoholic|ethereal,rule-derived,,,
graham wafer,woody,sweet,,,category-heuristic,,,
grain bread,,sweet,waxy|cooling,floral|waxy|cananga|citrus|ether,rule-derived,,,
grain corn,,sweet,,alcoholic|ethereal,rule-derived,,,
grain dijon mustard,,sweet,,alcoholic|ethereal,rule-derived,,,
grain mustard,,sweet,,alcoholic|ethereal,rule-derived,,,
grain rice,,sweet,,alcoholic|berry|bready|ethereal|fermented,rule-derived,,,
grain white rice,,sweet,,alcoholic|berry|bready|ethereal|fermented,rule-derived,,,
grains of salt,,sweet,,alcoholic|ethereal,rule-derived,,,
grainy mustard,,sweet,,alcoholic|ethereal,rule-derived,,,
grand marnier,,sweet|bitter,,,category-heuristic,,,
granny smith apple,fruity,sour,crisp|astringent,estery|tart|green|grassy|cider-like,manual-top-500;tgsc,cheddar|pork|caramel|walnut|sage|brie|fennel,cut-fat|cut-fat|sweet-acid|texture-contrast|shared-volatile|cut-fat|shared-volatile,Higher malic acid + lower ester load than red varieties. The tartness is what cuts cheddar fat — textbook fat-cut pairing in food chemistry literature. Sage shares thujone-adjacent terpenes that bridge to green-apple grassy notes.
grape,,sweet,cooling,alcoholic|camphor|deep|ethereal|menthol,rule-derived,,,
grape jam,,sweet,cooling,alcoholic|camphor|deep|ethereal|menthol,rule-derived,,,
grape jello,,sweet,cooling,alcoholic|camphor|deep|ethereal|menthol,rule-derived,,,
grape jelly,,sweet,cooling,alcoholic|camphor|deep|ethereal|menthol,rule-derived,,,
grape juice,,sweet,cooling,alcoholic|camphor|deep|ethereal|menthol,rule-derived,,,
grape juice concentrate,,sweet,cooling,alcoholic|camphor|deep|ethereal|menthol,rule-derived,,,
grape leave,,sweet,cooling,alcoholic|camphor|deep|ethereal|menthol,rule-derived,,,
grape nut,fruity,sweet|sour,,,category-heuristic,,,
grape nut cereal,woody,sweet,,,category-heuristic,,,
grape tomatoe,,sweet,,apple peel|apricot|banana|cocoa|coffee,rule-derived,,,
grape-nut,,sweet,cooling,alcoholic|camphor|deep|ethereal|menthol,rule-derived,,,
grapefruit,fruity,sour|bitter,juicy,citrus|grapefruit|bitter|fresh|tart,curated-2026;tgsc;chem-lit,orange|lemon|gin|cane sugar,nootkatone + thiol; bitter-citrus partner for gin and other citrus,"dominant=nootkatone, limonene, 1-p-menthene-8-thiol; CIDs: limonene=22311, nootkatone=1268142"
grapefruit juice,,sweet,cooling,alcoholic|camphor|deep|ethereal|menthol,rule-derived,,,
grapeseed,,sweet,cooling,alcoholic|camphor|deep|ethereal|menthol,rule-derived,,,
grapeseed oil,,,powdery|waxy,delicate|floral|powdery|waxy,rule-derived,,,
grass pea,green,astringent|sweet,,,category-heuristic,,,
gratin potatoe,,sweet,,alcoholic|ethereal,rule-derived,,,
great horned owl,,pungent,,,category-heuristic,,,
great northern bean,,bitter|sweet,cooling|waxy|oily,alcoholic|camphor|coconut|deep|ethereal,rule-derived,,,
great northern white bean,,bitter|sweet,cooling|waxy|oily,alcoholic|camphor|coconut|deep|ethereal,rule-derived,,,
greek olive,,sweet,,alcoholic|ethereal|fruit|grape|pineapple,rule-derived,,,
greek yogurt,,sweet,,alcoholic|ethereal,rule-derived,,,
green apple,,,,,rule-derived,,,
green banana,,sweet,cooling,alcoholic|camphor|deep|ethereal|menthol,rule-derived,,,
green bean,green,,crisp,green|bean|grassy|fresh|vegetal,curated-2026;tgsc;chem-lit,extra-virgin olive oil|garlic|almond|sherry vinegar,hexenal snap-green; almond and shallot partner,"dominant=(Z)-3-hexenal, 1-octen-3-ol; CIDs: (z)-3-hexenal=643941, 1-octen-3-ol=18827"
green cabbage,,,,,rule-derived,,,
green cardamom pod,,sweet,waxy|cooling,alkane|burnt|camphor|coconut|floral,rule-derived,,,
green chartreuse,,sweet|bitter,,,category-heuristic,,,
green chile pepper,,sweet,waxy,alcoholic|alkane|ethereal|gasoline,rule-derived,,,
green chile salsa,,,,,hub-fallback,,,
green chili,,bitter|sweet,,alcoholic|ethereal,rule-derived,,,
green chili pepper,,sweet,waxy,alcoholic|alkane|ethereal|gasoline,rule-derived,,,
green chili salsa,,bitter|sweet,,alcoholic|ethereal,rule-derived,,,
green chili sauce,,bitter|sweet,,alcoholic|ethereal,rule-derived,,,
green chilie,,bitter|sweet,,alcoholic|ethereal,rule-derived,,,
green chutney,,,,,hub-fallback,,,
green coriander,,bitter|sweet,oily|waxy,alcoholic|coconut|ethereal|fatty|soapy,rule-derived,,,
green enchilada sauce,,sweet,,,rule-derived,,,
green garlic,,sweet,,alcoholic|cabbage|ethereal|onion|sulfur,rule-derived,,,
green grape,,,,,rule-derived,,,
green jalapeno,,,,bell|green pepper|pepper|spice,rule-derived,,,
green jalapeno pepper,,,,,rule-derived,,,
green leaf lettuce,,sweet,,alcoholic|ethereal,rule-derived,,,
green lentil,,,,,rule-derived,,,
green lettuce,,sweet,,alcoholic|ethereal,rule-derived,,,
green lima bean,,bitter|sweet,cooling,alcoholic|camphor|deep|ethereal|menthol,rule-derived,,,
green mango,,sweet,,alcoholic|ethereal,rule-derived,,,
green mangoe,,sweet,,alcoholic|ethereal,rule-derived,,,
green olive,,sweet,,alcoholic|ethereal|fruit|grape|pineapple,rule-derived,,,
green pea,green,astringent|sweet,,,category-heuristic,,,
green pepper,green,sweet|bitter,crisp,pyrazinic|sharp|vegetative|grassy|fresh,manual-top-500;tgsc,tomato|beef|onion|garlic|paprika|chili|bay leaf,shared-volatile|umami-bridge|shared-volatile|shared-volatile|shared-volatile|shared-volatile|tradition,2-isobutyl-3-methoxypyrazine is the green pepper compound — also in unripe tomato and Cabernet wines. The shared methoxypyrazine chemistry across tomato/pepper/beef pyrazines (Maillard) makes Italian/Spanish cooking integrated.
green peppercorn,,sweet,waxy,alcoholic|alkane|ethereal|gasoline,rule-derived,,,
green plantain,fruity,bitter,,,category-heuristic,,,
green salsa,,sour|sweet|pungent,,,category-heuristic,,,
green sauce,,bitter|sweet,,alcoholic|ethereal,rule-derived,,,
green scallion,green,pungent|sweet,,,category-heuristic,,,
green seedless grape,,sweet,cooling,alcoholic|camphor|deep|ethereal|menthol,rule-derived,,,
green shallot,,bitter|sweet,cooling,alcoholic|camphor|deep|ethereal|menthol,rule-derived,,,
green split pea,green,astringent|sweet,,,category-heuristic,,,
green spring onion,,sweet,cooling|creamy|oily,bean|cananga|caramel|fatty|floral,rule-derived,,,
green sweet pepper,,sweet,waxy,alcoholic|alkane|ethereal|gasoline,rule-derived,,,
green tea,,sour,,,category-heuristic,,,
green tomato,,sweet,,apple peel|apricot|banana|cocoa|coffee,rule-derived,,,
green tomatoe,,sweet,,apple peel|apricot|banana|cocoa|coffee,rule-derived,,,
green zucchini,,sweet,,alcoholic|bland|ethereal,rule-derived,,,
greenland halibut,,pungent,,,category-heuristic,,,
greenthread tea,,sour,,,category-heuristic,,,
grenadine,,sweet,,,category-heuristic,,,
greylag goose,,pungent,,,category-heuristic,,,
grill,,pungent,,,category-heuristic,,,
grill pan,,pungent,,,category-heuristic,,,
grill seasoning,,pungent,,,category-heuristic,,,
grilled chicken,,umami|sweet,,,rule-derived,,,
grnd beef,,,oily|waxy|cooling,fatty|balsamic|cucumber|dry|earthy,rule-derived,,,
grnd black pepper,,sweet,waxy,alcoholic|alkane|ethereal|gasoline,rule-derived,,,
grnd coriander,,bitter|sweet,oily|waxy,alcoholic|coconut|ethereal|fatty|soapy,rule-derived,,,
grnd cumin,woody,bitter|sweet,,alcoholic|ethereal|floral|lilac,rule-derived,,,
grnd ginger,,sweet,waxy,alcoholic|alkane|ethereal|gasoline,rule-derived,,,
grnd nutmeg,,bitter|sweet,cooling,alcoholic|camphor|ethereal|medicinal|minty,rule-derived,,,
grnd pepper,,sweet,waxy,alcoholic|alkane|ethereal|gasoline,rule-derived,,,
groundcherry,,pungent,,,category-heuristic,,,
gruyere,nutty,salty|sweet,smooth,nutty|sweet-aged|buttery|complex|melting,manual-top-500;tgsc;mcgee,bread|wine|mushroom|ham|onion|mustard|apple,texture-contrast|cut-fat|umami-bridge|cut-fat|shared-volatile|shared-volatile|cut-fat,Propionic acid bacteria in gruyere generate propionic + acetic acids during aging plus CO2 (the holes) — this produces the distinctive nutty-sweet character that distinguishes it from cheddar's sharp-aged or parmesan's umami-aged profiles. French onion soup's gruyere + caramelized onion + bread is a triple Maillard-and-umami pairing.
gruyère cheese,,sweet,cooling,alcoholic|ethereal|mint|terpentine,rule-derived,,,
guajillo chili,,bitter|sweet,,alcoholic|ethereal,rule-derived,,,
guajillo chilie,,bitter|sweet,,alcoholic|ethereal,rule-derived,,,
guava,fruity,sweet|sour,,fruity|guava|tropical|musky|sweet,curated-2026;tgsc;chem-lit,cane sugar|lime juice|light cream cheese|chili powder,sulfur-ester tropical; the cream-cheese pastry and chile partner,"dominant=esters, (Z)-3-hexenal, sulfur thiols; CIDs: (z)-3-hexenal=643941"
guava jelly,,sweet,,alcoholic|alliaceous|cabbage|ethereal|onion,rule-derived,,,
guava juice,,sweet,,alcoholic|alliaceous|cabbage|ethereal|onion,rule-derived,,,
guava paste,,sweet,,alcoholic|alliaceous|cabbage|ethereal|onion,rule-derived,,,
habanero,,spicy,,,category-heuristic,,,
habanero chile,,spicy|pungent,,,category-heuristic,,,
habanero sauce,,bitter|sweet,,alcoholic|ethereal,rule-derived,,,
hair pasta,,sweet,cooling,alcoholic|camphor|deep|ethereal|menthol,rule-derived,,,
half and half,,,,,hub-fallback,,,
half half,,,,,hub-fallback,,,
halloumi cheese,,sweet,cooling,alcoholic|ethereal|mint|terpentine,rule-derived,,,
haloumi cheese,,sweet,cooling,alcoholic|ethereal|mint|terpentine,rule-derived,,,
halved cherry tomatoe,,sweet,cooling|pungent|waxy,ethereal|pungent|brown|camphor|chocolate,rule-derived,,,
halved grape tomatoe,,sweet,,apple peel|apricot|banana|cocoa|coffee,rule-derived,,,
ham,smoky,salty,tender,cured|salty-fatty|brothy|sweet-ham|woody,manual-top-500;tgsc,cheese|pineapple|maple syrup|mustard|egg|parmesan|butter,cut-fat|sweet-acid|sweet-acid|cut-fat|shared-volatile|umami-bridge|cut-fat,"Ham's distinctive flavor comes from nitrite curing (which creates the pink color + specific cured-meat aromas) combined with pork's base chemistry. The 4-allyl-2,6-dimethoxyphenol that gives roasted pork its 'sweet-ham' character is concentrated in cured ham. Ham-pineapple is the sweet-acid classic (bromelain enzyme also tenderizes the meat mechanically)."
hamburg,,sweet,,alcoholic|ethereal,rule-derived,,,
hamburger,,sweet,,alcoholic|ethereal,rule-derived,,,
hamburger bun,,sweet,,alcoholic|ethereal,rule-derived,,,
hamburger meat,,sweet,,alcoholic|ethereal,rule-derived,,,
hard cheese,,sweet,cooling,alcoholic|ethereal|mint|terpentine,rule-derived,,,
haricot bean,,bitter|sweet,cooling|waxy|oily,alcoholic|camphor|coconut|deep|ethereal,rule-derived,,,
harissa,fruity,spicy|sour,smooth,,curated-2026;tgsc;composite,paprika|cumin powder|garlic|extra-virgin olive oil|coriander seed,chile + cumin + caraway + garlic in oil,confidence=medium (composite)
harissa paste,,,,,hub-fallback,,,
harissa spice,,,,,hub-fallback,,,
hash brown potatoe,,sweet,,alcoholic|ethereal,rule-derived,,,
hass avocado,,sweet,,alcoholic|ethereal,rule-derived,,,
havarti cheese,,sweet,cooling,alcoholic|ethereal|mint|terpentine,rule-derived,,,
hawaiian salt,,sweet,,alcoholic|ethereal,rule-derived,,,
hazelnut,fatty,sweet,crunchy,nutty|hazelnut|roasted|sweet|praline,curated-2026;tgsc;chem-lit,milk chocolate|espresso powder|cane sugar|golden brown sugar,filbertone + pyrazines; the chocolate-coffee praline axis,"dominant=filbertone, pyrazines"
hazelnut flour,,sweet,cooling,alcoholic|camphor|deep|ethereal|menthol,rule-derived,,,
hazelnut liqueur,,sweet,cooling,alcoholic|camphor|deep|ethereal|menthol,rule-derived,,,
hazelnut meal,,sweet,cooling,alcoholic|camphor|deep|ethereal|menthol,rule-derived,,,
hazelnut oil,,sweet,cooling,alcoholic|camphor|deep|ethereal|menthol,rule-derived,,,
hazelnut-flavored liqueur,,sweet,cooling,alcoholic|camphor|deep|ethereal|menthol,rule-derived,,,
hearts of romaine lettuce,,sweet,,alcoholic|bland|ethereal,rule-derived,,,
hearts romaine lettuce,,sweet,,alcoholic|bland|ethereal,rule-derived,,,
hearty red wine,,sweet,waxy|oily,coconut|oil|waxy|alcoholic|balsamic,rule-derived,,,
heavy whipped cream,,sweet,,alcoholic|ethereal,rule-derived,,,
heavy whipping cream whipped,,sweet,,alcoholic|ethereal,rule-derived,,,
heirloom tomatoe,,sweet,,apple peel|apricot|banana|cocoa|coffee,rule-derived,,,
hemp seed,fatty,bitter,crunchy,nutty|green|grassy|hemp|seed,curated-2026;tgsc;chem-lit,almond milk|flaxseed|soymilk|nutritional yeast,grassy omega-rich seed; folds into plant-milk and vegan bases,"dominant=omega fatty acids, hexanal"
herb seasoned stuffing,,bitter|sweet,,alcoholic|ethereal,rule-derived,,,
herb seasoned stuffing mix,,bitter|sweet,,alcoholic|ethereal,rule-derived,,,
herb stuffing,,bitter|sweet,,alcoholic|ethereal,rule-derived,,,
herb stuffing mix,,bitter|sweet,,alcoholic|ethereal,rule-derived,,,
herbe,,bitter|sweet,,alcoholic|ethereal,rule-derived,,,
herbe de provence,,,,,hub-fallback,,,
herbes de provence,,,,,hub-fallback,,,
hibiscus tea,,sour,,,category-heuristic,,,
hickory flavored barbecue sauce,,bitter|sweet,,alcoholic|ethereal,rule-derived,,,
hickory liquid smoke,,pungent,,,category-heuristic,,,
hickory nut,,sweet,cooling|waxy|oily,alcoholic|brown|camphor|coconut|deep,rule-derived,,,
hickory smoke,,pungent,,,category-heuristic,,,
hickory smoke salt,,sweet,,alcoholic|ethereal,rule-derived,,,
hickory smoked bacon,,pungent,,,category-heuristic,,,
hickory smoked salt,,sweet,,alcoholic|ethereal,rule-derived,,,
hidden valley dressing,,sour|sweet|pungent,,,category-heuristic,,,
high heat cooking oil,fatty,sweet,,,category-heuristic,,,
hogplum,fruity,sweet|sour,,,category-heuristic,,,
hoisin,,,,,hub-fallback,,,
hoisin sauce,fermented,sweet|umami,viscous,tangy|sweet-savory|aged|anisic|garlicky,manual-top-500,pork|duck|rice|soy sauce|noodles|scallion|ginger,tradition|cut-fat|texture-contrast|umami-bridge|texture-contrast|shared-volatile|shared-volatile,"Hoisin is fermented soybean paste enriched with garlic, vinegar, sugar, and five-spice powder (typically containing star anise, cloves, cinnamon, fennel, Sichuan pepper) — the result is layered umami + sweet + warm-aromatic chemistry. Hoisin-duck (Peking duck) is the canonical pairing where five-spice anethole cuts duck fat.; CIDs: anethole=637563"
hokkien noodle,woody,sweet,,,category-heuristic,,,
hollandaise sauce,,bitter|sweet,,alcoholic|ethereal,rule-derived,,,
hollandaise sauce mix,,bitter|sweet,,alcoholic|ethereal,rule-derived,,,
hominy,woody,sweet,,,category-heuristic,,,
homogenized milk,,,,apricot|balsamic|butter|cocoa|coconut,rule-derived,,,
honey,floral,sweet,viscous,sweet|floral|honey|waxy|fruity,curated-2026;tgsc;chem-lit,cane sugar|lemon juice|lavender|greek yogurt,"phenylacetaldehyde floral-sweet; the lavender, lemon and cheese partner","dominant=phenylacetaldehyde, methyl anthranilate; CIDs: methyl anthranilate=8635"
honey crisp apple,,sweet,,alcoholic|apple|banana|ethereal|fruit,rule-derived,,,
honey ham,,bitter|sweet,,alcoholic|ethereal|mild,rule-derived,,,
honey maid,,bitter|sweet,,alcoholic|ethereal|mild,rule-derived,,,
honey mustard,,sweet,,alcoholic|ethereal,rule-derived,,,
honey nut,,bitter|sweet,,alcoholic|ethereal|mild,rule-derived,,,
honey syrup,,bitter|sweet,,alcoholic|ethereal|mild,rule-derived,,,
honeydew,,bitter|sweet,,alcoholic|ethereal|mild,rule-derived,,,
honeydew melon,,bitter|sweet,,alcoholic|ethereal|mild,rule-derived,,,
hop,,pungent,,,category-heuristic,,,
hops oil,fatty,sweet,,,category-heuristic,,,
hormel chili,,bitter|sweet,,alcoholic|ethereal,rule-derived,,,
hormel chili with bean,,bitter|sweet,,alcoholic|ethereal,rule-derived,,,
hormel chili without bean,,bitter|sweet,,alcoholic|ethereal,rule-derived,,,
hormel real bacon bit,,pungent,,,category-heuristic,,,
horseradish,green,pungent,,pungent|sharp|sinus|mustard|sulfurous,curated-2026;tgsc;chem-lit,beef stock|low-fat sour cream|mustard powder|crabmeat,isothiocyanate sinus-heat; the roast-beef and seafood partner,dominant=allyl isothiocyanate; CIDs: allyl isothiocyanate=5971
horseradish cream,,sweet,pungent,alcoholic|ethereal|garlic|mustard|pungent,rule-derived,,,
horseradish mustard,,sweet,pungent,alcoholic|ethereal|garlic|mustard|pungent,rule-derived,,,
horseradish root,,sweet,pungent,alcoholic|ethereal|garlic|mustard|pungent,rule-derived,,,
horseradish sauce,,sweet,pungent,alcoholic|ethereal|garlic|mustard|pungent,rule-derived,,,
hot sauce,spicy,pungent|sour,viscous|pungent,capsaicinoid|tangy|garlicky|fermented|sharp,manual-top-500,egg|chicken|rice|noodles|lime|garlic|salt,shared-volatile|maillard-bridge|umami-bridge|shared-volatile|sweet-acid|shared-volatile|sweet-acid,"Hot sauce typically combines capsaicin (heat), vinegar (acetic acid, the cleansing acid), garlic, salt, and sometimes sugar — the formula is essentially 'engineered umami-bridge with heat assist.' Sriracha specifically adds garlic and sugar to the base, making it sweet-spicy-acidic rather than purely hot."
hotsauce,,bitter|sweet,,alcoholic|ethereal,rule-derived,,,
huitlacoche,green,umami,,,category-heuristic,,,
hyacinth,,pungent,,,category-heuristic,,,
hyssop oil,fatty,sweet,,,category-heuristic,,,
ice cream,creamy,sweet,smooth|cooling,rich|frozen|lactonic|silky|delicate,manual-top-500,chocolate|vanilla|berries|coffee|caramel|banana|sugar,shared-volatile|shared-volatile|cut-fat|shared-volatile|shared-volatile|texture-contrast|sweet-acid,"Ice cream is a frozen emulsion of cream + milk + sugar + (often) egg yolk — dairy lactones provide the foundation, fat content (10-18% in premium variants) drives mouthfeel, and the freezing temperature suppresses other flavors so additives need more intensity to register. Vanilla ice cream is the universal dessert pairing partner because vanillin bridges to most sweet flavor families.; CIDs: vanillin=1183"
ice cube,,pungent,,,category-heuristic,,,
ice water,,sweet,,alcoholic|ethereal,rule-derived,,,
iceberg lettuce,,,,,rule-derived,,,
iceburg lettuce,,sweet,,alcoholic|ethereal,rule-derived,,,
iced tea,,sour,,,category-heuristic,,,
icing,,sweet,,,category-heuristic,,,
idaho potatoe,,sweet,,alcoholic|ethereal,rule-derived,,,
imitation crab,,sweet,,alcoholic|ethereal|mild,rule-derived,,,
imitation crabmeat,,sweet,,alcoholic|ethereal|mild,rule-derived,,,
instant beef bouillon,,,oily|waxy|cooling,fatty|balsamic|cucumber|dry|earthy,rule-derived,,,
instant beef bouillon granule,,,oily|waxy|cooling,fatty|balsamic|cucumber|dry|earthy,rule-derived,,,
instant brown rice,,sweet,,alcoholic|berry|bready|ethereal|fermented,rule-derived,,,
instant butterscotch pudding,,bitter|sweet,,alcoholic|ethereal,rule-derived,,,
instant chicken,,umami|sweet,,,rule-derived,,,
instant chicken bouillon,,umami|sweet,,,rule-derived,,,
instant chocolate,,sweet,,alcoholic|ethereal,rule-derived,,,
instant chocolate pudding,,sweet,,alcoholic|ethereal,rule-derived,,,
instant chocolate pudding mix,,sweet,,alcoholic|ethereal,rule-derived,,,
instant cocoa,,sweet,,banana|bland|cabbage|fruit|green,rule-derived,,,
instant coconut cream pudding,,sweet,,alcoholic|ethereal,rule-derived,,,
instant coconut pudding,,sweet,,alcoholic|ethereal,rule-derived,,,
instant dry milk,,,,apricot|balsamic|butter|cocoa|coconut,rule-derived,,,
instant lemon pudding,,bitter|sweet,,alcoholic|ethereal,rule-derived,,,
instant lemonade,,sweet,cooling,alcoholic|citrus|ethereal|fresh|grapefruit peel,rule-derived,,,
instant mashed potato,,sweet,,alcoholic|ethereal,rule-derived,,,
instant mashed potatoe,,sweet,,alcoholic|ethereal,rule-derived,,,
instant onion,,sweet,cooling|creamy|oily,bean|cananga|caramel|fatty|floral,rule-derived,,,
instant pistachio pudding,,sweet,,alcoholic|ethereal,rule-derived,,,
instant pistachio pudding mix,,sweet,,alcoholic|ethereal,rule-derived,,,
instant polenta,woody,sweet,,,category-heuristic,,,
instant rice,,sweet,,alcoholic|berry|bready|ethereal|fermented,rule-derived,,,
instant sugar,,sweet,,alcoholic|ethereal,rule-derived,,,
instant vanilla,,bitter|sweet,cooling|waxy|oily,alcoholic|camphor|coconut|deep|ethereal,rule-derived,,,
instant vanilla pudding,,bitter|sweet,cooling|waxy|oily,alcoholic|camphor|coconut|deep|ethereal,rule-derived,,,
instant vanilla pudding mix,,bitter|sweet,cooling|waxy|oily,alcoholic|camphor|coconut|deep|ethereal,rule-derived,,,
instant white rice,,sweet,,alcoholic|berry|bready|ethereal|fermented,rule-derived,,,
instant yeast,,bitter,,,category-heuristic,,,
irish cream,,sweet,,alcoholic|ethereal,rule-derived,,,
irish cream liqueur,,sweet,,alcoholic|ethereal,rule-derived,,,
irish moss,,pungent,,,category-heuristic,,,
irish potatoe,,sweet,,alcoholic|ethereal,rule-derived,,,
italian bread,,sweet,waxy|cooling,floral|waxy|cananga|citrus|ether,rule-derived,,,
italian bread crumb,,sweet,waxy|cooling,floral|waxy|cananga|citrus|ether,rule-derived,,,
italian cheese,,sweet,cooling,alcoholic|ethereal|mint|terpentine,rule-derived,,,
italian cheese blend,,sweet,cooling,alcoholic|ethereal|mint|terpentine,rule-derived,,,
italian chicken sausage,,umami|sweet,,,rule-derived,,,
italian dressing,,,,,hub-fallback,,,
italian eggplant,,sweet,,alcoholic|bland|ethereal,rule-derived,,,
italian flavored bread crumb,,sweet,waxy|cooling,floral|waxy|cananga|citrus|ether,rule-derived,,,
italian frying pepper,,sweet,waxy,alcoholic|alkane|ethereal|gasoline,rule-derived,,,
italian green bean,,sweet,,alcoholic|bland|ethereal,rule-derived,,,
italian parsley leave,,sweet,,alcoholic|ethereal,rule-derived,,,
italian pepper,,sweet,waxy,alcoholic|alkane|ethereal|gasoline,rule-derived,,,
italian plum,,sweet,waxy,banana|pineapple|apple|apple peel|apricot,rule-derived,,,
italian plum tomatoe,,sweet,,apple peel|apricot|banana|cocoa|coffee,rule-derived,,,
italian pork sausage,,sweet,,alcoholic|ethereal,rule-derived,,,
italian roma tomatoe,,sweet,,apple peel|apricot|banana|cocoa|coffee,rule-derived,,,
italian salad dressing,,sweet,,alcoholic|ethereal,rule-derived,,,
italian salad dressing mix,,sweet,,alcoholic|ethereal,rule-derived,,,
italian sauce,,bitter|sweet,,alcoholic|ethereal,rule-derived,,,
italian sausage,,sweet,,alcoholic|ethereal,rule-derived,,,
italian sausage link,,sweet,,alcoholic|ethereal,rule-derived,,,
italian seasoned bread crumb,,sweet,waxy|cooling,floral|waxy|cananga|citrus|ether,rule-derived,,,
italian seasoning,,,,,hub-fallback,,,
italian stewed tomatoe,,sweet,,apple peel|apricot|banana|cocoa|coffee,rule-derived,,,
italian sweet sausage,,sweet,,alcoholic|ethereal,rule-derived,,,
italian tomato,,sweet,,apple peel|apricot|banana|cocoa|coffee,rule-derived,,,
italian tomatoe,,sweet,,apple peel|apricot|banana|cocoa|coffee,rule-derived,,,
italian turkey sausage,,sweet,,alcoholic|ethereal,rule-derived,,,
italian zesty,,pungent,,,category-heuristic,,,
italian-style salad dressing,,sweet,,alcoholic|ethereal,rule-derived,,,
italian-style stewed tomatoe,,sweet,,apple peel|apricot|banana|cocoa|coffee,rule-derived,,,
italian-style tomatoe,,sweet,,apple peel|apricot|banana|cocoa|coffee,rule-derived,,,
jack cheese,,sweet,cooling,alcoholic|ethereal|mint|terpentine,rule-derived,,,
jackfruit,,pungent,,,category-heuristic,,,
jaggery,,sweet,,,category-heuristic,,,
jalapeno bean,,,,bell|green pepper|pepper|spice,rule-derived,,,
jalapeno bean dip,,,,bell|green pepper|pepper|spice,rule-derived,,,
jalapeno cheese,,,,bell|green pepper|pepper|spice,rule-derived,,,
jalapeno cheez whiz,,,,bell|green pepper|pepper|spice,rule-derived,,,
jalapeno chile,,,,bell|green pepper|pepper|spice,rule-derived,,,
jalapeno chili,,,,bell|green pepper|pepper|spice,rule-derived,,,
jalapeno chilie,,,,bell|green pepper|pepper|spice,rule-derived,,,
jalapeno jelly,,,,bell|green pepper|pepper|spice,rule-derived,,,
jalapeno juice,,,,bell|green pepper|pepper|spice,rule-derived,,,
jalapeno relish,,,,bell|green pepper|pepper|spice,rule-derived,,,
jalapeno sauce,,,,bell|green pepper|pepper|spice,rule-derived,,,
jalapeño,,spicy,,,category-heuristic,,,
jalepeno pepper,,sweet,waxy,alcoholic|alkane|ethereal|gasoline,rule-derived,,,
jam,,sweet,,,category-heuristic,,,
jamón ibérico,,sweet,,,category-heuristic,,,
japanese breadcrumb,,sweet,waxy|cooling,floral|waxy|cananga|citrus|ether,rule-derived,,,
japanese eggplant,,sweet,,alcoholic|bland|ethereal,rule-derived,,,
japanese mustard,,sweet,,alcoholic|ethereal,rule-derived,,,
japanese persimmon,fruity,sweet|sour,,,category-heuristic,,,
japanese whisky,,pungent,,,category-heuristic,,,
jarlsberg cheese,,sweet,cooling,alcoholic|ethereal|mint|terpentine,rule-derived,,,
jasmine,floral,bitter,,floral|jasmine|sweet|green|indolic,curated-2026;tgsc;chem-lit,cane sugar|simple syrup|rice noodle|coconut cream,indole-jasmone heady floral; scents rice and sweets,"dominant=benzyl acetate, linalool, indole, jasmone; CIDs: benzyl acetate=8785, indole=798, jasmone=1549018, linalool=6549"
jello gelatin,,sweet,,alcoholic|ethereal|mild,rule-derived,,,
jelly,,bitter|sweet,,alcoholic|balsam|ethereal|oriental,rule-derived,,,
jellyfish,,sweet,,,category-heuristic,,,
jerk spice,,,,,hub-fallback,,,
jersey royal potatoe,green,sweet,,,category-heuristic,,,
jerusalem artichoke,green,astringent|sweet,,,category-heuristic,,,
jew's ear,,pungent,,,category-heuristic,,,
jicama,,pungent,,,category-heuristic,,,
jif creamy,,sweet,,alcoholic|ethereal,rule-derived,,,
jif peanut butter,,sweet,cooling,alcoholic|camphor|deep|ethereal|menthol,rule-derived,,,
juice,,bitter|sweet,,alcoholic|ethereal|floral|lilac,rule-derived,,,
juice from,,sour,,,category-heuristic,,,
jujube,,pungent,,,category-heuristic,,,
julienne carrot,,sweet,,alcoholic|bland|ethereal,rule-derived,,,
julienne-cut carrot,,sweet,,alcoholic|bland|ethereal,rule-derived,,,
jumbo egg,,pungent,,,category-heuristic,,,
jumbo lump crabmeat,,sweet,,alcoholic|ethereal|mild,rule-derived,,,
jumbo pasta,,sweet,cooling,alcoholic|camphor|deep|ethereal|menthol,rule-derived,,,
jumbo pasta shell,,sweet,cooling,alcoholic|camphor|deep|ethereal|menthol,rule-derived,,,
jumbo shrimp,,sweet,,alcoholic|ethereal,rule-derived,,,
juniper berrie,,pungent|bitter,,,category-heuristic,,,
jute,,pungent,,,category-heuristic,,,
kaffir lime,,sweet,oily|waxy,rose|alcoholic|alkane|citrus|dusty,rule-derived,,,
kahlua,,sweet,,,category-heuristic,,,
kai lan,,pungent,,,category-heuristic,,,
kalamata olive,,sweet,,alcoholic|ethereal|fruit|grape|pineapple,rule-derived,,,
kale,green,bitter,,green|kale|cabbage|earthy|bitter,curated-2026;tgsc;chem-lit,extra-virgin olive oil|garlic|lemon juice|parmesan,"glucosinolate-bitter green; lemon, oil and cheese tame it","dominant=glucosinolates, hexenals"
kasuri methi,green,bitter,,,category-heuristic,,,
kelp,,pungent,,,category-heuristic,,,
kenaf,,pungent,,,category-heuristic,,,
kernel corn,,sweet,,alcoholic|ethereal,rule-derived,,,
kernel sweet corn,,sweet,,alcoholic|ethereal,rule-derived,,,
ketchup,fermented,sweet|sour|umami,viscous,tangy|tomato|sweet-acid|cooked|spiced,manual-top-500,egg|bacon|beef|mustard|mayonnaise|cheese|chili,tradition|sweet-acid|umami-bridge|shared-volatile|texture-contrast|cut-fat|sweet-acid,"Ketchup's umami-sweet-sour balance reflects engineered food-science optimization — Heinz formulation specifically targets maximum-acceptable concentrations of acetic acid + sucrose simultaneously. Dimethyl sulfide levels are much higher than in fresh tomato (heavy cooking), giving ketchup its characteristic 'savory' depth. Most pairings are tradition-driven rather than chemistry-driven."
ketjap manis,,sweet,,,category-heuristic,,,
kewda,,pungent,,,category-heuristic,,,
key lime juice,,sweet,oily|waxy,rose|alcoholic|alkane|citrus|dusty,rule-derived,,,
kidney bean,,bitter|sweet,cooling|waxy|oily,alcoholic|camphor|coconut|deep|ethereal,rule-derived,,,
kielbasa sausage,,sweet,,alcoholic|ethereal,rule-derived,,,
king crab,,sweet,,alcoholic|ethereal|mild,rule-derived,,,
king prawn,,,,garlic|green|sulfur|sulfurous,rule-derived,,,
king syrup,,bitter|sweet,,alcoholic|ethereal,rule-derived,,,
kitchen twine,,,cooling|oily,banana|herbal|apple|apple peel|apricot,rule-derived,,,
kiwi,fruity,sour|sweet,juicy,fruity|kiwi|green|tart|fresh,curated-2026;tgsc;chem-lit,cane sugar|strawberry|lime juice|simple syrup,green-tart fruit; berry and citrus partner,"dominant=(E)-2-hexenal, ethyl butanoate; CIDs: (e)-2-hexenal=5281168"
kiwi fruit,,sweet,,alcoholic|ethereal,rule-derived,,,
kiwi liqueur,,sweet|bitter,,,category-heuristic,,,
knob butter,,sweet,,alcoholic|ethereal,rule-derived,,,
knob ginger,,sweet,waxy,alcoholic|alkane|ethereal|gasoline,rule-derived,,,
knob of butter,,sweet,,alcoholic|ethereal,rule-derived,,,
knorr chicken,,umami|sweet,,,rule-derived,,,
kohlrabi,,pungent,,,category-heuristic,,,
komatsuna,,pungent,,,category-heuristic,,,
kombu,woody,umami,,marine|umami|seaweed|savory|briny,curated-2026;tgsc;chem-lit,soy sauce|mirin|firm tofu|shiitake mushroom,glutamate (the original isolated umami source); the dashi base,"dominant=glutamate, mannitol; CIDs: glutamate=33032"
korean red pepper,,sweet,waxy,alcoholic|alkane|ethereal|gasoline,rule-derived,,,
kosher dill,,bitter|sweet,,alcoholic|citrus|ethereal|lime|orange peel,rule-derived,,,
kosher dill pickle,,bitter|sweet,,alcoholic|citrus|ethereal|lime|orange peel,rule-derived,,,
kosher sea salt,,sweet,,alcoholic|ethereal,rule-derived,,,
krill,,pungent,,,category-heuristic,,,
kumquat,fruity,sour|sweet,,,category-heuristic,,,
ladyfinger cookie,woody,sweet,,,category-heuristic,,,
lager beer,,sweet,creamy,alcoholic|creamy|ethereal|fruit|fruity,rule-derived,,,
lake trout,,pungent,,,category-heuristic,,,
lamb,fatty,umami,tender,savory|umami|fatty|gamey|roasted,curated-2026;tgsc;chem-lit,rosemary|garlic|cumin powder|mint,branched-chain fatty acids give the gamey note; rosemary and mint partner,dominant=4-methyloctanoic acid (branched-chain FAs)
lamb chop,,,oily|creamy|waxy,fatty|cinnamon|creamy|fruity|hazelnut,rule-derived,,,
lamb fillet,,,oily|creamy|waxy,fatty|cinnamon|creamy|fruity|hazelnut,rule-derived,,,
lamb leg,,,oily|creamy|waxy,fatty|cinnamon|creamy|fruity|hazelnut,rule-derived,,,
lamb loin,,,oily|creamy|waxy,fatty|cinnamon|creamy|fruity|hazelnut,rule-derived,,,
lamb loin chop,,,oily|creamy|waxy,fatty|cinnamon|creamy|fruity|hazelnut,rule-derived,,,
lamb meat,,,oily|creamy|waxy,fatty|cinnamon|creamy|fruity|hazelnut,rule-derived,,,
lamb mince,,,oily|creamy|waxy,fatty|cinnamon|creamy|fruity|hazelnut,rule-derived,,,
lamb rack,,,oily|creamy|waxy,fatty|cinnamon|creamy|fruity|hazelnut,rule-derived,,,
lamb shank,,,oily|creamy|waxy,fatty|cinnamon|creamy|fruity|hazelnut,rule-derived,,,
lamb shoulder,,,oily|creamy|waxy,fatty|cinnamon|creamy|fruity|hazelnut,rule-derived,,,
lamb shoulder chop,,,oily|creamy|waxy,fatty|cinnamon|creamy|fruity|hazelnut,rule-derived,,,
lamb stew meat,,bitter|sweet,,alcoholic|ethereal,rule-derived,,,
lamb stock,,,oily|creamy|waxy,fatty|cinnamon|creamy|fruity|hazelnut,rule-derived,,,
lambsquarter,,pungent,,,category-heuristic,,,
lard,,sweet,,alcoholic|ethereal,rule-derived,,,
lasagna noodle,,sweet,,alcoholic|ethereal,rule-derived,,,
laurel,,pungent,,,category-heuristic,,,
lavendar,,pungent,,,category-heuristic,,,
lavender,floral,bitter,,floral|lavender|herbal|camphor|sweet,curated-2026;tgsc;chem-lit,cane sugar|lemon juice|blueberry|cardamom,"linalool/linalyl acetate; honey, lemon and berry are foils","dominant=linalool, linalyl acetate, camphor; CIDs: camphor=2537, linalool=6549, linalyl acetate=8294"
lavender honey,,bitter|sweet,,alcoholic|ethereal|mild,rule-derived,,,
lavender oil,fatty,sweet,,,category-heuristic,,,
leaf,,sweet,cooling|pungent|waxy,ethereal|pungent|brown|camphor|chocolate,rule-derived,,,
leaf basil,woody,sweet,cooling|creamy|powdery,bean|camphor|cananga|floral|green,rule-derived,,,
leaf lettuce,,sweet,,alcoholic|ethereal,rule-derived,,,
leaf lettuce leave,,sweet,,alcoholic|ethereal,rule-derived,,,
leaf linden,,pungent,,,category-heuristic,,,
leaf oregano,,sweet,cooling|creamy|powdery,herbal|bean|camphor|cananga|floral,rule-derived,,,
leaf spinach,,sweet,,alcoholic|ammonia|ethereal|fishy,rule-derived,,,
leaf thyme,,sweet,cooling|creamy|oily,herbal|bean|camphor|cananga|earthy,rule-derived,,,
leafy green,,pungent,,,category-heuristic,,,
lean bacon,,pungent,,,category-heuristic,,,
lean beef,,,oily|waxy|cooling,fatty|balsamic|cucumber|dry|earthy,rule-derived,,,
lean beef chuck,,,oily|waxy|cooling,fatty|balsamic|cucumber|dry|earthy,rule-derived,,,
lean beef stew meat,,bitter|sweet,,alcoholic|ethereal,rule-derived,,,
lean chicken,,umami|sweet,,,rule-derived,,,
lean grnd beef,,,oily|waxy|cooling,fatty|balsamic|cucumber|dry|earthy,rule-derived,,,
lean hamburger,,sweet,,alcoholic|ethereal,rule-derived,,,
lean lamb,,,oily|creamy|waxy,fatty|cinnamon|creamy|fruity|hazelnut,rule-derived,,,
lean pork,,,,roast|sulfurous|vegetable|burnt|caramellic,rule-derived,,,
lean pork chop,,,,roast|sulfurous|vegetable|burnt|caramellic,rule-derived,,,
lean pork loin,,,,roast|sulfurous|vegetable|burnt|caramellic,rule-derived,,,
lean sausage,,sweet,,alcoholic|ethereal,rule-derived,,,
lean steak,,pungent,,,category-heuristic,,,
lean stew beef,,bitter|sweet,,alcoholic|ethereal,rule-derived,,,
lean stewing beef,,bitter|sweet,,alcoholic|ethereal,rule-derived,,,
lean turkey,,bitter|sweet,,alcoholic|ethereal,rule-derived,,,
leaves lettuce,,sweet,,alcoholic|ethereal,rule-derived,,,
leek,green,sweet|umami,,onion|sweet|mild|green|savory,curated-2026;tgsc;chem-lit,chicken stock|butternut squash|extra-virgin olive oil|potato,mild sweet allium; the potato-leek and braise partner,dominant=disulfides (mild allium)
leek soup mix,,sweet,cooling|waxy|oily,alcoholic|brown|camphor|coconut|deep,rule-derived,,,
leftover mashed potatoe,,sweet,,alcoholic|ethereal,rule-derived,,,
leftover turkey,,bitter|sweet,,alcoholic|ethereal,rule-derived,,,
lemon,fruity,sour,,citrus|lemon|fresh|peel|bright,curated-2026;tgsc;chem-lit,lemon juice|lemon rind|extra-virgin olive oil|chicken stock,"limonene + citral; universal acid-bright lift for fish, dressings, sweets","dominant=limonene, citral, beta-pinene; CIDs: beta-pinene=14896, citral=638011, limonene=22311"
lemon balm,green,,,citrus|lemon|minty|green|fresh,curated-2026;tgsc;chem-lit,lemon juice|mint|simple syrup|cane sugar,citral-citronellal lemon-mint; the tisane and syrup partner,"dominant=citral, citronellal, geranial; CIDs: citral=638011, citronellal=7794"
lemon basil,,sweet,cooling,alcoholic|citrus|ethereal|fresh|grapefruit peel,rule-derived,,,
lemon butter,,sweet,,alcoholic|ethereal,rule-derived,,,
lemon cake,,sweet,cooling,alcoholic|citrus|ethereal|fresh|grapefruit peel,rule-derived,,,
lemon cake mix,,sweet,cooling,alcoholic|citrus|ethereal|fresh|grapefruit peel,rule-derived,,,
lemon concentrate,,sweet,cooling,alcoholic|citrus|ethereal|fresh|grapefruit peel,rule-derived,,,
lemon curd,,sweet,cooling,alcoholic|citrus|ethereal|fresh|grapefruit peel,rule-derived,,,
lemon dressing,,sweet,cooling,alcoholic|citrus|ethereal|fresh|grapefruit peel,rule-derived,,,
lemon extract,,sweet,cooling,alcoholic|citrus|ethereal|fresh|grapefruit peel,rule-derived,,,
lemon filling,,sweet,cooling,alcoholic|citrus|ethereal|fresh|grapefruit peel,rule-derived,,,
lemon flavor,,sweet,cooling,alcoholic|citrus|ethereal|fresh|grapefruit peel,rule-derived,,,
lemon flavored gelatin,,sweet,,alcoholic|ethereal|mild,rule-derived,,,
lemon flavoring,,sweet,cooling,alcoholic|citrus|ethereal|fresh|grapefruit peel,rule-derived,,,
lemon frosting,,sweet,cooling,alcoholic|citrus|ethereal|fresh|grapefruit peel,rule-derived,,,
lemon gelatin,,sweet,,alcoholic|ethereal|mild,rule-derived,,,
lemon glaze,,sweet,cooling,alcoholic|citrus|ethereal|fresh|grapefruit peel,rule-derived,,,
lemon instant pudding,,bitter|sweet,,alcoholic|ethereal,rule-derived,,,
lemon instant pudding mix,,bitter|sweet,,alcoholic|ethereal,rule-derived,,,
lemon jello,,sweet,cooling,alcoholic|citrus|ethereal|fresh|grapefruit peel,rule-derived,,,
lemon juice,,sweet,cooling,alcoholic|citrus|ethereal|fresh|grapefruit peel,rule-derived,,,
lemon juice concentrate,,sweet,cooling,alcoholic|citrus|ethereal|fresh|grapefruit peel,rule-derived,,,
lemon juice freshly squeezed,,sweet,cooling,alcoholic|citrus|ethereal|fresh|grapefruit peel,rule-derived,,,
lemon juice from,,sweet,cooling,alcoholic|citrus|ethereal|fresh|grapefruit peel,rule-derived,,,
lemon juice from concentrate,,sweet,cooling,alcoholic|citrus|ethereal|fresh|grapefruit peel,rule-derived,,,
lemon juice of,,sweet,cooling,alcoholic|citrus|ethereal|fresh|grapefruit peel,rule-derived,,,
lemon juice only,,sweet,cooling,alcoholic|citrus|ethereal|fresh|grapefruit peel,rule-derived,,,
lemon juice salt,,sweet,cooling,alcoholic|citrus|ethereal|fresh|grapefruit peel,rule-derived,,,
lemon juiced,,sweet,cooling,alcoholic|citrus|ethereal|fresh|grapefruit peel,rule-derived,,,
lemon oil,,sweet,cooling,alcoholic|citrus|ethereal|fresh|grapefruit peel,rule-derived,,,
lemon pepper,,sweet,waxy,alcoholic|alkane|ethereal|gasoline,rule-derived,,,
lemon pie filling,,bitter|sweet,,alcoholic|ethereal,rule-derived,,,
lemon pudding,,bitter|sweet,,alcoholic|ethereal,rule-derived,,,
lemon pudding mix,,bitter|sweet,,alcoholic|ethereal,rule-derived,,,
lemon rind,,sweet,cooling,alcoholic|citrus|ethereal|fresh|grapefruit peel,rule-derived,,,
lemon rind strip,,sweet,cooling,alcoholic|citrus|ethereal|fresh|grapefruit peel,rule-derived,,,
lemon sauce,,sweet,cooling,alcoholic|citrus|ethereal|fresh|grapefruit peel,rule-derived,,,
lemon sherbet,,sweet,cooling,alcoholic|citrus|ethereal|fresh|grapefruit peel,rule-derived,,,
lemon soda,,sweet,cooling,alcoholic|citrus|ethereal|fresh|grapefruit peel,rule-derived,,,
lemon sorbet,,sweet,cooling,alcoholic|citrus|ethereal|fresh|grapefruit peel,rule-derived,,,
lemon supreme cake mix,,sweet,cooling,alcoholic|citrus|ethereal|fresh|grapefruit peel,rule-derived,,,
lemon syrup,,sweet,cooling,alcoholic|citrus|ethereal|fresh|grapefruit peel,rule-derived,,,
lemon thyme,,sweet,cooling|pungent|waxy,ethereal|pungent|brown|camphor|chocolate,rule-derived,,,
lemon twist,,sweet,cooling,alcoholic|citrus|ethereal|fresh|grapefruit peel,rule-derived,,,
lemon verbena,green,,,citrus|lemon|fresh|floral|green,curated-2026;tgsc;chem-lit,lemon juice|simple syrup|cane sugar|raspberry,intense citral lemon; the dessert and tea infusion partner,"dominant=citral, limonene; CIDs: citral=638011, limonene=22311"
lemon verbena leave,,sweet,cooling|pungent|waxy,ethereal|pungent|brown|camphor|chocolate,rule-derived,,,
lemon vinaigrette,,sweet,cooling,alcoholic|citrus|ethereal|fresh|grapefruit peel,rule-derived,,,
lemon wedge,,sweet,cooling,alcoholic|citrus|ethereal|fresh|grapefruit peel,rule-derived,,,
lemon wheel,,sweet,cooling,alcoholic|citrus|ethereal|fresh|grapefruit peel,rule-derived,,,
lemon yogurt,,sweet,,alcoholic|ethereal,rule-derived,,,
lemon zest freshly,,sweet,cooling,alcoholic|citrus|ethereal|fresh|grapefruit peel,rule-derived,,,
lemon zested,,sweet,cooling,alcoholic|citrus|ethereal|fresh|grapefruit peel,rule-derived,,,
lemon-lime,,sweet,cooling,alcoholic|citrus|ethereal|fresh|grapefruit peel,rule-derived,,,
lemon-lime beverage,,sweet,cooling,alcoholic|citrus|ethereal|fresh|grapefruit peel,rule-derived,,,
lemon-lime soda,,sweet,cooling,alcoholic|citrus|ethereal|fresh|grapefruit peel,rule-derived,,,
lemon-lime soft drink,,sweet,,alcoholic|ethereal,rule-derived,,,
lemon-pepper seasoning,,sweet,waxy,alcoholic|alkane|ethereal|gasoline,rule-derived,,,
lemonade,,sweet,cooling,alcoholic|citrus|ethereal|fresh|grapefruit peel,rule-derived,,,
lemonade concentrate,,sweet,cooling,alcoholic|citrus|ethereal|fresh|grapefruit peel,rule-derived,,,
lemonade mix,,sweet,cooling,alcoholic|citrus|ethereal|fresh|grapefruit peel,rule-derived,,,
lemongrass,green,,,citrus|lemon|green|grassy|fresh,curated-2026;tgsc;chem-lit,red curry|light coconut milk|unsweetened coconut milk|ginger paste,citral lemon top note; the SE-Asian curry backbone with galangal and coconut,"dominant=citral (geranial + neral), myrcene; CIDs: citral=638011"
lemons juice,,sweet,cooling,alcoholic|citrus|ethereal|fresh|grapefruit peel,rule-derived,,,
lentil,earthy,sweet|umami,tender,nutty|brothy|hearty|mild|protein-rich,manual-top-500;tgsc,cumin|coriander|garlic|lemon|olive oil|carrot|onion,shared-volatile|shared-volatile|shared-volatile|cleanse-palate|cut-fat|shared-volatile|shared-volatile,"Lentils develop mild grain-legume Maillard pyrazines + 2-pentylfuran similar to chickpea, with slightly more iron-mineral character. The Indian dal tradition (lentils + cumin + coriander + garlic + ginger + chili) is the classic Apiaceae-rich spice profile applied to lentils."
lesueur pea,green,astringent|sweet,,,category-heuristic,,,
lettuce,green,sweet,crisp,watery|grassy|mild|hexenal|fresh,manual-top-500;tgsc,tomato|bacon|olive oil|lemon|cucumber|anchovy|cheese,shared-volatile|cut-fat|cut-fat|cleanse-palate|shared-volatile|umami-bridge|cut-fat,Lettuce is largely texture-and-water for the GAT — its limited volatile chemistry (hexenals) doesn't strongly bridge to other ingredients. Most lettuce pairings work on texture-contrast (crisp) and cleanse-palate principles rather than shared chemistry. The Caesar salad's lettuce-anchovy-parmesan combo is umami-bridge despite lettuce's mild flavor.
lettuce leaf,,sweet,,alcoholic|ethereal,rule-derived,,,
lettuce leave,,sweet,,alcoholic|ethereal,rule-derived,,,
light beer,,sweet,creamy,alcoholic|creamy|ethereal|fruit|fruity,rule-derived,,,
light bread,,sweet,waxy|cooling,floral|waxy|cananga|citrus|ether,rule-derived,,,
light brown soft sugar,,sweet,,alcoholic|ethereal,rule-derived,,,
light butter,,sweet,,alcoholic|ethereal,rule-derived,,,
light cheese,,sweet,cooling,alcoholic|ethereal|mint|terpentine,rule-derived,,,
light cherry pie filling,,bitter|sweet,,alcoholic|ethereal,rule-derived,,,
light coconut milk,,sweet,,alcoholic|ethereal,rule-derived,,,
light corn syrup,,bitter|sweet,,alcoholic|ethereal,rule-derived,,,
light cream cheese,,sweet,cooling,alcoholic|ethereal|mint|terpentine,rule-derived,,,
light honey,,bitter|sweet,,alcoholic|ethereal|mild,rule-derived,,,
light karo syrup,,bitter|sweet,,alcoholic|ethereal,rule-derived,,,
light kidney bean,,bitter|sweet,cooling|waxy|oily,alcoholic|camphor|coconut|deep|ethereal,rule-derived,,,
light miso,,bitter|sweet,,alcoholic|ethereal,rule-derived,,,
light olive oil,woody,bitter,powdery|waxy,delicate|floral|powdery|waxy,rule-derived,,,
light raisin,,,creamy|oily|waxy,berry|brandy|bread|bready|buttery,rule-derived,,,
light red kidney bean,,bitter|sweet,cooling|waxy|oily,alcoholic|camphor|coconut|deep|ethereal,rule-derived,,,
light ricotta cheese,,sweet,cooling,alcoholic|ethereal|mint|terpentine,rule-derived,,,
light sesame oil,,sweet,,alcoholic|berry|bready|ethereal|fermented,rule-derived,,,
light sour cream,,bitter|sweet,,alcoholic|ethereal,rule-derived,,,
light soy sauce,,sweet,,alcoholic|ethereal,rule-derived,,,
light soya sauce,,bitter|sweet,,alcoholic|ethereal,rule-derived,,,
light syrup,,bitter|sweet,,alcoholic|ethereal,rule-derived,,,
light vanilla soymilk,,bitter|sweet,cooling|waxy|oily,alcoholic|camphor|coconut|deep|ethereal,rule-derived,,,
light whipped topping,,bitter|sweet,,alcoholic|ethereal,rule-derived,,,
light-brown sugar,,sweet,,alcoholic|ethereal,rule-derived,,,
light-colored corn syrup,,bitter|sweet,,alcoholic|ethereal,rule-derived,,,
lima bean,,bitter|sweet,cooling,alcoholic|camphor|deep|ethereal|menthol,rule-derived,,,
limburger cheese,fatty,sweet|sour,,,category-heuristic,,,
lime,fruity,sour,,citrus|lime|fresh|peel|tart,curated-2026;tgsc;chem-lit,lime juice|lime wedge|tequila|cilantro,limonene + citral; the cilantro/chile/tequila axis,"dominant=limonene, citral, terpinolene; CIDs: citral=638011, limonene=22311"
lime flavored gelatin,,sweet,,alcoholic|ethereal|mild,rule-derived,,,
lime gelatin,,sweet,,alcoholic|ethereal|mild,rule-derived,,,
lime jello,,sweet,oily|waxy,rose|alcoholic|alkane|citrus|dusty,rule-derived,,,
lime juice,,sweet,oily|waxy,rose|alcoholic|alkane|citrus|dusty,rule-derived,,,
lime juice freshly squeezed,,sweet,oily|waxy,rose|alcoholic|alkane|citrus|dusty,rule-derived,,,
lime juiced,,sweet,oily|waxy,rose|alcoholic|alkane|citrus|dusty,rule-derived,,,
lime leaf,,sweet,oily|waxy,rose|alcoholic|alkane|citrus|dusty,rule-derived,,,
lime leave,,sweet,oily|waxy,rose|alcoholic|alkane|citrus|dusty,rule-derived,,,
lime rind,,sweet,oily|waxy,rose|alcoholic|alkane|citrus|dusty,rule-derived,,,
lime sherbet,,sweet,oily|waxy,rose|alcoholic|alkane|citrus|dusty,rule-derived,,,
lime soda,,sweet,oily|waxy,rose|alcoholic|alkane|citrus|dusty,rule-derived,,,
lime wedge,,sweet,oily|waxy,rose|alcoholic|alkane|citrus|dusty,rule-derived,,,
lime wheel,,sweet,oily|waxy,rose|alcoholic|alkane|citrus|dusty,rule-derived,,,
limeade,,sweet,oily|waxy,rose|alcoholic|alkane|citrus|dusty,rule-derived,,,
limeade concentrate,,sweet,oily|waxy,rose|alcoholic|alkane|citrus|dusty,rule-derived,,,
linden,,pungent,,,category-heuristic,,,
lingonberry,,sweet,cooling|waxy|oily,ethereal|alcoholic|brown|camphor|chocolate,rule-derived,,,
linguica sausage,,sweet,,alcoholic|ethereal,rule-derived,,,
linguine noodle,woody,sweet,,,category-heuristic,,,
linguine pasta,,sweet,cooling,alcoholic|camphor|deep|ethereal|menthol,rule-derived,,,
linseed,,,,,rule-derived,,,
liqourice,,pungent,,,category-heuristic,,,
liqueur,,sweet|bitter,,,category-heuristic,,,
liquid butter,,sweet,,alcoholic|ethereal,rule-derived,,,
liquid cheese,fatty,sweet|sour,,,category-heuristic,,,
liquid crab boil,,sweet,,alcoholic|ethereal|mild,rule-derived,,,
liquid egg,,pungent,,,category-heuristic,,,
liquid egg substitute,,bitter|sweet,,alcoholic|ethereal,rule-derived,,,
liquid fruit pectin,,bitter,,alcoholic|ethereal,rule-derived,,,
liquid honey,,bitter|sweet,,alcoholic|ethereal|mild,rule-derived,,,
liquid oil,fatty,sweet,,,category-heuristic,,,
liquid pepper sauce,,sweet,waxy,alcoholic|alkane|ethereal|gasoline,rule-derived,,,
liquid smoke,,pungent,,,category-heuristic,,,
liquid smoke flavoring,,sweet|pungent,,,category-heuristic,,,
litchi,,pungent,,,category-heuristic,,,
lite coconut milk,,sweet,,alcoholic|ethereal,rule-derived,,,
lite cream cheese,,sweet,cooling,alcoholic|ethereal|mint|terpentine,rule-derived,,,
lite salt,,sweet,,alcoholic|ethereal,rule-derived,,,
littleneck clam,,,waxy|oily|cooling,waxy|apple|apricot|berry|bready,rule-derived,,,
live lobster,,,,cheesy|citrus|garlic|grassy|green,rule-derived,,,
loaves bread,,sweet,waxy|cooling,floral|waxy|cananga|citrus|ether,rule-derived,,,
loaves white bread,,bitter|sweet,,alcoholic|ethereal,rule-derived,,,
lobster,marine,sweet|umami,tender,sweet|briny|crustacean|brothy|rich,manual-top-500;tgsc;mcgee,butter|lemon|garlic|wine|corn|mayonnaise|basil,cut-fat|cleanse-palate|shared-volatile|cleanse-palate|sweet-acid|cut-fat|shared-volatile,Lobster has unusually high concentrations of free glycine and arginine — both naturally sweet amino acids — combined with IMP nucleotides for multiplicative umami synergy. The lobster-butter-lemon pairing isn't just tradition: butter's lactones complement lobster's sweet character while lemon cleanses the rich palate.
lobster meat,,,,cheesy|citrus|garlic|grassy|green,rule-derived,,,
locatelli cheese,,bitter|sweet,cooling|waxy|oily,alcoholic|camphor|coconut|deep|ethereal,rule-derived,,,
loganberry,fruity,sweet|sour,,,category-heuristic,,,
loin pork chop,,,,roast|sulfurous|vegetable|burnt|caramellic,rule-derived,,,
loin roast,,pungent,,,category-heuristic,,,
long bean,,bitter|sweet,cooling|waxy|oily,alcoholic|camphor|coconut|deep|ethereal,rule-derived,,,
long grain brown rice,,sweet,,alcoholic|berry|bready|ethereal|fermented,rule-derived,,,
long grain wild rice,,bitter|sweet,cooling,alcoholic|camphor|deep|ethereal|menthol,rule-derived,,,
long red chili,,bitter|sweet,,alcoholic|ethereal,rule-derived,,,
long red chili pepper,,sweet,waxy,alcoholic|alkane|ethereal|gasoline,rule-derived,,,
long red chilie,,bitter|sweet,,alcoholic|ethereal,rule-derived,,,
long-grain rice,,sweet,,alcoholic|berry|bready|ethereal|fermented,rule-derived,,,
long-grain white rice,,sweet,,alcoholic|berry|bready|ethereal|fermented,rule-derived,,,
longan,,pungent,,,category-heuristic,,,
longhorn cheese,,sweet,cooling,alcoholic|ethereal|mint|terpentine,rule-derived,,,
loose sausage,,sweet,,alcoholic|ethereal,rule-derived,,,
loquat,,pungent,,,category-heuristic,,,
lotu,,pungent,,,category-heuristic,,,
lotus root,,sweet,cooling|waxy|oily,brown|camphor|chocolate|coconut|deep,rule-derived,,,
lovage,green,bitter,,celery|herbal|green|intense|savory,curated-2026;tgsc;chem-lit,celery|chicken stock|potato|bay leaf,intense celery phthalide; the broth and potato partner,dominant=3-butylidene phthalide
low-fat butter,,sweet,,alcoholic|ethereal,rule-derived,,,
low-fat buttermilk,,sweet,,alcoholic|ethereal,rule-derived,,,
low-fat cheese,,sweet,cooling,alcoholic|ethereal|mint|terpentine,rule-derived,,,
low-fat chicken broth,,umami|sweet,,,rule-derived,,,
low-fat cottage cheese,,sweet,cooling,alcoholic|ethereal|mint|terpentine,rule-derived,,,
low-fat cream cheese,,sweet,cooling,alcoholic|ethereal|mint|terpentine,rule-derived,,,
low-fat cream of chicken soup,,umami|sweet,,,rule-derived,,,
low-fat cream of mushroom soup,,sweet,waxy,herbal|alkane|citrus|earthy|floral,rule-derived,,,
low-fat milk,,,,apricot|balsamic|butter|cocoa|coconut,rule-derived,,,
low-fat mozzarella cheese,,sweet,cooling,alcoholic|ethereal|mint|terpentine,rule-derived,,,
low-fat plain yogurt,,sweet,,alcoholic|ethereal,rule-derived,,,
low-fat ricotta cheese,,sweet,cooling,alcoholic|ethereal|mint|terpentine,rule-derived,,,
low-fat sour cream,,bitter|sweet,,alcoholic|ethereal,rule-derived,,,
low-fat swiss cheese,,sweet,cooling,alcoholic|ethereal|mint|terpentine,rule-derived,,,
low-fat vanilla,,bitter|sweet,cooling|waxy|oily,alcoholic|camphor|coconut|deep|ethereal,rule-derived,,,
low-fat vanilla yogurt,,bitter|sweet,cooling|waxy|oily,alcoholic|camphor|coconut|deep|ethereal,rule-derived,,,
low-fat yogurt,,sweet,,alcoholic|ethereal,rule-derived,,,
low-salt,,sweet,,alcoholic|ethereal,rule-derived,,,
low-salt beef broth,,sweet,,alcoholic|ethereal,rule-derived,,,
low-salt chicken broth,,umami|sweet,,,rule-derived,,,
low-sodium beef broth,,,oily|waxy|cooling,fatty|balsamic|cucumber|dry|earthy,rule-derived,,,
low-sugar,,sweet,,alcoholic|ethereal,rule-derived,,,
lump butter,,sweet,,alcoholic|ethereal,rule-derived,,,
lump crab,,sweet,,alcoholic|ethereal|mild,rule-derived,,,
lump crabmeat,,sweet,,alcoholic|ethereal|mild,rule-derived,,,
lump of butter,,sweet,,alcoholic|ethereal,rule-derived,,,
lupine,,pungent,,,category-heuristic,,,
maca powder,,pungent,,,category-heuristic,,,
macadamia nut,woody,bitter|sweet,,,category-heuristic,,,
macaroni,,,,,rule-derived,,,
macaroni noodle,,,,,rule-derived,,,
macaroni pasta,,,,,rule-derived,,,
mace,woody,spicy|bitter,,warm|woody|nutmeg|sweet|spicy,curated-2026;tgsc;chem-lit,nutmeg|cinnamon|clove|pumpkin pie spice,the nutmeg aril - same myristicin but finer and brighter,"dominant=myristicin, sabinene; CIDs: myristicin=4276, sabinene=18818"
made pie crust,,bitter|sweet,,alcoholic|ethereal,rule-derived,,,
madeira wine,woody,sweet,,alcoholic|ethereal|mild,rule-derived,,,
maitake,,pungent,,,category-heuristic,,,
maitake mushroom,,sweet,,apple peel|caramellic|cocoa|coffee|green,rule-derived,,,
makrut lime leave,,sweet,oily|waxy,rose|alcoholic|alkane|citrus|dusty,rule-derived,,,
malibu coconut rum,,sweet,,alcoholic|ethereal,rule-derived,,,
malt,,pungent,,,category-heuristic,,,
malt vinegar,,bitter|sweet,,alcoholic|ethereal|mild,rule-derived,,,
malt whisky,,pungent,,,category-heuristic,,,
manchego cheese,,sweet,cooling,alcoholic|ethereal|mint|terpentine,rule-derived,,,
mandarin juice,fruity,sour|sweet,,,category-heuristic,,,
mandarin orange,,sweet,cooling|powdery,camphor|cananga|floral|green|herbal,rule-derived,,,
mandarin orange section,,sweet,cooling|powdery,camphor|cananga|floral|green|herbal,rule-derived,,,
mango,fruity,sweet,juicy,fruity|mango|tropical|sweet|resinous,curated-2026;tgsc;chem-lit,lime juice|chili powder|coconut cream|cilantro,terpinolene-resin tropical; the lime-chile and coconut axis,"dominant=terpinolene, (Z)-ocimene, esters"
mango juice,,sweet,,alcoholic|ethereal,rule-derived,,,
mango powder,,sweet,,alcoholic|ethereal,rule-derived,,,
mango puree,,sweet,,alcoholic|ethereal,rule-derived,,,
mango salsa,,sweet,,alcoholic|ethereal,rule-derived,,,
mangoe,,sweet,,alcoholic|ethereal,rule-derived,,,
manila clam,,,waxy|oily|cooling,waxy|apple|apricot|berry|bready,rule-derived,,,
manzanilla olive,,sweet,,alcoholic|ethereal|fruit|grape|pineapple,rule-derived,,,
maple bacon,,pungent,,,category-heuristic,,,
maple sugar,,sweet,,alcoholic|ethereal,rule-derived,,,
maple syrup,woody,sweet,viscous,sweet|maple|caramel|woody|toffee,curated-2026;tgsc;chem-lit,golden brown sugar|bourbon|pecan|bacon,sotolone maple-caramel (the same lactone as fenugreek); the pecan and bacon partner,"dominant=sotolone, maple furanone, vanillin; CIDs: sotolone=62835, vanillin=1183"
maraschino cherry,,sweet,cooling,cananga|cocoa|coffee|floral|green,rule-derived,,,
maraschino cherry halve,,sweet,cooling,cananga|cocoa|coffee|floral|green,rule-derived,,,
maraschino cherry juice,,sweet,cooling,cananga|cocoa|coffee|floral|green,rule-derived,,,
maraschino liqueur,,sweet|bitter,,,category-heuristic,,,
marcona almond,,sweet,oily|waxy,alcoholic|ethereal|fat|orange|rose,rule-derived,,,
margarine,fatty,sweet,,,category-heuristic,,,
margarine like spread,fatty,sweet,,,category-heuristic,,,
marinade,,sour|sweet|pungent,,,category-heuristic,,,
marinara sauce,,bitter|sweet,,alcoholic|ethereal,rule-derived,,,
marjoram,,sweet,cooling|creamy|powdery,bean|camphor|cananga|floral|green,rule-derived,,,
marsala wine,,,cooling|oily,banana|herbal|apple|apple peel|apricot,rule-derived,,,
marshmallow,,sweet,,,category-heuristic,,,
marshmallow cream,,bitter|sweet,,alcoholic|ethereal|mild,rule-derived,,,
marshmallow whip,,bitter|sweet,,alcoholic|ethereal|mild,rule-derived,,,
masa harina,woody,sweet,,,category-heuristic,,,
mascarpone,creamy,sweet,smooth,rich|buttery|silky|fatty|mild,manual-top-500;tgsc,coffee|sugar|berries|vanilla|chocolate|cream|lemon,shared-volatile|sweet-acid|cut-fat|shared-volatile|shared-volatile|texture-contrast|cleanse-palate,"Mascarpone is essentially 'fresh cream-cheese with extra cream' — fat content ~75% by weight, much higher than ricotta or cream cheese. The Italian tiramisu tradition (mascarpone + coffee + cocoa + ladyfingers) is built on cut-fat balancing coffee/cocoa bitterness with mascarpone's neutral richness as the textural canvas."
mascarpone cheese,,sweet,cooling,alcoholic|ethereal|mint|terpentine,rule-derived,,,
mashed banana,,sweet,cooling,alcoholic|camphor|deep|ethereal|menthol,rule-derived,,,
mashed cooked sweet potatoe,,sweet,cooling,alcoholic|camphor|deep|ethereal|menthol,rule-derived,,,
mashed overripe banana,,sweet,cooling,alcoholic|camphor|deep|ethereal|menthol,rule-derived,,,
mashed potatoe,,sweet,,alcoholic|ethereal,rule-derived,,,
mashed ripe banana,,sweet,cooling,alcoholic|camphor|deep|ethereal|menthol,rule-derived,,,
mashed sweet potato,,sweet,cooling,alcoholic|camphor|deep|ethereal|menthol,rule-derived,,,
mashed sweet potatoe,,sweet,cooling,alcoholic|camphor|deep|ethereal|menthol,rule-derived,,,
mastic gum,,pungent,,,category-heuristic,,,
matcha green tea powder,,bitter|sweet,,alcoholic|cherry|ethereal,rule-derived,,,
matcha powder,,pungent,,,category-heuristic,,,
matchstick carrot,,sweet,,alcoholic|bland|ethereal,rule-derived,,,
mate,,pungent,,,category-heuristic,,,
matzo cake meal,,bitter|sweet,,alcoholic|ethereal,rule-derived,,,
maui onion,,sweet,cooling|creamy|oily,bean|cananga|caramel|fatty|floral,rule-derived,,,
mayo,,,,,hub-fallback,,,
mayonnaise,fatty,sour,smooth,creamy|tangy|mild|emulsified|eggy,manual-top-500;mcgee,tuna|egg|mustard|lemon|garlic|capers|ham,cut-fat|texture-contrast|shared-volatile|cleanse-palate|shared-volatile|umami-bridge|cut-fat,"Mayonnaise is fundamentally about texture more than flavor — egg yolk lecithin emulsifies oil into a stable cream, with vinegar/lemon as both acid balance and stability factor. Aioli is mayo + garlic (the original Mediterranean version); American mayo adds sugar for sweetness. Most mayo-based pairings work through cut-fat against rich proteins."
mcbutter,,sweet,,alcoholic|ethereal,rule-derived,,,
meal flour,,sweet,,,rule-derived,,,
meat,,pungent,,,category-heuristic,,,
meat broth,,,,acidic|berry|bread|bready|cocoa,rule-derived,,,
meat sauce,,bitter|sweet,,alcoholic|ethereal,rule-derived,,,
meatball,,pungent,,,category-heuristic,,,
meatloaf,,pungent,,,category-heuristic,,,
medjool date,,sweet,pungent,ethereal|alcoholic|ether|pungent|whiskey,rule-derived,,,
medlar,,pungent,,,category-heuristic,,,
mein noodle,woody,sweet,,,category-heuristic,,,
melon,,sweet,,banana|apple peel|apricot|fruit|green,rule-derived,,,
melon liqueur,,sweet,,banana|apple peel|apricot|fruit|green,rule-derived,,,
melting cheese,,sweet,cooling,alcoholic|ethereal|mint|terpentine,rule-derived,,,
mentha oil,fatty,sweet,,,category-heuristic,,,
meringue powder,,sweet,,alcoholic|ethereal|mild,rule-derived,,,
mexican cheese,,sweet,cooling,alcoholic|ethereal|mint|terpentine,rule-derived,,,
mexican groundcherry,,pungent,,,category-heuristic,,,
mexico chile,,spicy|pungent,,,category-heuristic,,,
mexicorn,,sweet,,alcoholic|ethereal,rule-derived,,,
mezcal,,bitter|pungent,,,category-heuristic,,,
mild cheese,,sweet,cooling,alcoholic|ethereal|mint|terpentine,rule-derived,,,
milk,creamy,sweet,smooth,fatty|mild|lactonic|buttery|fresh,manual-top-500;tgsc,chocolate|coffee|cereal|honey|vanilla|strawberry|cinnamon,shared-volatile|cut-fat|tradition|sweet-acid|shared-volatile|shared-volatile|shared-volatile,"Delta-decalactone and related lactones in milk fat are the same compound family as coconut, peach, and apricot — milk's 'creamy' character is largely lactone chemistry. Milk-chocolate works through lactones bridging to cocoa's pyrazines plus cut-fat from milk against cocoa's bitter compounds."
milk cheese,,sweet,cooling,alcoholic|ethereal|mint|terpentine,rule-derived,,,
milk chocolate,,sweet,,alcoholic|ethereal,rule-derived,,,
milk chocolate chip,,sweet,,alcoholic|ethereal,rule-derived,,,
milk chocolate frosting,,sweet,,alcoholic|ethereal,rule-derived,,,
milk chocolate kisse,,sweet,,alcoholic|ethereal,rule-derived,,,
milk chocolate morsel,,sweet,,alcoholic|ethereal,rule-derived,,,
milk fat,fatty,sweet|sour,,,category-heuristic,,,
milk human,fatty,sweet|sour,,,category-heuristic,,,
milk powder,,,waxy|oily|cooling,coconut|waxy|fatty|apricot|butter,rule-derived,,,
milk ricotta,,,,apricot|balsamic|butter|cocoa|coconut,rule-derived,,,
milk ricotta cheese,,sweet,cooling,alcoholic|ethereal|mint|terpentine,rule-derived,,,
milk yogurt,,sweet,,alcoholic|ethereal,rule-derived,,,
milkshake,,sweet|sour,,,category-heuristic,,,
milky,,,,apricot|balsamic|butter|cocoa|coconut,rule-derived,,,
millet,woody,sweet,,,category-heuristic,,,
millet flour,,sweet,cooling,alcoholic|camphor|deep|ethereal|menthol,rule-derived,,,
milliliters milk,,,,apricot|balsamic|butter|cocoa|coconut,rule-derived,,,
milliliters water,,sweet,,alcoholic|ethereal,rule-derived,,,
miniature marshmallow,,sweet,,,category-heuristic,,,
mint,green,,,minty|cooling|green|menthol|sweet,curated-2026;tgsc;chem-lit,chocolate syrup|lime juice|greek yogurt|simple syrup|cane sugar,"menthol/carvone give a cooling counterpoint to chocolate, citrus and yogurt","dominant=menthol (peppermint) or carvone (spearmint), menthone; CIDs: carvone=7439, menthol=16666"
mint chocolate chip,,sweet,,alcoholic|ethereal,rule-derived,,,
mint chocolate chip ice cream,,sweet,,alcoholic|ethereal,rule-derived,,,
mint flake,,,cooling|oily,herbal|cananga|earthy|fat|floral,rule-derived,,,
mint jelly,,,cooling|oily,herbal|cananga|earthy|fat|floral,rule-derived,,,
mint leaf,,,cooling|oily,herbal|cananga|earthy|fat|floral,rule-derived,,,
mint sauce,,bitter|sweet,,alcoholic|ethereal,rule-derived,,,
minute,,pungent,,,category-heuristic,,,
minute rice,,sweet,,alcoholic|berry|bready|ethereal|fermented,rule-derived,,,
miracle whip dressing,,sour|sweet|pungent,,,category-heuristic,,,
miracle whip dressing family,,sour|sweet|pungent,,,category-heuristic,,,
miracle whip light dressing,,sour|sweet|pungent,,,category-heuristic,,,
mirin,,sweet,,,category-heuristic,,,
miso,woody,umami,smooth,savory|fermented|umami|nutty|salty,curated-2026;tgsc;chem-lit,dark sesame oil|mirin|soya sauce|firm tofu,"glutamate + furanone; the dashi, glaze and dressing base","dominant=glutamate, pyrazines, furanones; CIDs: glutamate=33032"
mixed bean,,bitter|sweet,cooling|waxy|oily,alcoholic|camphor|coconut|deep|ethereal,rule-derived,,,
mixed berry,,,cooling|oily,bread|cananga|cocoa|coconut|coffee,rule-derived,,,
mixed cheese,,sweet,cooling,alcoholic|ethereal|mint|terpentine,rule-derived,,,
mixed lettuce,,sweet,,alcoholic|ethereal,rule-derived,,,
mixed mushroom,,sweet,,apple peel|caramellic|cocoa|coffee|green,rule-derived,,,
mixed nut,,sweet,cooling,alcoholic|camphor|deep|ethereal|menthol,rule-derived,,,
mixed olive,,sweet,,alcoholic|ethereal|fruit|grape|pineapple,rule-derived,,,
mixed pepper,,sweet,waxy,alcoholic|alkane|ethereal|gasoline,rule-derived,,,
mixed seed,woody,bitter|sweet,,,category-heuristic,,,
mixed veggie,,pungent,,,category-heuristic,,,
moist coconut,,sweet,,alcoholic|ethereal,rule-derived,,,
molasse,,sweet|bitter,,alcoholic|ethereal,rule-derived,,,
mollusc,,pungent,,,category-heuristic,,,
monkfish,,sweet,,,rule-derived,,,
monterey cheese,,sweet,cooling,alcoholic|ethereal|mint|terpentine,rule-derived,,,
monterey jack cheese,,sweet,cooling,alcoholic|ethereal|mint|terpentine,rule-derived,,,
monterey jack pepper cheese,,sweet,waxy,alcoholic|alkane|ethereal|gasoline,rule-derived,,,
morel mushroom,,sweet,,apple peel|caramellic|cocoa|coffee|green,rule-derived,,,
morton tender quick salt,,sweet,,alcoholic|ethereal,rule-derived,,,
mostaccioli noodle,woody,sweet,,,category-heuristic,,,
mostaccioli pasta,,sweet,cooling,alcoholic|camphor|deep|ethereal|menthol,rule-derived,,,
mountain papaya,fruity,sweet|sour,,,category-heuristic,,,
mountain yam,green,astringent|sweet,,,category-heuristic,,,
mozarella cheese,,sweet,cooling,alcoholic|ethereal|mint|terpentine,rule-derived,,,
mozzarella,fatty,umami,smooth,milky|fresh|fatty|mild|lactic,curated-2026;tgsc;chem-lit,marinara sauce|tomato|basil|pizza sauce,lactic-diacetyl milk; the tomato-basil and pizza spine (was never a node),"dominant=lactic acid, diacetyl"
mozzarella string cheese,,sweet,cooling,alcoholic|ethereal|mint|terpentine,rule-derived,,,
mozzerella cheese,,sweet,cooling,alcoholic|ethereal|mint|terpentine,rule-derived,,,
muenster cheese,,sweet,cooling,alcoholic|ethereal|mint|terpentine,rule-derived,,,
mulberry,fruity,sweet|sour,,,category-heuristic,,,
multi-grain bread,,bitter|sweet,,alcoholic|ethereal,rule-derived,,,
multigrain bread,,bitter|sweet,,,rule-derived,,,
mung bean sprout,,sweet,cooling,alcoholic|camphor|deep|ethereal|menthol,rule-derived,,,
mushroom,woody,umami,,earthy|umami|woody|savory|mushroom,curated-2026;tgsc;chem-lit,chicken stock|cream of mushroom soup|shiitake mushroom|porcini|marsala wine,1-octen-3-ol earthy note + glutamate/guanylate umami synergy with stock,"dominant=1-octen-3-ol, glutamate, guanylate (umami synergy); CIDs: 1-octen-3-ol=18827, glutamate=33032, guanylate=135398631"
mushroom broth,,sweet,,apple peel|caramellic|cocoa|coffee|green,rule-derived,,,
mushroom cap,,sweet,,apple peel|caramellic|cocoa|coffee|green,rule-derived,,,
mushroom gravy,,sweet,,apple peel|caramellic|cocoa|coffee|green,rule-derived,,,
mushroom gravy mix,,sweet,,apple peel|caramellic|cocoa|coffee|green,rule-derived,,,
mushroom sauce,,sweet,waxy,herbal|alkane|citrus|earthy|floral,rule-derived,,,
mushroom soy sauce,,sweet,waxy,herbal|alkane|citrus|earthy|floral,rule-derived,,,
mushroom stem,,sweet,waxy,herbal|alkane|citrus|earthy|floral,rule-derived,,,
mushroom stock,,sweet,waxy,herbal|alkane|citrus|earthy|floral,rule-derived,,,
mussel,,bitter|sweet,,alcoholic|ethereal,rule-derived,,,
mustard,spicy,pungent,viscous|pungent,sharp|sulfurous|tangy|seedy|hot,manual-top-500;tgsc,pork|cheese|vinegar|honey|cabbage|sausage|pickle,cut-fat|cut-fat|shared-volatile|sweet-acid|shared-volatile|cut-fat|shared-volatile,"Allyl isothiocyanate (AITC) is mustard's signature heat compound — same compound in horseradish and wasabi, and in the same glucosinolate family as cabbage's sulfur compounds. AITC triggers TRPA1 receptors (the 'sharp/nasal' heat receptor), completely separate from chili's TRPV1 capsaicin heat. This is why mustard+chili produces additive heat that isn't redundant — they hit different receptors. Mustard-pork tradition (everywhere from German to Carolina BBQ) is built on cut-fat plus shared sulfur bridging.; CIDs: allyl isothiocyanate=5971"
mustard green,,sweet,,alcoholic|ethereal,rule-derived,,,
mustard oil,,sweet,,alcoholic|ethereal,rule-derived,,,
mustard powder,,sweet,,alcoholic|ethereal,rule-derived,,,
mustard sauce,,sweet,,alcoholic|ethereal,rule-derived,,,
mustard seed,,sweet,,alcoholic|ethereal,rule-derived,,,
mutton,,pungent,,,category-heuristic,,,
myrtle,,pungent,,,category-heuristic,,,
nacho cheese,,sweet,cooling,alcoholic|ethereal|mint|terpentine,rule-derived,,,
nacho cheese dorito,,sweet,cooling,alcoholic|ethereal|mint|terpentine,rule-derived,,,
nacho cheese flavor,,sweet,cooling,alcoholic|ethereal|mint|terpentine,rule-derived,,,
nacho cheese soup,,sweet,cooling,alcoholic|ethereal|mint|terpentine,rule-derived,,,
nam pla,,,,,hub-fallback,,,
nance,,pungent,,,category-heuristic,,,
naranjilla,,pungent,,,category-heuristic,,,
narrowleaf cattail,,pungent,,,category-heuristic,,,
natural almond,,sweet,oily|waxy,alcoholic|ethereal|fat|orange|rose,rule-derived,,,
natural applesauce,,sweet,,,rule-derived,,,
natural cane sugar,,sweet,,alcoholic|ethereal,rule-derived,,,
natural cocoa,,sweet,,banana|bland|cabbage|fruit|green,rule-derived,,,
natural peanut butter,,sweet,cooling,alcoholic|camphor|deep|ethereal|menthol,rule-derived,,,
natural swiss cheese,,sweet,cooling,alcoholic|ethereal|mint|terpentine,rule-derived,,,
natural vanilla,,bitter|sweet,cooling|waxy|oily,alcoholic|camphor|coconut|deep|ethereal,rule-derived,,,
natural yogurt,,sweet,,alcoholic|ethereal,rule-derived,,,
natural-style peanut butter,,sweet,cooling,alcoholic|camphor|deep|ethereal|menthol,rule-derived,,,
navy bean,,bitter|sweet,cooling|waxy|oily,alcoholic|camphor|coconut|deep|ethereal,rule-derived,,,
neck clam,,,waxy|oily|cooling,waxy|apple|apricot|berry|bready,rule-derived,,,
neroli oil,fatty,sweet,,,category-heuristic,,,
neufchatel cheese,,sweet,cooling,alcoholic|ethereal|mint|terpentine,rule-derived,,,
neutral oil,fatty,sweet,,,category-heuristic,,,
new potato,,sweet,,alcoholic|ethereal,rule-derived,,,
new potatoe,,sweet,,alcoholic|ethereal,rule-derived,,,
new red potatoe,,sweet,,alcoholic|ethereal,rule-derived,,,
niblets corn,,sweet,,alcoholic|ethereal,rule-derived,,,
nicoise olive,,sweet,,alcoholic|ethereal|fruit|grape|pineapple,rule-derived,,,
nigella seed,woody,bitter,crunchy,nutty|peppery|oregano|onion|toasted,curated-2026;tgsc;chem-lit,fennel seed|fenugreek|black mustard seed|curry,thymoquinone peppery-toasted seed; naan and panch phoron partner,"dominant=thymoquinone, p-cymene; CIDs: thymoquinone=10281"
nilla vanilla wafer,,bitter|sweet,cooling|waxy|oily,alcoholic|camphor|coconut|deep|ethereal,rule-derived,,,
niçoise olive,,sweet,,alcoholic|ethereal|fruit|grape|pineapple,rule-derived,,,
no-salt,,sweet,,alcoholic|ethereal,rule-derived,,,
no-sugar,,sweet,,alcoholic|ethereal,rule-derived,,,
non-dairy coffee creamer,,sweet,,alcoholic|ethereal,rule-derived,,,
non-dairy milk,,,,apricot|balsamic|butter|cocoa|coconut,rule-derived,,,
non-fat powdered milk,,,,apricot|balsamic|butter|cocoa|coconut,rule-derived,,,
nondairy creamer,,sweet,,alcoholic|ethereal,rule-derived,,,
nondairy whipped topping,,bitter|sweet,,alcoholic|ethereal,rule-derived,,,
nonfat beef broth,,,oily|waxy|cooling,fatty|balsamic|cucumber|dry|earthy,rule-derived,,,
nonfat buttermilk,,sweet,,alcoholic|ethereal,rule-derived,,,
nonfat cream cheese,,sweet,cooling,alcoholic|ethereal|mint|terpentine,rule-derived,,,
nonfat dry milk,,,,apricot|balsamic|butter|cocoa|coconut,rule-derived,,,
nonfat dry milk powder,,,waxy|oily|cooling,coconut|waxy|fatty|apricot|butter,rule-derived,,,
nonfat milk,,,,apricot|balsamic|butter|cocoa|coconut,rule-derived,,,
nonfat plain yogurt,,sweet,,alcoholic|ethereal,rule-derived,,,
nonfat sour cream,,bitter|sweet,,alcoholic|ethereal,rule-derived,,,
nonfat vanilla yogurt,,bitter|sweet,cooling|waxy|oily,alcoholic|camphor|coconut|deep|ethereal,rule-derived,,,
nonfat yogurt,,sweet,,alcoholic|ethereal,rule-derived,,,
nonstick spray coating,,,,,category-heuristic,,,
noodle,woody,sweet,,,category-heuristic,,,
noodle soup,,sweet,,alcoholic|ethereal,rule-derived,,,
nopal,,pungent,,,category-heuristic,,,
nori,woody,umami,,marine|umami|seaweed|toasted|savory,curated-2026;tgsc;chem-lit,dark sesame oil|rice vinegar|soya sauce|mirin,glutamate + dictyopterenes; the sushi and rice partner,"dominant=glutamate, dimethyl sulfide, dictyopterenes; CIDs: glutamate=33032"
northern bean,,bitter|sweet,cooling|waxy|oily,alcoholic|camphor|coconut|deep|ethereal,rule-derived,,,
nuoc cham,,,,,hub-fallback,,,
nut,,pungent,,,category-heuristic,,,
nut butter,,sweet,,alcoholic|ethereal,rule-derived,,,
nut oil,,,oily|cooling,fatty|alcoholic|apple|celery|citrus,rule-derived,,,
nutella,,pungent,,,category-heuristic,,,
nutmeat,,,,acidic|berry|bread|bready|cocoa,rule-derived,,,
nutmeg,woody,spicy|bitter,,warm|woody|sweet|spicy|nutmeg,curated-2026;tgsc;chem-lit,pumpkin pie spice|pumpkin puree|condensed milk|allspice,"sabinene + myristicin; warm spice for cream, squash and custard","dominant=sabinene, alpha-pinene, myristicin; CIDs: alpha-pinene=6654, myristicin=4276, sabinene=18818"
nutmeg freshly,,bitter|sweet,cooling,alcoholic|camphor|ethereal|medicinal|minty,rule-derived,,,
nutmeg powder,,bitter|sweet,cooling,alcoholic|camphor|ethereal|medicinal|minty,rule-derived,,,
nutritional yeast,,bitter,,,category-heuristic,,,
o gelatin,,sweet,,alcoholic|ethereal|mild,rule-derived,,,
o lakes egg,,pungent,,,category-heuristic,,,
o'brien potatoe,,sweet,,alcoholic|ethereal,rule-derived,,,
oat,,sweet,,alcoholic|apple|banana|ethereal|fruit,rule-derived,,,
oat bread,,bitter|sweet,,,rule-derived,,,
oatmeal,earthy,sweet,starchy,nutty|mild|grassy|porridge|cooked,manual-top-500;mcgee,cinnamon|brown sugar|butter|banana|milk|raisins|apple,shared-volatile|sweet-acid|cut-fat|shared-volatile|cut-fat|shared-volatile|shared-volatile,"Cooked oats develop mild Maillard compounds and 2-pentylfuran — the same grain-toasted family as rice and wheat. Traditional oatmeal pairings (cinnamon, brown sugar, fruit) are all sweet-acid + shared-volatile through the brown-spice + caramel furanone families."
oaxaca cheese,,sweet,cooling,alcoholic|ethereal|mint|terpentine,rule-derived,,,
oil palm,fatty,sweet,,,category-heuristic,,,
oil-cured black olive,,sweet,,alcoholic|ethereal|fruit|grape|pineapple,rule-derived,,,
oil-cured olive,,sweet,,alcoholic|ethereal|fruit|grape|pineapple,rule-derived,,,
oil-seed camellia,fatty,sweet,,,category-heuristic,,,
okra,green,astringent|sweet,,,category-heuristic,,,
old bay seasoning,,,,,hub-fallback,,,
old-fashioned oatmeal,,pungent,,,category-heuristic,,,
olive,fatty,bitter,,fruity|olive|bitter|briny|green,curated-2026;tgsc;chem-lit,extra-virgin olive oil|flat-leaf parsley|garlic|tomato,oleuropein bitter-fruit; the Mediterranean savory anchor,"dominant=oleuropein, (E)-2-hexenal; CIDs: (e)-2-hexenal=5281168"
olive juice,,sweet,,alcoholic|ethereal|fruit|grape|pineapple,rule-derived,,,
olive oil,fatty,bitter,oily,grassy|hexenal|peppery|fruity|fresh,manual-top-500;tgsc,garlic|lemon|tomato|rosemary|oregano|parsley|cheese,cut-fat|cleanse-palate|cut-fat|cut-fat|cut-fat|cut-fat|cut-fat,"Extra virgin olive oil retains (E)-2-hexenal (the fresh-grassy character), polyphenols (which give the peppery throat-burn from oleocanthal), and limited Maillard chemistry since it's pressed rather than roasted. Olive oil's Mediterranean staple-status is built on its dual role: flavor carrier (fat-soluble herb compounds dissolve in it) and chemistry bridge (hexenals bridge it to basil, tomato, bell pepper). Note: refined olive oil loses most of this character — these notes refer to EVOO.; CIDs: (e)-2-hexenal=5281168"
olive oil cooking spray,woody,bitter,powdery|waxy,delicate|floral|powdery|waxy,rule-derived,,,
olive oil drizzle,woody,bitter,powdery|waxy,delicate|floral|powdery|waxy,rule-derived,,,
olive oil mayonnaise,woody,bitter,powdery|waxy,delicate|floral|powdery|waxy,rule-derived,,,
olive oil spray,woody,bitter,powdery|waxy,delicate|floral|powdery|waxy,rule-derived,,,
olive or,,sweet,,alcoholic|ethereal|fruit|grape|pineapple,rule-derived,,,
olive tapenade,,sweet,,alcoholic|ethereal|fruit|grape|pineapple,rule-derived,,,
onion,green,pungent|sweet|umami,,pungent|sulfurous|sweet|savory|green,curated-2026;tgsc;chem-lit,onion powder|onion soup|chicken stock|marinara sauce|beef stock,"sulfur volatiles raw, caramelization sweet-umami cooked; the base of countless dishes","dominant=propanethial S-oxide, dipropyl disulfide; (cooked) fructan sweetness; CIDs: propanethial s-oxide=441491"
onion cream cheese,,sweet,cooling,alcoholic|ethereal|mint|terpentine,rule-derived,,,
onion flake,,sweet,cooling|creamy|oily,bean|cananga|caramel|fatty|floral,rule-derived,,,
onion gravy mix,,sweet,cooling|creamy|oily,bean|cananga|caramel|fatty|floral,rule-derived,,,
onion juice,,sweet,cooling|creamy|oily,bean|cananga|caramel|fatty|floral,rule-derived,,,
onion powder,,sweet,cooling|creamy|oily,bean|cananga|caramel|fatty|floral,rule-derived,,,
onion pwdr,,sweet,cooling|creamy|oily,bean|cananga|caramel|fatty|floral,rule-derived,,,
onion ring,,sweet,cooling|creamy|oily,bean|cananga|caramel|fatty|floral,rule-derived,,,
onion roll,,sweet,cooling|creamy|oily,bean|cananga|caramel|fatty|floral,rule-derived,,,
onion salt,,sweet,cooling|creamy|oily,bean|cananga|caramel|fatty|floral,rule-derived,,,
onion seed,,sweet,cooling|creamy|oily,bean|cananga|caramel|fatty|floral,rule-derived,,,
onion soup,,sweet,cooling|creamy|oily,bean|cananga|caramel|fatty|floral,rule-derived,,,
onion soup mix,,sweet,cooling|creamy|oily,bean|cananga|caramel|fatty|floral,rule-derived,,,
onion top,,sweet,cooling|creamy|oily,bean|cananga|caramel|fatty|floral,rule-derived,,,
orange,fruity,sweet|sour,juicy,citrus|orange|sweet|fresh|peel,curated-2026;tgsc;chem-lit,orange rind|orange marmalade|cranberry sauce|cane sugar,"limonene + aldehydes; sweet citrus bridge to cranberry, chocolate and warm spice","dominant=limonene, octanal, linalool; CIDs: limonene=22311, linalool=6549, octanal=454"
orange and,,sweet,pungent,pungent|vinegar|cream|ether|flower,rule-derived,,,
orange bell pepper,,sweet,waxy,pineapple|alkane|anise|apple|bland,rule-derived,,,
orange bitters,,sweet,pungent,pungent|vinegar|cream|ether|flower,rule-derived,,,
orange blossom honey,,sweet,pungent,pungent|vinegar|cream|ether|flower,rule-derived,,,
orange blossom water,,sweet,pungent,pungent|vinegar|cream|ether|flower,rule-derived,,,
orange cake,,sweet,pungent,pungent|vinegar|cream|ether|flower,rule-derived,,,
orange cake mix,,sweet,pungent,pungent|vinegar|cream|ether|flower,rule-derived,,,
orange candy,,sweet,pungent,pungent|vinegar|cream|ether|flower,rule-derived,,,
orange concentrate,,sweet,pungent,pungent|vinegar|cream|ether|flower,rule-derived,,,
orange crystal,,sweet,pungent,pungent|vinegar|cream|ether|flower,rule-derived,,,
orange curacao,,sweet,pungent,pungent|vinegar|cream|ether|flower,rule-derived,,,
orange drink,,sweet,pungent,pungent|vinegar|cream|ether|flower,rule-derived,,,
orange extract,,sweet,pungent,pungent|vinegar|cream|ether|flower,rule-derived,,,
orange flavor,,sweet,pungent,pungent|vinegar|cream|ether|flower,rule-derived,,,
orange flavored,,sweet,pungent,pungent|vinegar|cream|ether|flower,rule-derived,,,
orange flavored gelatin,,sweet,,alcoholic|ethereal|mild,rule-derived,,,
orange flavoring,,sweet,pungent,pungent|vinegar|cream|ether|flower,rule-derived,,,
orange flower,,sweet,pungent,pungent|vinegar|cream|ether|flower,rule-derived,,,
orange flower water,,sweet,pungent,pungent|vinegar|cream|ether|flower,rule-derived,,,
orange food coloring,,sweet,pungent,pungent|vinegar|cream|ether|flower,rule-derived,,,
orange gelatin,,sweet,,alcoholic|ethereal|mild,rule-derived,,,
orange glaze,,sweet,pungent,pungent|vinegar|cream|ether|flower,rule-derived,,,
orange jello,,sweet,pungent,pungent|vinegar|cream|ether|flower,rule-derived,,,
orange juice,citrusy,sweet|sour,juicy,aldehydic|fresh|pulpy|terpenic|peely,manual-top-500;tgsc,vodka|champagne|carrot|chicken|ginger|berries|maple syrup,sweet-acid|sweet-acid|shared-volatile|cleanse-palate|cleanse-palate|sweet-acid|sweet-acid,"Same chemistry as orange but with more diluted volatiles + higher sugar concentration — better for sweet-acid balancing (mimosas, marinades, glazes) than for terpene-driven culinary pairings."
orange juice concentrate,,sweet,pungent,pungent|vinegar|cream|ether|flower,rule-derived,,,
orange juice freshly squeezed,,sweet,pungent,pungent|vinegar|cream|ether|flower,rule-derived,,,
orange liqueur,,sweet,pungent,pungent|vinegar|cream|ether|flower,rule-derived,,,
orange marmalade,,sweet,pungent,pungent|vinegar|cream|ether|flower,rule-derived,,,
orange oil,,sweet,pungent,pungent|vinegar|cream|ether|flower,rule-derived,,,
orange pepper,,sweet,waxy,alcoholic|alkane|ethereal|gasoline,rule-derived,,,
orange rind,,sweet,pungent,pungent|vinegar|cream|ether|flower,rule-derived,,,
orange rind strip,,sweet,pungent,pungent|vinegar|cream|ether|flower,rule-derived,,,
orange roughy,,bitter|sweet,,alcoholic|ethereal,rule-derived,,,
orange roughy fillet,,bitter|sweet,,alcoholic|ethereal,rule-derived,,,
orange sauce,,sweet,pungent,pungent|vinegar|cream|ether|flower,rule-derived,,,
orange section,,sweet,pungent,pungent|vinegar|cream|ether|flower,rule-derived,,,
orange segment,,sweet,pungent,pungent|vinegar|cream|ether|flower,rule-derived,,,
orange sherbet,,sweet,pungent,pungent|vinegar|cream|ether|flower,rule-derived,,,
orange soda,,sweet,pungent,pungent|vinegar|cream|ether|flower,rule-derived,,,
orange syrup,,sweet,pungent,pungent|vinegar|cream|ether|flower,rule-derived,,,
orange tang,,sweet,pungent,pungent|vinegar|cream|ether|flower,rule-derived,,,
orange twist,,sweet,pungent,pungent|vinegar|cream|ether|flower,rule-derived,,,
orange wedge,,sweet,pungent,pungent|vinegar|cream|ether|flower,rule-derived,,,
orange wheel,,sweet,pungent,pungent|vinegar|cream|ether|flower,rule-derived,,,
orange zested,,sweet,pungent,pungent|vinegar|cream|ether|flower,rule-derived,,,
orange-flavored liqueur,,sweet,pungent,pungent|vinegar|cream|ether|flower,rule-derived,,,
orange-pineapple,,bitter|sweet,,alcoholic|apple|ethereal|fruit|pineapple,rule-derived,,,
oregano,woody,bitter|spicy,,herbal|woody|camphor|warm|pungent,curated-2026;tgsc;chem-lit,marinara sauce|tomato juice|extra-virgin olive oil|pizza sauce|italian seasoning,carvacrol/thymol phenolics bond it to thyme and marjoram (terpinene overlap),"dominant=carvacrol, thymol, p-cymene, gamma-terpinene; CIDs: carvacrol=10364, thymol=6989"
oregano dressing,,sweet,cooling|creamy|powdery,herbal|bean|camphor|cananga|floral,rule-derived,,,
oregano flake,,sweet,cooling|creamy|powdery,herbal|bean|camphor|cananga|floral,rule-derived,,,
oregano leave,,sweet,cooling|creamy|powdery,herbal|bean|camphor|cananga|floral,rule-derived,,,
oregon yampah,,pungent,,,category-heuristic,,,
oreo cookie,woody,sweet,,,category-heuristic,,,
oreo cream biscuit,fatty,sweet|sour,,,category-heuristic,,,
oreo pie crust,,bitter|sweet,,alcoholic|ethereal,rule-derived,,,
original hidden,,pungent,,,category-heuristic,,,
original sauce,,bitter|sweet,,alcoholic|ethereal,rule-derived,,,
orri,,pungent,,,category-heuristic,,,
orzo pasta,,sweet,cooling,alcoholic|camphor|deep|ethereal|menthol,rule-derived,,,
oscar mayer bacon,,pungent,,,category-heuristic,,,
ostrich fern,,pungent,,,category-heuristic,,,
other fermented milk,fatty,sweet|sour,,,category-heuristic,,,
other neutral oil,fatty,sweet,,,category-heuristic,,,
overripe banana,,sweet,cooling,alcoholic|camphor|deep|ethereal|menthol,rule-derived,,,
owens sausage,,sweet,,alcoholic|ethereal,rule-derived,,,
oyster,,pungent,,,category-heuristic,,,
oyster mushroom,,bitter|sweet,cooling,alcoholic|camphor|deep|ethereal|menthol,rule-derived,,,
oyster sauce,woody,umami|sweet,smooth,savory|umami|sweet|marine|caramel,curated-2026;tgsc;chem-lit,dark sesame oil|soya sauce|sugar snap pea|baby corn,glutamate + nucleotides; the stir-fry glaze partner,"dominant=glutamate, nucleotides; CIDs: glutamate=33032"
pacific sardine,,pungent,,,category-heuristic,,,
packets active dry yeast,,bitter,,,category-heuristic,,,
packets equal sugar substitute,,bitter|sweet,,alcoholic|ethereal,rule-derived,,,
packets sugar substitute,,bitter|sweet,,alcoholic|ethereal,rule-derived,,,
packets unflavored gelatin,,sweet,,alcoholic|ethereal|mild,rule-derived,,,
packets yeast,,bitter,,,category-heuristic,,,
padano cheese,,sweet,cooling,alcoholic|ethereal|mint|terpentine,rule-derived,,,
padron pepper,,spicy|pungent,,,category-heuristic,,,
paella rice,,sweet,,alcoholic|berry|bready|ethereal|fermented,rule-derived,,,
pak choy,,pungent,,,category-heuristic,,,
palm oil,fatty,sweet,,,category-heuristic,,,
palm sugar,,sweet,,alcoholic|ethereal,rule-derived,,,
pan cornbread,,bitter|sweet,,alcoholic|ethereal,rule-derived,,,
pan sausage,,sweet,,alcoholic|ethereal,rule-derived,,,
pancake,,bitter|sweet,,alcoholic|ethereal,rule-derived,,,
pancake batter,,bitter|sweet,,alcoholic|ethereal,rule-derived,,,
pancake mix,,bitter|sweet,,alcoholic|ethereal,rule-derived,,,
pancake syrup,,bitter|sweet,,alcoholic|ethereal,rule-derived,,,
panch pharon seed,,,,,hub-fallback,,,
panch phoron,,,,,hub-fallback,,,
paneer,,pungent,,,category-heuristic,,,
paneer cheese,,sweet,cooling,alcoholic|ethereal|mint|terpentine,rule-derived,,,
panela cheese,,sweet,cooling,alcoholic|ethereal|mint|terpentine,rule-derived,,,
panko,woody,sweet,,,category-heuristic,,,
panko breadcrumb,,sweet,waxy|cooling,floral|waxy|cananga|citrus|ether,rule-derived,,,
panko crumb,,pungent,,,category-heuristic,,,
papaya,fruity,sweet,smooth,fruity|papaya|tropical|musky|sweet,curated-2026;tgsc;chem-lit,lime juice|mango|coconut cream|chili powder,musky ester tropical; lime and chile cut its softness,"dominant=linalool, benzyl isothiocyanate, esters; CIDs: linalool=6549"
paprika,woody,sweet|pungent,powdery,sweet|pepper|smoky|warm|red,curated-2026;tgsc;chem-lit,chili powder|cayenne pepper|onion powder|garlic,sweet capsicum color + mild warmth; the rub and stew partner,"dominant=capsanthin (color), carotenoids; CIDs: capsanthin=5281228"
paprika powder,,pungent|bitter,,,category-heuristic,,,
pared apple,,sweet,,alcoholic|apple|banana|ethereal|fruit,rule-derived,,,
parmesan,fatty,umami|sour,,umami|nutty|savory|sharp|aged,curated-2026;tgsc;chem-lit,marinara sauce|pasta sauce|extra-virgin olive oil|pine nut|lasagna noodle,free glutamate + branched acids; an umami amplifier (referenced in dozens of rows but was never a node),"dominant=glutamate, butyric acid, methyl ketones, tyrosine crystals; CIDs: glutamate=33032"
parmesan cheese shaving,,sweet,cooling,alcoholic|ethereal|mint|terpentine,rule-derived,,,
parmesean cheese,,sweet,cooling,alcoholic|ethereal|mint|terpentine,rule-derived,,,
parmesian cheese,,sweet,cooling,alcoholic|ethereal|mint|terpentine,rule-derived,,,
parmigiano cheese,,sweet,cooling,alcoholic|ethereal|mint|terpentine,rule-derived,,,
parmigiano-reggiano cheese,,sweet,cooling,alcoholic|ethereal|mint|terpentine,rule-derived,,,
parsley,green,,,green|parsley|fresh|grassy|herbal,curated-2026;tgsc;chem-lit,flat-leaf parsley|garlic|lemon juice|extra-virgin olive oil,clean green lift; the gremolata and salsa-verde base,"dominant=myristicin, apiole, 1,3,8-p-menthatriene; CIDs: myristicin=4276"
parsley flake,,sweet,,alcoholic|ethereal,rule-derived,,,
parsley root,,sweet,,alcoholic|ethereal,rule-derived,,,
parsley stem,,sweet,,alcoholic|ethereal,rule-derived,,,
parsnip,woody,sweet,,sweet|earthy|nutty|root|spicy,curated-2026;tgsc;chem-lit,carrot|chicken stock|butternut squash|nutmeg,terpinolene-myristicin sweet root; the roast and puree partner,"dominant=terpinolene, myristicin; CIDs: myristicin=4276"
party rye bread,,sweet,,alcoholic|ethereal,rule-derived,,,
passion fruit,fruity,sour|sweet,,fruity|passionfruit|tropical|tart|sulfury,curated-2026;tgsc;chem-lit,cane sugar|lime juice|mangoe|coconut cream,sulfur-ester tropical bomb; tames into cream and coconut,"dominant=passion-fruit esters (ethyl hexanoate), sulfur thiols"
passion fruit juice,,bitter|sweet,waxy,apple peel|alcoholic|apple|ethereal|herbal,rule-derived,,,
passion fruit pulp,,bitter|sweet,waxy,apple peel|alcoholic|apple|ethereal|herbal,rule-derived,,,
passion fruit puree,,bitter|sweet,waxy,apple peel|alcoholic|apple|ethereal|herbal,rule-derived,,,
pasta,earthy,sweet,starchy,cooked|mild|nutty|brothy|toasted,manual-top-500;mcgee,tomato sauce|olive oil|parmesan|garlic|basil|butter|black pepper,umami-bridge|cut-fat|umami-bridge|shared-volatile|shared-volatile|cut-fat|tradition,"Cooked semolina pasta develops mild Maillard pyrazines and acetylpyrrole — the toasted-cereal character is subtle but real, especially in dried pasta vs fresh. The Italian cacio-e-pepe-and-similar traditions work because pasta's modest umami (from glutamate in semolina) amplifies cheese glutamate multiplicatively while starch provides the texture canvas.; CIDs: glutamate=33032"
pasta cooking water,,sweet,cooling,alcoholic|camphor|deep|ethereal|menthol,rule-derived,,,
pasta dough,,sweet,cooling,alcoholic|camphor|deep|ethereal|menthol,rule-derived,,,
pasta noodle,,sweet,cooling,alcoholic|camphor|deep|ethereal|menthol,rule-derived,,,
pasta of choice,,sweet,cooling,alcoholic|camphor|deep|ethereal|menthol,rule-derived,,,
pasta sauce,,sweet,cooling,alcoholic|camphor|deep|ethereal|menthol,rule-derived,,,
pasta sheet,,sweet,cooling,alcoholic|camphor|deep|ethereal|menthol,rule-derived,,,
pasta shell,,sweet,cooling,alcoholic|camphor|deep|ethereal|menthol,rule-derived,,,
pasta water,,sweet,cooling,alcoholic|camphor|deep|ethereal|menthol,rule-derived,,,
paste,,bitter|sweet,,ethereal|alcoholic|apple|pear|solvent,rule-derived,,,
pastry,woody,sweet,,,category-heuristic,,,
pastry cream,,sweet,,alcoholic|ethereal,rule-derived,,,
pastry flour,,sweet,,alcoholic|ethereal,rule-derived,,,
pastry pie shell,,sweet,,alcoholic|ethereal,rule-derived,,,
pats butter,,sweet,,alcoholic|ethereal,rule-derived,,,
pats of butter,,sweet,,alcoholic|ethereal,rule-derived,,,
pawpaw,,pungent,,,category-heuristic,,,
pea,green,sweet,,green|pea|sweet|grassy|fresh,curated-2026;tgsc;chem-lit,mint|chicken stock|sweet butter|sugar snap pea,pyrazine sweet-green; mint and butter partner,"dominant=3-isopropyl-2-methoxypyrazine, (Z)-3-hexenal; CIDs: (z)-3-hexenal=643941"
pea pod,green,astringent|sweet,,,category-heuristic,,,
pea shoot,,sweet,cooling|creamy|oily,bean|bland|cananga|earthy|fat,rule-derived,,,
peach,fruity,sweet,juicy,fruity|peach|sweet|floral|juicy,curated-2026;tgsc;chem-lit,cane sugar|bourbon|raspberry|whipped cream,gamma-decalactone stone fruit; bourbon and berry partner,"dominant=gamma-decalactone, benzaldehyde, linalool; CIDs: benzaldehyde=240, gamma-decalactone=12813, linalool=6549"
peach gelatin,,sweet,,alcoholic|ethereal|mild,rule-derived,,,
peach halve,,sweet,,alcoholic|apple|banana|ethereal|fruit,rule-derived,,,
peach jello,,sweet,,alcoholic|apple|banana|ethereal|fruit,rule-derived,,,
peach juice,,sweet,,alcoholic|apple|banana|ethereal|fruit,rule-derived,,,
peach pie filling,,bitter|sweet,,alcoholic|ethereal,rule-derived,,,
peach preserve,,sweet,,alcoholic|apple|banana|ethereal|fruit,rule-derived,,,
peach schnapp,,sweet,,alcoholic|apple|banana|ethereal|fruit,rule-derived,,,
peach yogurt,,sweet,,alcoholic|ethereal,rule-derived,,,
peache,,sweet,,alcoholic|apple|banana|ethereal|fruit,rule-derived,,,
peanut,nutty,sweet,crunchy,roasted|pyrazinic|brown|buttery|toasted,manual-top-500;tgsc,chocolate|caramel|banana|noodles|chili|lime|coconut milk,shared-volatile|shared-volatile|shared-volatile|tradition|tradition|sweet-acid|shared-volatile,"Roasted peanut develops 2,5-dimethylpyrazine + 2-acetylpyrrole as dominant compounds — the same pyrazine family in cocoa, coffee, and roasted meat, which is why peanut-chocolate is genuine shared chemistry rather than just convention. Banana-peanut works through banana's caramellic furanone bridging to peanut's brown-roasted pyrazines. Thai/Indonesian satay tradition pairs peanut with lime+chili+coconut on shared volatile chemistry."
peanut brittle,,sweet,cooling,alcoholic|camphor|deep|ethereal|menthol,rule-derived,,,
peanut butter,nutty,sweet,smooth,roasted|pyrazinic|rich|buttery|salty-sweet,manual-top-500;tgsc,chocolate|banana|honey|apple|celery|milk|cinnamon,shared-volatile|shared-volatile|sweet-acid|shared-volatile|texture-contrast|cut-fat|shared-volatile,"Peanut butter is essentially peanut chemistry concentrated in fat — same pyrazines + furans + lactones as roasted peanut, but in a fat-rich matrix that amplifies fat-soluble flavor compounds. The peanut-butter-and-jelly tradition is built on sweet-acid plus peanut pyrazines bridging to fruit caramellic compounds."
peanut oil,,sweet,cooling,alcoholic|camphor|deep|ethereal|menthol,rule-derived,,,
peanut sauce,,sweet,cooling,alcoholic|camphor|deep|ethereal|menthol,rule-derived,,,
pear,fruity,sweet,juicy,fruity|pear|sweet|floral|fresh,curated-2026;tgsc;chem-lit,cinnamon|cane sugar|brandy|walnut oil,decadienoate ester gives the pear note; affinity to nuts and aged spirits,"dominant=ethyl (E,Z)-2,4-decadienoate, hexyl acetate"
pear brandy,,sweet,oily|waxy,waxy|fatty|brandy|bread|coconut,rule-derived,,,
pear halve,,sweet,,alcoholic|ethereal|grass|leafy|sweaty,rule-derived,,,
pear juice,,sweet,,alcoholic|ethereal|grass|leafy|sweaty,rule-derived,,,
pear nectar,,sweet,,alcoholic|ethereal|grass|leafy|sweaty,rule-derived,,,
pearl,,sweet,,alcoholic|ethereal|grass|leafy|sweaty,rule-derived,,,
pearl barley,,sweet,,alcoholic|ethereal,rule-derived,,,
pearl onion,,sweet,cooling|creamy|oily,bean|cananga|caramel|fatty|floral,rule-derived,,,
pearl sugar,,sweet,,alcoholic|ethereal,rule-derived,,,
pearl tapioca,,sweet,,alcoholic|ethereal|grass|leafy|sweaty,rule-derived,,,
pecan,fatty,sweet,crunchy,nutty|pecan|buttery|sweet|maple,curated-2026;tgsc;chem-lit,golden brown sugar|caramel sauce|bourbon|sweet butter,buttery sweet nut; the caramel/bourbon/maple partner,"dominant=pyrazines, hexanal"
pecan meat,,,,acidic|berry|bread|bready|cocoa,rule-derived,,,
pecan nut,,sweet,cooling,alcoholic|camphor|deep|ethereal|menthol,rule-derived,,,
peck pear,,sweet,,alcoholic|ethereal|grass|leafy|sweaty,rule-derived,,,
pecorino,,umami,,,category-heuristic,,,
pecorino cheese,,sweet,cooling,alcoholic|ethereal|mint|terpentine,rule-derived,,,
pecorino romano cheese,,sweet,cooling,alcoholic|ethereal|mint|terpentine,rule-derived,,,
peel,,,waxy|oily,citrus|wax|apple|bread|coconut,rule-derived,,,
peeled apple,,sweet,,alcoholic|apple|banana|ethereal|fruit,rule-derived,,,
peeled carrot,,sweet,,alcoholic|bland|ethereal,rule-derived,,,
peeled ginger,,sweet,waxy,alcoholic|alkane|ethereal|gasoline,rule-derived,,,
peeled shrimp,,sweet,,alcoholic|ethereal,rule-derived,,,
peeled sweet potato,,sweet,cooling,alcoholic|camphor|deep|ethereal|menthol,rule-derived,,,
peg corn,,sweet,,alcoholic|ethereal,rule-derived,,,
peg white corn,,sweet,,alcoholic|ethereal,rule-derived,,,
penne pasta,,sweet,cooling,alcoholic|camphor|deep|ethereal|menthol,rule-derived,,,
peppadew pepper,,sweet,waxy,alcoholic|alkane|ethereal|gasoline,rule-derived,,,
pepper bacon,,sweet,waxy,alcoholic|alkane|ethereal|gasoline,rule-derived,,,
pepper c. baccatum,,spicy|pungent,,,category-heuristic,,,
pepper c. chinense,,spicy|pungent,,,category-heuristic,,,
pepper cheese,,sweet,waxy,alcoholic|alkane|ethereal|gasoline,rule-derived,,,
pepper jelly,,sweet,waxy,alcoholic|alkane|ethereal|gasoline,rule-derived,,,
pepper oil,,sweet,waxy,alcoholic|alkane|ethereal|gasoline,rule-derived,,,
pepper powder,,sweet,waxy,alcoholic|alkane|ethereal|gasoline,rule-derived,,,
pepper sauce,,sweet,waxy,alcoholic|alkane|ethereal|gasoline,rule-derived,,,
peppercorn,,sweet,waxy,alcoholic|alkane|ethereal|gasoline,rule-derived,,,
pepperjack cheese,,sweet,waxy,alcoholic|alkane|ethereal|gasoline,rule-derived,,,
peppermint candie,,sweet,cooling|oily,fatty|camphor|cheesy|chocolate|deep,rule-derived,,,
peppermint candy,,sweet,cooling|oily,fatty|camphor|cheesy|chocolate|deep,rule-derived,,,
peppermint flavoring,,sweet,cooling|oily,fatty|camphor|cheesy|chocolate|deep,rule-derived,,,
peppermint ice cream,,sweet,cooling|oily,fatty|camphor|cheesy|chocolate|deep,rule-derived,,,
peppermint oil,,sweet,cooling|oily,fatty|camphor|cheesy|chocolate|deep,rule-derived,,,
peppermint pattie,,,,,hub-fallback,,,
peppermint schnapp,,sweet,cooling|oily,fatty|camphor|cheesy|chocolate|deep,rule-derived,,,
pepperoncini,,sweet,waxy,alcoholic|alkane|ethereal|gasoline,rule-derived,,,
pepperoncini pepper,,sweet,waxy,alcoholic|alkane|ethereal|gasoline,rule-derived,,,
pepperoni,,sweet,waxy,alcoholic|alkane|ethereal|gasoline,rule-derived,,,
pepperoni sausage,,sweet,,alcoholic|ethereal,rule-derived,,,
pepsi cola,,sour,,,category-heuristic,,,
percent milk,,,,apricot|balsamic|butter|cocoa|coconut,rule-derived,,,
perrins sauce,,bitter|sweet,,alcoholic|ethereal,rule-derived,,,
persimmon,fruity,sweet|sour,,,category-heuristic,,,
pet milk,,,,apricot|balsamic|butter|cocoa|coconut,rule-derived,,,
petite green pea,green,astringent|sweet,,,category-heuristic,,,
petite pea,green,astringent|sweet,,,category-heuristic,,,
phyllo dough,woody,sweet,,,category-heuristic,,,
picante sauce,,bitter|sweet,,alcoholic|ethereal,rule-derived,,,
pickapeppa sauce,,bitter|sweet,,alcoholic|ethereal,rule-derived,,,
pickle juice,,sour,,,category-heuristic,,,
pickled ginger,,sweet,waxy,alcoholic|alkane|ethereal|gasoline,rule-derived,,,
pickled jalapeno,,,,bell|green pepper|pepper|spice,rule-derived,,,
pickling lime,,sweet,oily|waxy,rose|alcoholic|alkane|citrus|dusty,rule-derived,,,
pickling salt,,sweet,,alcoholic|ethereal,rule-derived,,,
pico de gallo sauce,,sour|sweet|pungent,,,category-heuristic,,,
pie,,bitter|sweet,,alcoholic|ethereal,rule-derived,,,
pie apple,,sweet,,alcoholic|apple|banana|ethereal|fruit,rule-derived,,,
pie crust,,bitter|sweet,,alcoholic|ethereal,rule-derived,,,
pie filling,,bitter|sweet,,alcoholic|ethereal,rule-derived,,,
pie pastry,,sweet,,alcoholic|ethereal,rule-derived,,,
pierogie,woody,sweet,,,category-heuristic,,,
pigeon pea,,bitter|sweet,cooling,alcoholic|camphor|deep|ethereal|menthol,rule-derived,,,
pili nut,,pungent,,,category-heuristic,,,
pimento cheese,,sweet,cooling,alcoholic|ethereal|mint|terpentine,rule-derived,,,
pimento pepper,,sweet,waxy,alcoholic|alkane|ethereal|gasoline,rule-derived,,,
pimento stuffed green olive,,sweet,,alcoholic|ethereal|fruit|grape|pineapple,rule-derived,,,
pimento stuffed olive,,sweet,,alcoholic|ethereal|fruit|grape|pineapple,rule-derived,,,
pimiento cheese,woody,,cooling,balsamic|banana|berry|bready|clove,rule-derived,,,
pinapple,,sweet,,alcoholic|apple|banana|ethereal|fruit,rule-derived,,,
pine,,pungent,,,category-heuristic,,,
pine nut,,sweet,cooling,alcoholic|ethereal|mint|terpentine,rule-derived,,,
pineapple,fruity,sweet|sour,juicy,fruity|pineapple|tropical|sweet|tart,curated-2026;tgsc;chem-lit,cane sugar|coconut cream|golden brown sugar|ginger paste,ester-furaneol tropical; bromelain and brown-sugar partner,"dominant=methyl/ethyl esters, furaneol; CIDs: furaneol=19309"
pineapple bit,,bitter|sweet,,alcoholic|apple|ethereal|fruit|pineapple,rule-derived,,,
pineapple cake,,bitter|sweet,,alcoholic|apple|ethereal|fruit|pineapple,rule-derived,,,
pineapple chunk,,bitter|sweet,,alcoholic|apple|ethereal|fruit|pineapple,rule-derived,,,
pineapple juice,fruity,sweet|sour,juicy,estery|tropical|fresh|sweet-tart|pulpy,manual-top-500;tgsc,rum|chicken|chili|coconut|ginger|lime|brown sugar,tradition|sweet-acid|sweet-acid|shared-volatile|cleanse-palate|sweet-acid|sweet-acid,"Same volatiles as pineapple flesh, less bromelain — better for marinades and cocktails than for tenderizing. Classic tiki cocktail base; ginger bridges through shared terpenes."
pineapple juice concentrate,,bitter|sweet,,alcoholic|apple|ethereal|fruit|pineapple,rule-derived,,,
pineapple pie filling,,bitter|sweet,,alcoholic|ethereal,rule-derived,,,
pineapple preserve,,bitter|sweet,,alcoholic|apple|ethereal|fruit|pineapple,rule-derived,,,
pineapple ring,,bitter|sweet,,alcoholic|apple|ethereal|fruit|pineapple,rule-derived,,,
pineapple salsa,,bitter|sweet,,alcoholic|apple|ethereal|fruit|pineapple,rule-derived,,,
pineapple sherbet,,bitter|sweet,,alcoholic|apple|ethereal|fruit|pineapple,rule-derived,,,
pineapple syrup,,bitter|sweet,,alcoholic|apple|ethereal|fruit|pineapple,rule-derived,,,
pineapple tidbit,,bitter|sweet,,alcoholic|apple|ethereal|fruit|pineapple,rule-derived,,,
pineapple yogurt,,bitter|sweet,,alcoholic|apple|ethereal|fruit|pineapple,rule-derived,,,
pink bean,,bitter|sweet,cooling|waxy|oily,alcoholic|camphor|coconut|deep|ethereal,rule-derived,,,
pink grapefruit,,sweet,cooling,alcoholic|camphor|deep|ethereal|menthol,rule-derived,,,
pink grapefruit juice,,sweet,cooling,alcoholic|camphor|deep|ethereal|menthol,rule-derived,,,
pink lemonade,,sweet,cooling,alcoholic|citrus|ethereal|fresh|grapefruit peel,rule-derived,,,
pink peppercorn,fruity,sweet|pungent,,fruity|pepper|sweet|piney|floral,curated-2026;tgsc;chem-lit,black peppercorn|coriander seed|gin|strawberry,sweet-resinous mild pepper; pairs with berries and gin,"dominant=alpha-phellandrene, pinene"
pink salmon,,bitter|sweet,,alcoholic|ethereal,rule-derived,,,
pink salt,,sweet,,alcoholic|ethereal,rule-derived,,,
pinto bean,,bitter|sweet,cooling|waxy|oily,alcoholic|camphor|coconut|deep|ethereal,rule-derived,,,
pippin apple,,sweet,,alcoholic|apple|banana|ethereal|fruit,rule-derived,,,
piquillo pepper,,sweet,waxy,alcoholic|alkane|ethereal|gasoline,rule-derived,,,
pisco,,bitter|pungent,,,category-heuristic,,,
pistachio,fatty,sweet,crunchy,nutty|pistachio|green|sweet|buttery,curated-2026;tgsc;chem-lit,cane sugar|white chocolate|cardamom|mascarpone cheese,green-sweet nut; the cardamom/rose dessert axis,"dominant=terpenes, pyrazines"
pistachio instant pudding,,sweet,,alcoholic|ethereal,rule-derived,,,
pistachio nut,,sweet,,alcoholic|ethereal,rule-derived,,,
pistachio pudding,,sweet,,alcoholic|ethereal,rule-derived,,,
pistachio pudding mix,,sweet,,alcoholic|ethereal,rule-derived,,,
pita bread,,bitter|sweet,,alcoholic|ethereal,rule-derived,,,
pitanga,,pungent,,,category-heuristic,,,
pitted ripe olive,,sweet,,alcoholic|ethereal|fruit|grape|pineapple,rule-derived,,,
pizza cheese,,sweet,cooling,alcoholic|ethereal|mint|terpentine,rule-derived,,,
pizza sauce,,bitter|sweet,,alcoholic|ethereal,rule-derived,,,
plain yogurt,,sweet,,alcoholic|ethereal,rule-derived,,,
plum,fruity,sweet|sour,juicy,fruity|plum|sweet|tart|jammy,curated-2026;tgsc;chem-lit,cane sugar|cinnamon|star anise|brandy,ester-benzaldehyde stone fruit; warm-spice and brandy partner,"dominant=esters, benzaldehyde, gamma-decalactone; CIDs: benzaldehyde=240, gamma-decalactone=12813"
plum sauce,,bitter|sweet,,alcoholic|ethereal,rule-derived,,,
plum wine,,,cooling|oily,banana|herbal|apple|apple peel|apricot,rule-derived,,,
plumcot,fruity,sweet|sour,,,category-heuristic,,,
poblano chilie,,bitter|sweet,,alcoholic|ethereal,rule-derived,,,
poblano pepper,,sweet,waxy,alcoholic|alkane|ethereal|gasoline,rule-derived,,,
polenta,woody,sweet,,,category-heuristic,,,
pomegranate,fruity,sour|astringent|sweet,juicy,fruity|pomegranate|tart|tannic|fresh,curated-2026;tgsc;chem-lit,lemon juice|cane sugar|mint|walnut oil,tannin astringency + tart-sweet; the Levantine herb/nut partner,"dominant=ellagitannins (astringency), anthocyanins, pinene"
pomegranate juice,,sweet|bitter,,alcoholic|ethereal,rule-derived,,,
pomegranate molasse,fruity,sweet|sour,,,category-heuristic,,,
pomegranate molasses,,sour,,,category-heuristic,,,
pomegranate seed,,sweet|bitter,,alcoholic|ethereal,rule-derived,,,
pomegranate syrup,,sweet|bitter,,alcoholic|ethereal,rule-derived,,,
ponzu,fruity,sour|umami,,,curated-2026;tgsc;composite,soy sauce|rice vinegar|lemon juice|mirin,citrus + soy + vinegar + dashi,confidence=medium (composite)
ponzu sauce,,bitter|sweet,,alcoholic|ethereal,rule-derived,,,
popcorn,,bitter|sweet,,alcoholic|ethereal,rule-derived,,,
popcorn kernel,,bitter|sweet,,alcoholic|ethereal,rule-derived,,,
popping corn,,sweet,,alcoholic|ethereal,rule-derived,,,
poppy seed,,sweet,cooling,alcoholic|camphor|deep|ethereal|menthol,rule-derived,,,
porcini,,pungent,,,category-heuristic,,,
porcini mushroom,,sweet,,apple peel|caramellic|cocoa|coffee|green,rule-derived,,,
pork,meaty,umami,tender,savory|brothy|fatty|roasted|sweet,manual-top-500;tgsc,apple|sage|fennel|garlic|caraway|mustard|maple syrup,cut-fat|cut-fat|shared-volatile|maillard-bridge|tradition|cut-fat|sweet-acid,"4-allyl-2,6-dimethoxyphenol contributes a 'smoky, meaty, phenolic, sweet, ham' character to roasted pork — the phenolic family connects pork to sage and fennel's terpene-phenolic compounds. The apple-pork pairing is shared ester chemistry plus cut-fat from apple's malic acid; pork-fennel works through shared anethole-adjacent compounds, though the connection is family-level rather than direct.; CIDs: anethole=637563"
pork baby back rib,,,,roast|sulfurous|vegetable|burnt|caramellic,rule-derived,,,
pork back rib,,,,roast|sulfurous|vegetable|burnt|caramellic,rule-derived,,,
pork belly,,,,roast|sulfurous|vegetable|burnt|caramellic,rule-derived,,,
pork blade,,,,roast|sulfurous|vegetable|burnt|caramellic,rule-derived,,,
pork butt,,,,roast|sulfurous|vegetable|burnt|caramellic,rule-derived,,,
pork chop,,,,roast|sulfurous|vegetable|burnt|caramellic,rule-derived,,,
pork cutlet,,,,roast|sulfurous|vegetable|burnt|caramellic,rule-derived,,,
pork fat,,,,roast|sulfurous|vegetable|burnt|caramellic,rule-derived,,,
pork fatback,,,,roast|sulfurous|vegetable|burnt|caramellic,rule-derived,,,
pork fillet,,,,roast|sulfurous|vegetable|burnt|caramellic,rule-derived,,,
pork hock,,,,roast|sulfurous|vegetable|burnt|caramellic,rule-derived,,,
pork lean,,,,roast|sulfurous|vegetable|burnt|caramellic,rule-derived,,,
pork loin,,,,roast|sulfurous|vegetable|burnt|caramellic,rule-derived,,,
pork loin chop,,,,roast|sulfurous|vegetable|burnt|caramellic,rule-derived,,,
pork loin roast,,,,roast|sulfurous|vegetable|burnt|caramellic,rule-derived,,,
pork meat,,,,acidic|berry|bread|bready|cocoa,rule-derived,,,
pork mince,,,,roast|sulfurous|vegetable|burnt|caramellic,rule-derived,,,
pork neck,,,,roast|sulfurous|vegetable|burnt|caramellic,rule-derived,,,
pork rib,,,,roast|sulfurous|vegetable|burnt|caramellic,rule-derived,,,
pork rind,,,,roast|sulfurous|vegetable|burnt|caramellic,rule-derived,,,
pork roast,,,,roast|sulfurous|vegetable|burnt|caramellic,rule-derived,,,
pork sausage,,sweet,,alcoholic|ethereal,rule-derived,,,
pork sausage link,,sweet,,alcoholic|ethereal,rule-derived,,,
pork sausage meat,,sweet,,alcoholic|ethereal,rule-derived,,,
pork shoulder,,,,roast|sulfurous|vegetable|burnt|caramellic,rule-derived,,,
pork shoulder butt roast,,,,roast|sulfurous|vegetable|burnt|caramellic,rule-derived,,,
pork shoulder roast,,,,roast|sulfurous|vegetable|burnt|caramellic,rule-derived,,,
pork sirloin roast,,,,roast|sulfurous|vegetable|burnt|caramellic,rule-derived,,,
pork sparerib,,,,roast|sulfurous|vegetable|burnt|caramellic,rule-derived,,,
pork steak,,,,roast|sulfurous|vegetable|burnt|caramellic,rule-derived,,,
pork stew meat,,bitter|sweet,,alcoholic|ethereal,rule-derived,,,
pork stock,,,,roast|sulfurous|vegetable|burnt|caramellic,rule-derived,,,
pork tenderloin,,,,roast|sulfurous|vegetable|burnt|caramellic,rule-derived,,,
port,woody,sweet,,alcoholic|ethereal|malt|mild|onion,rule-derived,,,
port wine,woody,sweet,,alcoholic|ethereal|malt|mild|onion,rule-derived,,,
portabella mushroom,,sweet,,apple peel|caramellic|cocoa|coffee|green,rule-derived,,,
portabella mushroom cap,,sweet,,apple peel|caramellic|cocoa|coffee|green,rule-derived,,,
portabello mushroom,,sweet,,apple peel|caramellic|cocoa|coffee|green,rule-derived,,,
portobello,,pungent,,,category-heuristic,,,
portobello mushroom,,sweet,,apple peel|caramellic|cocoa|coffee|green,rule-derived,,,
portobello mushroom cap,,sweet,,apple peel|caramellic|cocoa|coffee|green,rule-derived,,,
potato,woody,umami,,earthy|potato|starchy|nutty|mild,curated-2026;tgsc;chem-lit,chicken stock|cream of celery soup|sweet butter|cream of mushroom soup,methional + pyrazines; a neutral starchy umami carrier,"dominant=methional, pyrazines, 2-acetyl-1-pyrroline; CIDs: 2-acetyl-1-pyrroline=522834, methional=18635"
potato chip,,bitter|sweet,,alcoholic|ethereal,rule-derived,,,
potato flake,,sweet,,alcoholic|ethereal,rule-derived,,,
potato gnocchi,,sweet,,alcoholic|ethereal,rule-derived,,,
potato roll,,sweet,,alcoholic|ethereal,rule-derived,,,
potato soup,,sweet,,alcoholic|ethereal,rule-derived,,,
potato starch,,sweet,,alcoholic|ethereal,rule-derived,,,
potato water,,sweet,,alcoholic|ethereal,rule-derived,,,
potato wedge,,sweet,,alcoholic|ethereal,rule-derived,,,
poultry seasoning,,,,,hub-fallback,,,
poundcake,,bitter|sweet,,alcoholic|ethereal,rule-derived,,,
pouring cream,,sweet,,alcoholic|ethereal,rule-derived,,,
powder,,bitter|sweet,,alcoholic|ethereal|mild,rule-derived,,,
powdered,,pungent,,,category-heuristic,,,
powdered alum,,pungent,,,category-heuristic,,,
powdered cinnamon,,sweet,cooling|waxy|oily,alcoholic|brown|camphor|coconut|deep,rule-derived,,,
powdered cocoa,,sweet,,banana|bland|cabbage|fruit|green,rule-derived,,,
powdered coffee,,sweet,,alcoholic|ethereal,rule-derived,,,
powdered coffee creamer,,sweet,,alcoholic|ethereal,rule-derived,,,
powdered cumin,woody,bitter|sweet,,alcoholic|ethereal|floral|lilac,rule-derived,,,
powdered fruit pectin,,bitter,,alcoholic|ethereal,rule-derived,,,
powdered garlic,,sweet,,alcoholic|cabbage|ethereal|onion|sulfur,rule-derived,,,
powdered gelatin,,sweet,,alcoholic|ethereal|mild,rule-derived,,,
powdered ginger,,sweet,waxy,alcoholic|alkane|ethereal|gasoline,rule-derived,,,
powdered instant coffee,,sweet,,alcoholic|ethereal,rule-derived,,,
powdered milk,,,,apricot|balsamic|butter|cocoa|coconut,rule-derived,,,
powdered mustard,,sweet,,alcoholic|ethereal,rule-derived,,,
powdered nondairy creamer,,sweet,,alcoholic|ethereal,rule-derived,,,
powdered pectin,,bitter,,alcoholic|ethereal,rule-derived,,,
powdered saffron,woody,bitter|sweet,oily|cooling,alcoholic|camphor|dusty|ethereal|fat,rule-derived,,,
powdered sugar,,sweet,,alcoholic|ethereal,rule-derived,,,
powdered sugar icing,,sweet,,alcoholic|ethereal,rule-derived,,,
powdered thyme,,sweet,cooling|creamy|oily,herbal|bean|camphor|cananga|earthy,rule-derived,,,
powered sugar,,sweet,,alcoholic|ethereal,rule-derived,,,
prairie turnip,green,astringent|sweet,,,category-heuristic,,,
prawn,,,,garlic|green|sulfur|sulfurous,rule-derived,,,
prepared mustard,,sweet,,alcoholic|ethereal,rule-derived,,,
preserved lemon,,sweet,cooling,alcoholic|citrus|ethereal|fresh|grapefruit peel,rule-derived,,,
pressed garlic,,sweet,,alcoholic|cabbage|ethereal|onion|sulfur,rule-derived,,,
pretzel crumb,,pungent,,,category-heuristic,,,
prickly pear,fruity,sweet|sour,,,category-heuristic,,,
process cheese,,sweet,cooling,alcoholic|ethereal|mint|terpentine,rule-derived,,,
process cheese sauce,,sweet,cooling,alcoholic|ethereal|mint|terpentine,rule-derived,,,
processed cheese,,bitter|sweet,,alcoholic|ethereal,rule-derived,,,
processed cheese food,,bitter|sweet,,alcoholic|ethereal,rule-derived,,,
processed cheese spread,,bitter|sweet,,alcoholic|ethereal,rule-derived,,,
promise buttery spread,,sweet,,alcoholic|ethereal,rule-derived,,,
prosciutto,meaty,salty|umami,tender,cured|salty|umami-aged|sweet-pork|fatty,manual-top-500;tgsc;mcgee,parmesan|bread|mozzarella|asparagus|mustard|apple|honey,umami-bridge|texture-contrast|umami-bridge|cut-fat|cut-fat|cut-fat|sweet-acid,Long dry-curing (1-3+ years) concentrates prosciutto's amino acid + nucleotide content far above fresh pork — this is why thinly sliced prosciutto delivers exceptional umami intensity with minimal volume. Prosciutto-melon and prosciutto-fig (classic Italian antipasti) work on sweet-acid balancing prosciutto's saltiness.
prosecco,,sweet,waxy,citrus|floral|orange peel|rose|berry,rule-derived,,,
protein powder,,pungent,,,category-heuristic,,,
provolone cheese,,sweet,cooling,alcoholic|ethereal|mint|terpentine,rule-derived,,,
prune,fruity,sweet,,fruity|prune|deep|caramel|raisin,curated-2026;tgsc;chem-lit,brandy|cane sugar|cinnamon|raisin,stewed-fruit furaneol; armagnac and warm-spice partner,"dominant=furaneol, 3-methylbutanal, benzaldehyde; CIDs: benzaldehyde=240, furaneol=19309"
prune juice,,sour,,,category-heuristic,,,
pudding,fatty,sweet|sour,,,category-heuristic,,,
puff pastry,,sweet,,alcoholic|ethereal,rule-derived,,,
puffed rice,,sweet,,alcoholic|berry|bready|ethereal|fermented,rule-derived,,,
puffed rice cereal,,sweet,,alcoholic|berry|bready|ethereal|fermented,rule-derived,,,
puffed wheat cereal,,sweet,,alcoholic|bland|ethereal,rule-derived,,,
pulao masala,,,,,hub-fallback,,,
pulled pork,,,,roast|sulfurous|vegetable|burnt|caramellic,rule-derived,,,
pummelo,,pungent,,,category-heuristic,,,
pumpernickel bread,,sweet,waxy|cooling,floral|waxy|cananga|citrus|ether,rule-derived,,,
pumpkin,,sweet,cooling,cananga|cocoa|coffee|floral|green,rule-derived,,,
pumpkin butter,,sweet,cooling,cananga|cocoa|coffee|floral|green,rule-derived,,,
pumpkin pie,,sweet,cooling,cananga|cocoa|coffee|floral|green,rule-derived,,,
pumpkin pie filling,,bitter|sweet,,alcoholic|ethereal,rule-derived,,,
pumpkin pie mix,,sweet,cooling,cananga|cocoa|coffee|floral|green,rule-derived,,,
pumpkin pie spice,,sweet,cooling,cananga|cocoa|coffee|floral|green,rule-derived,,,
pumpkin puree,,sweet,cooling,cananga|cocoa|coffee|floral|green,rule-derived,,,
pumpkin seed,fatty,bitter|umami,crunchy,nutty|green|roasted|earthy|seed,curated-2026;tgsc;chem-lit,pumpkin puree|pumpkin pie spice|cane sugar|chili powder,roasted green-seed note; the squash and chile partner,"dominant=pyrazines, hexanal"
pumpkin spice,,sweet,cooling,cananga|cocoa|coffee|floral|green,rule-derived,,,
pumpkinseed sunfish,woody,bitter|sweet,,,category-heuristic,,,
punnet cherry tomatoe,,sweet,cooling|pungent|waxy,ethereal|pungent|brown|camphor|chocolate,rule-derived,,,
puree,,pungent,,,category-heuristic,,,
purple basil,woody,sweet,cooling|creamy|powdery,bean|camphor|cananga|floral|green,rule-derived,,,
purple cabbage,,sour|sweet,pungent,ammonia|cabbage|citrus|ether|ethereal,rule-derived,,,
purple grape,,sweet,cooling,alcoholic|camphor|deep|ethereal|menthol,rule-derived,,,
purple laver,,pungent,,,category-heuristic,,,
purple mangosteen,,pungent,,,category-heuristic,,,
purple onion,,sweet,cooling|creamy|oily,bean|cananga|caramel|fatty|floral,rule-derived,,,
purple potatoe,,sweet,,alcoholic|ethereal,rule-derived,,,
purslane,,pungent,,,category-heuristic,,,
quartered cherry tomatoe,,sweet,cooling|pungent|waxy,ethereal|pungent|brown|camphor|chocolate,rule-derived,,,
queso fresco,fatty,,,,category-heuristic,,,
quick-cooking barley,,sweet,,alcoholic|ethereal,rule-derived,,,
quick-cooking oatmeal,,pungent,,,category-heuristic,,,
quince,fruity,sour|astringent,,fruity|quince|floral|honey|apple,curated-2026;tgsc;chem-lit,cinnamon|cane sugar|apple|clove,apple-rose ester profile; cooks to a fragrant paste with warm spice,"dominant=megastigmadienones, theaspirane, ethyl esters"
quinoa,nutty,sweet,tender,nutty|grain-like|delicate|mild|fluffy,manual-top-500;tgsc,lemon|olive oil|parsley|cucumber|feta|chickpea|mint,cleanse-palate|cut-fat|shared-volatile|shared-volatile|cut-fat|texture-contrast|cleanse-palate,"Quinoa is a chenopod (related to spinach), not a grass like wheat/rice — the 'grain' reference is culinary, not botanical. Saponins on the outer coating (bitter, soap-like) are washed off during processing. The Mediterranean quinoa-bowl pattern (quinoa + lemon + olive oil + parsley + feta) is built on multiple cleanse-palate + cut-fat principles."
quinoa flake,,sweet,cooling|waxy|oily,brown|camphor|chocolate|coconut|deep,rule-derived,,,
quinoa flour,,sweet,cooling|waxy|oily,brown|camphor|chocolate|coconut|deep,rule-derived,,,
rabbit,,pungent,,,category-heuristic,,,
rack of lamb,,,oily|creamy|waxy,fatty|cinnamon|creamy|fruity|hazelnut,rule-derived,,,
radish,green,pungent,crisp,pungent|peppery|fresh|crisp|sharp,curated-2026;tgsc;chem-lit,sweet butter|extra-virgin olive oil|coarse salt|cucumber,isothiocyanate peppery-crisp; the butter-and-salt partner,dominant=4-methylthio-3-butenyl isothiocyanate
rainbow trout,,pungent,,,category-heuristic,,,
raisin,,,creamy|oily|waxy,berry|brandy|bread|bready|buttery,rule-derived,,,
raisin bran,,,creamy|oily|waxy,berry|brandy|bread|bready|buttery,rule-derived,,,
raisin bran cereal,,,creamy|oily|waxy,berry|brandy|bread|bready|buttery,rule-derived,,,
raisin bread,,bitter|sweet,,alcoholic|ethereal,rule-derived,,,
raita,fatty,sour,,,category-heuristic,,,
rambutan,,pungent,,,category-heuristic,,,
ramen noodle,woody,sweet,,,category-heuristic,,,
ranch dressing,fatty,sour|umami,smooth,,curated-2026;tgsc;composite,buttermilk|dill|garlic|mayo,buttermilk + herb + garlic + tang,confidence=medium (composite)
ranch salad dressing,,sweet,,alcoholic|ethereal,rule-derived,,,
ranch style bean,,bitter|sweet,cooling|waxy|oily,alcoholic|camphor|coconut|deep|ethereal,rule-derived,,,
range chicken,,umami|sweet,,,rule-derived,,,
range egg,,pungent,,,category-heuristic,,,
rapeseed oil,,,powdery|waxy,delicate|floral|powdery|waxy,rule-derived,,,
rapidrise yeast,,bitter,,,category-heuristic,,,
rapini,,pungent,,,category-heuristic,,,
ras el hanout,,pungent|bitter,,,category-heuristic,,,
rasam powder,,,,,hub-fallback,,,
rashers bacon,,pungent,,,category-heuristic,,,
raspberry,fruity,sweet|sour,,fruity|raspberry|floral|jammy|sweet,curated-2026;tgsc;chem-lit,cane sugar|white chocolate|whipped cream|chocolate syrup,raspberry ketone + ionones; floral-berry partner to chocolate,"dominant=raspberry ketone, ionones, beta-damascenone; CIDs: beta-damascenone=5366074, raspberry ketone=21648"
raspberry gelatin,,sweet,,apricot|butter|cocoa|coconut|coffee,rule-derived,,,
raspberry gelatin powder,,sweet,,apricot|butter|cocoa|coconut|coffee,rule-derived,,,
raspberry jam,,sweet,,apricot|butter|cocoa|coconut|coffee,rule-derived,,,
raspberry jello,,sweet,,apricot|butter|cocoa|coconut|coffee,rule-derived,,,
raspberry jelly,,sweet,,apricot|butter|cocoa|coconut|coffee,rule-derived,,,
raspberry juice,,sweet,,apricot|butter|cocoa|coconut|coffee,rule-derived,,,
raspberry liqueur,,sweet,,apricot|butter|cocoa|coconut|coffee,rule-derived,,,
raspberry pie filling,,bitter|sweet,,alcoholic|ethereal,rule-derived,,,
raspberry preserve,,sweet,,apricot|butter|cocoa|coconut|coffee,rule-derived,,,
raspberry puree,,sweet,,apricot|butter|cocoa|coconut|coffee,rule-derived,,,
raspberry sauce,,sweet,,apricot|butter|cocoa|coconut|coffee,rule-derived,,,
raspberry sherbet,,sweet,,apricot|butter|cocoa|coconut|coffee,rule-derived,,,
raspberry sorbet,,sweet,,apricot|butter|cocoa|coconut|coffee,rule-derived,,,
raspberry syrup,,sweet,,apricot|butter|cocoa|coconut|coffee,rule-derived,,,
raspberry vinaigrette,,sweet,,apricot|butter|cocoa|coconut|coffee,rule-derived,,,
raspberry vinegar,,sweet,,apricot|butter|cocoa|coconut|coffee,rule-derived,,,
raspberry vodka,,sweet,,apricot|butter|cocoa|coconut|coffee,rule-derived,,,
raspberry yogurt,,sweet,,apricot|butter|cocoa|coconut|coffee,rule-derived,,,
realemon,,sweet,cooling,alcoholic|citrus|ethereal|fresh|grapefruit peel,rule-derived,,,
realemon juice,,sweet,cooling,alcoholic|citrus|ethereal|fresh|grapefruit peel,rule-derived,,,
recaito,,pungent,,,category-heuristic,,,
recipe secrets onion soup mix,,sweet,cooling|creamy|oily,bean|cananga|caramel|fatty|floral,rule-derived,,,
red algae,,pungent,,,category-heuristic,,,
red apple,fruity,sweet,crisp,estery|jammy|ripe|waxy|cider-like,manual-top-500;tgsc,cinnamon|caramel|walnut|cheddar|pork|honey|vanilla,shared-volatile|sweet-acid|tradition|cut-fat|cut-fat|sweet-acid|shared-volatile,"More ripe esters (ethyl 2-methylbutyrate, hexyl acetate, beta-damascenone) — sweeter side of the apple family. Beta-damascenone bridges to honey, vanilla, and rose for dessert pairings.; CIDs: beta-damascenone=5366074"
red bean,,bitter|sweet,cooling|waxy|oily,alcoholic|camphor|coconut|deep|ethereal,rule-derived,,,
red bliss potatoe,,sweet,,alcoholic|ethereal,rule-derived,,,
red burgundy wine,,,cooling|oily,banana|herbal|apple|apple peel|apricot,rule-derived,,,
red cabbage,,sour|sweet,pungent,ammonia|cabbage|citrus|ether|ethereal,rule-derived,,,
red cake coloring,,bitter|sweet,,alcoholic|ethereal,rule-derived,,,
red capsicum,,sweet,waxy|cooling|creamy,alkane|bean|cananga|floral|green,rule-derived,,,
red cayenne pepper,,sweet,waxy,alcoholic|alkane|ethereal|gasoline,rule-derived,,,
red cherry tomatoe,,sweet,cooling|pungent|waxy,ethereal|pungent|brown|camphor|chocolate,rule-derived,,,
red chile flake,,spicy|pungent,,,category-heuristic,,,
red chile pepper,,sweet,waxy,alcoholic|alkane|ethereal|gasoline,rule-derived,,,
red chili,,bitter|sweet,,alcoholic|ethereal,rule-derived,,,
red chili long,,bitter|sweet,,alcoholic|ethereal,rule-derived,,,
red chili paste,,bitter|sweet,,alcoholic|ethereal,rule-derived,,,
red chili pepper,,sweet,waxy,alcoholic|alkane|ethereal|gasoline,rule-derived,,,
red chili powder,,bitter|sweet,,alcoholic|ethereal,rule-derived,,,
red chili sauce,,bitter|sweet,,alcoholic|ethereal,rule-derived,,,
red chilie,,bitter|sweet,,alcoholic|ethereal,rule-derived,,,
red chilli flake,,spicy|pungent,,,category-heuristic,,,
red chilli pepper,,sweet,waxy,alcoholic|alkane|ethereal|gasoline,rule-derived,,,
red cinnamon,,sweet,cooling|waxy|oily,alcoholic|brown|camphor|coconut|deep,rule-derived,,,
red colored sugar,,sweet,,alcoholic|ethereal,rule-derived,,,
red cooking wine,,,cooling|oily,banana|herbal|apple|apple peel|apricot,rule-derived,,,
red delicious apple,,sweet,,alcoholic|apple|banana|ethereal|fruit,rule-derived,,,
red enchilada sauce,,sweet,,,rule-derived,,,
red grape,,,,,rule-derived,,,
red grape tomatoe,,,,,rule-derived,,,
red grapefruit,,sweet,cooling,alcoholic|camphor|deep|ethereal|menthol,rule-derived,,,
red grapefruit juice,,sweet,cooling,alcoholic|camphor|deep|ethereal|menthol,rule-derived,,,
red jalapeno,,,,bell|green pepper|pepper|spice,rule-derived,,,
red jalapeno chile,,,,bell|green pepper|pepper|spice,rule-derived,,,
red jalapeno pepper,,,,,rule-derived,,,
red kidney bean,,bitter|sweet,cooling|waxy|oily,alcoholic|camphor|coconut|deep|ethereal,rule-derived,,,
red leaf lettuce,,sweet,,alcoholic|ethereal,rule-derived,,,
red lettuce,,sweet,,alcoholic|ethereal,rule-derived,,,
red miso,,,,,hub-fallback,,,
red new potatoe,,sweet,,alcoholic|ethereal,rule-derived,,,
red paprika,,pungent|bitter,,,category-heuristic,,,
red pear,,sweet,,alcoholic|ethereal|grass|leafy|sweaty,rule-derived,,,
red pepper,green,sweet,crisp,fruity|ripe|hexenal|grassy|fresh,manual-top-500;tgsc,garlic|olive oil|basil|tomato|feta|onion|balsamic vinegar,shared-volatile|cut-fat|shared-volatile|shared-volatile|cut-fat|shared-volatile|sweet-acid,"As bell pepper ripens, the methoxypyrazines drop and ester compounds rise (hexyl acetate, ethyl hexanoate) — that's why red bell pepper is sweet vs green's grassy bitterness. The Mediterranean profile leans on shared hexenal across red pepper/basil/tomato."
red pepper sauce,,sweet,waxy,alcoholic|alkane|ethereal|gasoline,rule-derived,,,
red plum,,sweet,waxy,banana|pineapple|apple|apple peel|apricot,rule-derived,,,
red potato,,sweet,,alcoholic|ethereal,rule-derived,,,
red potatoe,,sweet,,alcoholic|ethereal,rule-derived,,,
red quinoa,,sweet,cooling|waxy|oily,brown|camphor|chocolate|coconut|deep,rule-derived,,,
red raspberry,,sour|bitter|sweet,,alcoholic|ethereal,rule-derived,,,
red raspberry preserve,,sour|bitter|sweet,,alcoholic|ethereal,rule-derived,,,
red ripe tomatoe,,sweet,,apple peel|apricot|banana|cocoa|coffee,rule-derived,,,
red salmon,,,oily,apple|cinnamon|fatty|green|hazelnut,rule-derived,,,
red sauce,,bitter|sweet,,alcoholic|ethereal,rule-derived,,,
red seedless grape,,sweet,cooling,alcoholic|camphor|deep|ethereal|menthol,rule-derived,,,
red skin potatoe,,sweet,,alcoholic|ethereal,rule-derived,,,
red skinned potatoe,,sweet,,alcoholic|ethereal,rule-derived,,,
red sugar,,sweet,,alcoholic|ethereal,rule-derived,,,
red sweet bell pepper,,sweet,waxy,alcoholic|alkane|ethereal|gasoline,rule-derived,,,
red sweet pepper,,sweet,waxy,alcoholic|alkane|ethereal|gasoline,rule-derived,,,
red thai chile,,spicy|pungent,,,category-heuristic,,,
red tomato,,sweet,,apple peel|apricot|banana|cocoa|coffee,rule-derived,,,
red tomatoe,,sweet,,apple peel|apricot|banana|cocoa|coffee,rule-derived,,,
red vinegar,,bitter|sweet,,alcoholic|ethereal|mild,rule-derived,,,
red wine,fermented,sour|bitter,warming|astringent,tannic|fruity|aged|estery|complex,manual-top-500;tgsc;mcgee,beef|lamb|cheese|mushroom|chocolate|dark chocolate|garlic,cut-fat|cut-fat|cut-fat|umami-bridge|shared-volatile|shared-volatile|maillard-bridge,"Red wine tannins come from anthocyanin breakdown during skin contact + barrel aging — these polyphenols deliver the astringent mouthfeel and cut animal fat through complex receptor interactions. Pinot Noir is lighter (lower tannin), Cabernet heavier. Red-wine-beef is the textbook tannin-fat cut."
red wine vinaigrette,,sweet,waxy|oily,coconut|oil|waxy|alcoholic|balsamic,rule-derived,,,
red wine vinegar,fermented,sour,pungent,tangy|winey|fruity|acetic|sharp,manual-top-500;tgsc,olive oil|shallot|strawberry|beef|tomato|mustard|honey,cut-fat|shared-volatile|sweet-acid|cut-fat|sweet-acid|shared-volatile|sweet-acid,"Acetic acid from Acetobacter fermentation, plus retained wine esters (ethyl acetate, ethyl lactate) and trace anthocyanin-derived compounds. The strawberry-balsamic tradition extends to red wine vinegar through shared ester chemistry; the classical mignonette (shallot + red wine vinegar) bridges through acetic acid amplifying shallot's volatile sulfur. Red wine vinegar handles red meat better than white because the residual wine compounds extend beef's Maillard character."
reduced-calorie whipped topping,,bitter|sweet,,alcoholic|ethereal,rule-derived,,,
reduced-fat whipped topping,,bitter|sweet,,alcoholic|ethereal,rule-derived,,,
refrigerated cheese tortellini,,sweet,cooling,alcoholic|ethereal|mint|terpentine,rule-derived,,,
refrigerated pie crust,,bitter|sweet,,alcoholic|ethereal,rule-derived,,,
refrigerated sugar cookie dough,,sweet,,alcoholic|ethereal,rule-derived,,,
regular butterscotch pudding,,bitter|sweet,,alcoholic|ethereal,rule-derived,,,
regular corn,,sweet,,alcoholic|ethereal,rule-derived,,,
regular flour,,sweet,,,rule-derived,,,
regular long grain rice,,sweet,,alcoholic|berry|bready|ethereal|fermented,rule-derived,,,
regular milk,,,,apricot|balsamic|butter|cocoa|coconut,rule-derived,,,
regular mustard,,sweet,,alcoholic|ethereal,rule-derived,,,
regular oatmeal,,pungent,,,category-heuristic,,,
regular pie crust,,bitter|sweet,,alcoholic|ethereal,rule-derived,,,
regular rice,,sweet,,alcoholic|berry|bready|ethereal|fermented,rule-derived,,,
regular sausage,,sweet,,alcoholic|ethereal,rule-derived,,,
regular sugar,,sweet,,alcoholic|ethereal,rule-derived,,,
regular vanilla pudding,,bitter|sweet,cooling|waxy|oily,alcoholic|camphor|coconut|deep|ethereal,rule-derived,,,
relish,,sour|sweet|pungent,,,category-heuristic,,,
remoulade sauce,,sweet,,alcoholic|ethereal|mild,rule-derived,,,
reserved juice,,sour,,,category-heuristic,,,
rhubarb,green,sour|astringent,crisp,tart|green|stalky|astringent|fresh,curated-2026;tgsc;chem-lit,cane sugar|strawberry|cinnamon|orange,oxalic-malic tartness; the strawberry and custard partner,"dominant=oxalic & malic acids, (Z)-3-hexenal; CIDs: (z)-3-hexenal=643941"
rice,woody,,,starchy|nutty|mild|cereal|popcorn,curated-2026;tgsc;chem-lit,long-grain rice|brown rice|rice vinegar|soy sauce,acetyl-pyrroline aromatic grain; the neutral umami carrier,dominant=2-acetyl-1-pyrroline (aromatic varieties); CIDs: 2-acetyl-1-pyrroline=522834
rice bran,,sweet,,alcoholic|berry|bready|ethereal|fermented,rule-derived,,,
rice bran oil,,sweet,,alcoholic|berry|bready|ethereal|fermented,rule-derived,,,
rice bubble,,sweet,,alcoholic|berry|bready|ethereal|fermented,rule-derived,,,
rice cake,,bitter|sweet,,alcoholic|balsam|ethereal|oriental,rule-derived,,,
rice cereal,,sweet,,alcoholic|berry|bready|ethereal|fermented,rule-derived,,,
rice cooked,,sweet,,alcoholic|berry|bready|ethereal|fermented,rule-derived,,,
rice cracker,,sweet,,alcoholic|ethereal,rule-derived,,,
rice crispie,,sweet,,alcoholic|berry|bready|ethereal|fermented,rule-derived,,,
rice flour,,sweet,,,rule-derived,,,
rice krispie,,sweet,,alcoholic|berry|bready|ethereal|fermented,rule-derived,,,
rice krispie cereal,,sweet,,alcoholic|berry|bready|ethereal|fermented,rule-derived,,,
rice milk,,sweet,,alcoholic|berry|bready|ethereal|fermented,rule-derived,,,
rice mix,,sweet,,alcoholic|berry|bready|ethereal|fermented,rule-derived,,,
rice noodle,,sweet,,alcoholic|berry|bready|ethereal|fermented,rule-derived,,,
rice paper,,sweet,,alcoholic|berry|bready|ethereal|fermented,rule-derived,,,
rice pilaf,,sweet,,alcoholic|berry|bready|ethereal|fermented,rule-derived,,,
rice powder,,sweet,,alcoholic|berry|bready|ethereal|fermented,rule-derived,,,
rice side,,sweet,,alcoholic|berry|bready|ethereal|fermented,rule-derived,,,
rice syrup,,bitter|sweet,,alcoholic|ethereal,rule-derived,,,
rice vermicelli,,sweet,,alcoholic|berry|bready|ethereal|fermented,rule-derived,,,
rice vermicelli noodle,,sweet,,alcoholic|berry|bready|ethereal|fermented,rule-derived,,,
rice vinegar,,bitter|sweet,,alcoholic|ethereal|mild,rule-derived,,,
rice-a-roni,,sweet,,alcoholic|berry|bready|ethereal|fermented,rule-derived,,,
rice-wine vinegar,,bitter|sweet,,alcoholic|ethereal|mild,rule-derived,,,
ricotta,fatty,sweet,smooth,milky|sweet|fresh|mild|creamy,curated-2026;tgsc;chem-lit,lasagna noodle|marinara sauce|spinach|parmesan,lactose-sweet fresh curd; the lasagna and cannoli partner,"dominant=lactose, lactic acid"
ricotta salata cheese,,sweet,cooling,alcoholic|ethereal|mint|terpentine,rule-derived,,,
riesling wine,,,cooling|oily,banana|herbal|apple|apple peel|apricot,rule-derived,,,
rigatoni noodle,woody,sweet,,,category-heuristic,,,
rigatoni pasta,,sweet,cooling,alcoholic|camphor|deep|ethereal|menthol,rule-derived,,,
rind,,bitter|sweet,,alcoholic|ethereal|fruity|fungal|tobacco,rule-derived,,,
ripe banana,,sweet,cooling,alcoholic|camphor|deep|ethereal|menthol,rule-derived,,,
ripe olive,,sweet,,alcoholic|ethereal|fruit|grape|pineapple,rule-derived,,,
ripe peache,,sweet,,alcoholic|apple|banana|ethereal|fruit,rule-derived,,,
ripe tomatoe,,sweet,,apple peel|apricot|banana|cocoa|coffee,rule-derived,,,
risotto rice,,sweet,,alcoholic|berry|bready|ethereal|fermented,rule-derived,,,
ro-tel tomatoe,,sweet,,apple peel|apricot|banana|cocoa|coffee,rule-derived,,,
roast,,pungent,,,category-heuristic,,,
roaster,,pungent,,,category-heuristic,,,
roasting chicken,,umami|sweet,,,rule-derived,,,
roasting pan,,pungent,,,category-heuristic,,,
rock salt,,sweet,,alcoholic|ethereal,rule-derived,,,
rock sugar,,sweet,,alcoholic|ethereal,rule-derived,,,
rocket,,bitter,waxy,citrus|alcoholic|ethereal|laundry|lime,rule-derived,,,
rockfish,,,oily|waxy,herbal|bread|citrus|coconut|earthy,rule-derived,,,
roibos tea,,sour,,,category-heuristic,,,
roll garlic,,sweet,,alcoholic|cabbage|ethereal|onion|sulfur,rule-derived,,,
roll sausage,,sweet,,alcoholic|ethereal,rule-derived,,,
roll sugar cookie,,sweet,,alcoholic|ethereal,rule-derived,,,
rolled pork,,,,roast|sulfurous|vegetable|burnt|caramellic,rule-derived,,,
roma tomatoe,,sweet,,apple peel|apricot|banana|cocoa|coffee,rule-derived,,,
romaine lettuce,,sweet,,alcoholic|bland|ethereal,rule-derived,,,
romaine lettuce heart,,sweet,,alcoholic|bland|ethereal,rule-derived,,,
romaine lettuce leaf,,sweet,,alcoholic|bland|ethereal,rule-derived,,,
romaine lettuce leave,,sweet,,alcoholic|bland|ethereal,rule-derived,,,
romano bean,,bitter|sweet,cooling|waxy|oily,alcoholic|camphor|coconut|deep|ethereal,rule-derived,,,
romano cheese,,sweet,cooling,alcoholic|ethereal|mint|terpentine,rule-derived,,,
romano pepper,,spicy|pungent,,,category-heuristic,,,
romesco sauce,,bitter|sweet,,alcoholic|ethereal,rule-derived,,,
root,,sweet,cooling|pungent|waxy,ethereal|pungent|brown|camphor|chocolate,rule-derived,,,
root beer,,sweet,creamy,alcoholic|creamy|ethereal|fruit|fruity,rule-derived,,,
root ginger,,sweet,waxy,alcoholic|alkane|ethereal|gasoline,rule-derived,,,
root vegetable,,sweet,,sulfur|anise|apple|banana|cabbage,rule-derived,,,
roquefort cheese,,sweet,cooling,alcoholic|ethereal|mint|terpentine,rule-derived,,,
rose,floral,sweet|astringent,,floral|rose|sweet|fresh|honey,curated-2026;tgsc;chem-lit,cardamom|cane sugar|white chocolate|lemon juice,citronellol/geraniol + damascenone; the cardamom/pistachio dessert axis,"dominant=citronellol, geraniol, rose oxide, beta-damascenone; CIDs: beta-damascenone=5366074, citronellol=8842, geraniol=637566"
rose hip,,pungent,,,category-heuristic,,,
rose water,,sour,,,category-heuristic,,,
rose wine,,,cooling|oily,banana|herbal|apple|apple peel|apricot,rule-derived,,,
roseapple,,pungent,,,category-heuristic,,,
roselle,,pungent,,,category-heuristic,,,
rosemary,woody,bitter,,pine|woody|camphor|herbal|resinous,curated-2026;tgsc;chem-lit,extra-virgin olive oil|pork loin|red potatoe|chicken stock|butternut squash,cineole + camphor + pinene; the pine/resin axis links it to juniper (gin) and sage,"dominant=1,8-cineole (eucalyptol), camphor, alpha-pinene; CIDs: 1,8-cineole=2758, alpha-pinene=6654, camphor=2537, eucalyptol=2758"
rosemary leaf,,sweet,cooling,herbal|alcoholic|berry|bready|citrus,rule-derived,,,
rosemary needle,,sweet,cooling,herbal|alcoholic|berry|bready|citrus,rule-derived,,,
rosewater,green,sweet,,,category-heuristic,,,
rotelle pasta,,sweet,cooling,alcoholic|camphor|deep|ethereal|menthol,rule-derived,,,
rotini noodle,woody,sweet,,,category-heuristic,,,
rotini pasta,,sweet,cooling,alcoholic|camphor|deep|ethereal|menthol,rule-derived,,,
rotisserie chicken,,umami|sweet,,,rule-derived,,,
round beef,,,oily|waxy|cooling,fatty|balsamic|cucumber|dry|earthy,rule-derived,,,
round roast,,pungent,,,category-heuristic,,,
rowal,,pungent,,,category-heuristic,,,
rub,,sour|sweet|pungent,,,category-heuristic,,,
rub seasoning,,pungent,,,category-heuristic,,,
rubber,,sour|sweet|pungent,,,category-heuristic,,,
rubbing alcohol,,sour|sweet|pungent,,,category-heuristic,,,
ruby grapefruit,,sweet,cooling,alcoholic|camphor|deep|ethereal|menthol,rule-derived,,,
ruby red grapefruit juice,,sweet,cooling,alcoholic|camphor|deep|ethereal|menthol,rule-derived,,,
rum,caramel,sweet,warming,estery|caramellic|amber|burnt-sugar|tropical,manual-top-500;tgsc,lime|pineapple|banana|coconut milk|sugar|mint|cinnamon,sweet-acid|tradition|shared-volatile|tradition|sweet-acid|cleanse-palate|shared-volatile,"Rum's volatile chemistry derives from molasses (the source) — esters from fermentation (ethyl propanoate, isoamyl acetate, the same banana-ester compound), Maillard products from heating, and barrel-aging compounds in aged variants. The mojito (rum + lime + mint + sugar + soda) is built on sweet-acid + cleanse-palate principles.; CIDs: isoamyl acetate=31276"
rump,,pungent,,,category-heuristic,,,
rump roast,,pungent,,,category-heuristic,,,
rump steak,,pungent,,,category-heuristic,,,
runner bean,,bitter|sweet,cooling|waxy|oily,alcoholic|camphor|coconut|deep|ethereal,rule-derived,,,
runny honey,,bitter|sweet,,alcoholic|ethereal|mild,rule-derived,,,
russet potatoe,,sweet,,alcoholic|ethereal,rule-derived,,,
rutabaga,,pungent,,,category-heuristic,,,
rye,,pungent,,,category-heuristic,,,
rye bread,,sweet,,alcoholic|ethereal,rule-derived,,,
rye cocktail bread,,bitter,,alcoholic|ethereal,rule-derived,,,
rye flour,,sweet,cooling,cananga|cocoa|coffee|floral|green,rule-derived,,,
safflower oil,,sweet,,alcoholic|berry|bready|ethereal|fermented,rule-derived,,,
saffron,floral,bitter,,floral|hay|honey|saffron|metallic,curated-2026;tgsc;chem-lit,long-grain rice|mussel|white fish|chicken stock,"safranal hay-floral; the paella, risotto and bouillabaisse partner","dominant=safranal, picrocrocin, crocin (color); CIDs: safranal=61041"
saffron powder,woody,bitter|sweet,oily|cooling,alcoholic|camphor|dusty|ethereal|fat,rule-derived,,,
saffron rice,woody,bitter|sweet,oily|cooling,alcoholic|camphor|dusty|ethereal|fat,rule-derived,,,
sage,woody,bitter,,herbal|camphor|woody|warm|eucalyptus,curated-2026;tgsc;chem-lit,butternut squash|pork loin|sweet butter|pasta sauce|chicken stock,thujone + camphor + cineole; the brown-butter and winter-squash partner,"dominant=alpha/beta-thujone, 1,8-cineole, camphor (thujone shared with wormwood); CIDs: 1,8-cineole=2758, beta-thujone=91456, camphor=2537"
sage leaf,,sweet,cooling|creamy|powdery,bean|camphor|cananga|floral|green,rule-derived,,,
sage sausage,,sweet,,alcoholic|ethereal,rule-derived,,,
sago palm,,pungent,,,category-heuristic,,,
sake,fermented,sweet|sour,warming,rice|estery|umami|smooth|delicate,manual-top-500;tgsc,tuna|salmon|miso|tofu|scallop|soy sauce|ginger,cleanse-palate|cleanse-palate|umami-bridge|umami-bridge|cleanse-palate|umami-bridge|shared-volatile,"Sake's 'umami' character is distinctive among alcoholic beverages — koji fermentation releases free amino acids (glutamate, alanine) directly into the brew, unlike wine or beer. Sake-sushi tradition is built on this umami amplification plus sake's mild ester profile complementing fish chemistry.; CIDs: glutamate=33032"
salad dressing,,sweet,,alcoholic|ethereal,rule-derived,,,
salad dressing mix,,sweet,,alcoholic|ethereal,rule-derived,,,
salad mustard,,sweet,,alcoholic|ethereal,rule-derived,,,
salad oil,,bitter|sweet,,alcoholic|ethereal,rule-derived,,,
salad olive,,sweet,,alcoholic|ethereal|fruit|grape|pineapple,rule-derived,,,
salad onion,,bitter|sweet,,alcoholic|ethereal,rule-derived,,,
salad shrimp,,sweet,,alcoholic|ethereal,rule-derived,,,
salad vinegar,,bitter|sweet,,alcoholic|ethereal|mild,rule-derived,,,
salmon,fatty,umami,tender,fatty|fish|umami|rich|marine,curated-2026;tgsc;chem-lit,dill|lemon juice|extra-virgin olive oil|caper,"omega-rich fat + green hexenal; the dill, lemon and caper partner","dominant=omega-3 lipids, (Z)-3-hexenal; CIDs: (z)-3-hexenal=643941"
salmon filet,,,oily,apple|cinnamon|fatty|green|hazelnut,rule-derived,,,
salmon fillet,,,oily,apple|cinnamon|fatty|green|hazelnut,rule-derived,,,
salmon roe,,,oily,apple|cinnamon|fatty|green|hazelnut,rule-derived,,,
salmon steak,,,oily,apple|cinnamon|fatty|green|hazelnut,rule-derived,,,
salmonberry,fruity,sweet|sour,,,category-heuristic,,,
salsa,,sour|sweet|pungent,,,category-heuristic,,,
salsa sauce,,bitter|sweet,,alcoholic|ethereal,rule-derived,,,
salt,earthy,salty,crystalline,mineral|saline|clean|pure|sharp,manual-top-500,caramel|chocolate|butter|egg|pasta|tomato|pork,sweet-acid|sweet-acid|sweet-acid|sweet-acid|sweet-acid|umami-bridge|umami-bridge,"Pure NaCl has no aroma — salt's role is to enhance other flavors via multiple mechanisms: suppressing bitterness perceptually, enhancing sweetness at the receptor level, and modulating ion balance in proteins for texture. Salt at approximately 0.5-1% concentration amplifies most flavors; above 1% the saltiness becomes the dominant sensation. Note: tier1=earthy is a placeholder for the mineral character; salt is essentially aromaless and may belong in the tier1-blank exception list."
salt +,,pungent,,,category-heuristic,,,
salt cod,,sweet,,alcoholic|ethereal,rule-derived,,,
salt pepper,,sweet,waxy,alcoholic|alkane|ethereal|gasoline,rule-derived,,,
salt pork,,sweet,,alcoholic|ethereal,rule-derived,,,
salt substitute,,sweet,,alcoholic|ethereal,rule-derived,,,
salt water,,sweet,,alcoholic|ethereal,rule-derived,,,
salted,,sweet,,alcoholic|ethereal,rule-derived,,,
salted spanish peanut,,sweet,cooling,alcoholic|camphor|deep|ethereal|menthol,rule-derived,,,
saltine,,sweet,,alcoholic|ethereal,rule-derived,,,
saltine cracker,,sweet,,alcoholic|ethereal,rule-derived,,,
saltine cracker crumb,,sweet,,alcoholic|ethereal,rule-derived,,,
saltine crumb,,sweet,,alcoholic|ethereal,rule-derived,,,
saltpeter,,sweet,,alcoholic|ethereal,rule-derived,,,
sambal,,spicy,,,category-heuristic,,,
sambal oelek,,,,,hub-fallback,,,
sambal oelek chili paste,,bitter|sweet,,alcoholic|ethereal,rule-derived,,,
sambar powder,,,,,hub-fallback,,,
sambuca,,sweet|bitter,,,category-heuristic,,,
sanding sugar,,sweet,,alcoholic|ethereal,rule-derived,,,
sandwich bread,,sweet,waxy|cooling,floral|waxy|cananga|citrus|ether,rule-derived,,,
sandwich cookie,woody,sweet,,,category-heuristic,,,
sandwich sauce,,bitter|sweet,,alcoholic|ethereal,rule-derived,,,
sapodilla,,pungent,,,category-heuristic,,,
sardine,,pungent,,,category-heuristic,,,
saskatoon berrie,fruity,sweet|sour,,,category-heuristic,,,
satay sauce,,bitter|sweet,,alcoholic|ethereal,rule-derived,,,
sauce,,bitter|sweet,,alcoholic|ethereal,rule-derived,,,
saucepan,,bitter|sweet,,alcoholic|ethereal,rule-derived,,,
sausage,meaty,salty|umami,chewy,salty-fatty|spiced|cured|brothy|seasoned,manual-top-500;tgsc,bread|mustard|cabbage|sweet pepper|onion|potato|fennel,texture-contrast|cut-fat|cut-fat|shared-volatile|shared-volatile|earthy-bridge|shared-volatile,"Sausage' is intentionally generic — the chemistry varies dramatically by style (Italian = fennel-driven, breakfast = sage-driven, chorizo = paprika-driven, Polish = caraway-driven). The shared foundation is salt-cured ground pork + spices, with each style's herb/spice characteristic driving its specific pairings. GAT learners should expect sausage to cluster with multiple herb/spice anchors."
sausage casing,,sweet,,alcoholic|ethereal,rule-derived,,,
sausage link,,sweet,,alcoholic|ethereal,rule-derived,,,
sausage meat,,sweet,,alcoholic|ethereal,rule-derived,,,
sausage pattie,,sweet,,alcoholic|ethereal,rule-derived,,,
sauterne wine,,,cooling|oily,banana|herbal|apple|apple peel|apricot,rule-derived,,,
savoy cabbage,,sweet,cooling|waxy|oily,alcoholic|brown|camphor|coconut|deep,rule-derived,,,
scallion,green,pungent,,onion|fresh|green|sharp|sweet,curated-2026;tgsc;chem-lit,soya sauce|dark sesame oil|ginger paste|garlic,fresh raw allium; the East-Asian finishing partner,"dominant=disulfides, thiosulfinates"
scallion green,green,pungent|sweet,,,category-heuristic,,,
scallions including green top,,pungent,,,category-heuristic,,,
scallop,marine,sweet|umami,tender,sweet|briny|delicate|caramellic-seared|rich,manual-top-500;tgsc,butter|lemon|garlic|bacon|corn|cauliflower|wine,cut-fat|cleanse-palate|shared-volatile|maillard-bridge|sweet-acid|earthy-bridge|cleanse-palate,"Scallops have the highest free amino acid content of common shellfish — glycine, alanine, and arginine drive the genuine sweetness, while IMP + GMP provide multiplicative umami. Seared scallops develop intense caramellic notes from amino acid Maillard reactions. Scallop-bacon is shared-Maillard plus textural contrast."
schweppes russchian,woody,bitter|sweet,,,category-heuristic,,,
scoop ice cream,,sweet,,alcoholic|ethereal,rule-derived,,,
scoops ice cream,,sweet,,alcoholic|ethereal,rule-derived,,,
scotch,,,oily|waxy,banana|apricot|apple|balsamic|fat,rule-derived,,,
scotch whiskey,,bitter|pungent,,,category-heuristic,,,
sea bass fillet,,pungent,,,category-heuristic,,,
sea buckthorn,,pungent,,,category-heuristic,,,
sea cucumber,green,astringent|sweet,,,category-heuristic,,,
sea trout,,pungent,,,category-heuristic,,,
seafood sauce,,bitter|sweet,,alcoholic|ethereal,rule-derived,,,
seafood stock,,sour,,,category-heuristic,,,
seashell pasta,,sweet,cooling,alcoholic|camphor|deep|ethereal|menthol,rule-derived,,,
season salt,,sweet,,alcoholic|ethereal,rule-derived,,,
seasoning,,pungent,,,category-heuristic,,,
seasoning salt,,sweet,,alcoholic|ethereal,rule-derived,,,
seasoning sauce,,bitter|sweet,,alcoholic|ethereal,rule-derived,,,
seed,,sweet,cooling,alcoholic|camphor|deep|ethereal|menthol,rule-derived,,,
seeded mustard,,sweet,,alcoholic|ethereal,rule-derived,,,
seeded raisin,,,creamy|oily|waxy,berry|brandy|bread|bready|buttery,rule-derived,,,
seeded serrano chile,,spicy|pungent,,,category-heuristic,,,
seeded watermelon,,sweet,,alcoholic|berry|bready|ethereal|fermented,rule-derived,,,
seedless grape,,sweet,cooling,alcoholic|camphor|deep|ethereal|menthol,rule-derived,,,
seedless raisin,,,creamy|oily|waxy,berry|brandy|bread|bready|buttery,rule-derived,,,
seedless raspberry,,sweet,,apricot|butter|cocoa|coconut|coffee,rule-derived,,,
seedless raspberry jam,,sweet,,apricot|butter|cocoa|coconut|coffee,rule-derived,,,
seedless raspberry preserve,,sweet,,apricot|butter|cocoa|coconut|coffee,rule-derived,,,
seedless red grape,,,,,rule-derived,,,
seedless watermelon,,sweet,,alcoholic|berry|bready|ethereal|fermented,rule-derived,,,
seitan,,pungent,,,category-heuristic,,,
self rising flour,,,,,hub-fallback,,,
self-raising flour,,,creamy|oily|waxy,berry|brandy|bread|bready|buttery,rule-derived,,,
seltzer water,,sweet,,alcoholic|ethereal,rule-derived,,,
semi-skimmed milk,,,,apricot|balsamic|butter|cocoa|coconut,rule-derived,,,
semi-sweet baking chocolate,,sweet,,alcoholic|ethereal,rule-derived,,,
semi-sweet chocolate,,sweet,,alcoholic|ethereal,rule-derived,,,
semi-sweet chocolate baking square,,sweet,,alcoholic|ethereal,rule-derived,,,
semi-sweet chocolate bit,,sweet,,alcoholic|ethereal,rule-derived,,,
semi-sweet chocolate mini morsel,,sweet,,alcoholic|ethereal,rule-derived,,,
semi-sweet chocolate morsel,,sweet,,alcoholic|ethereal,rule-derived,,,
semi-sweet chocolate square,,sweet,,alcoholic|ethereal,rule-derived,,,
semisweet chocolate chip,,sweet,,alcoholic|ethereal,rule-derived,,,
semolina,,sweet,,,category-heuristic,,,
serrano chile pepper,,sweet,waxy,alcoholic|alkane|ethereal|gasoline,rule-derived,,,
serrano chili,,bitter|sweet,,alcoholic|ethereal,rule-derived,,,
serrano chili pepper,,sweet,waxy,alcoholic|alkane|ethereal|gasoline,rule-derived,,,
serrano chilie,,bitter|sweet,,alcoholic|ethereal,rule-derived,,,
serrano pepper,,sweet,waxy,alcoholic|alkane|ethereal|gasoline,rule-derived,,,
sesame,,sweet,,alcoholic|berry|bready|ethereal|fermented,rule-derived,,,
sesame dressing,,sweet,,alcoholic|berry|bready|ethereal|fermented,rule-derived,,,
sesame oil,nutty,sweet,oily,roasted|toasted|brown|earthy|aromatic,manual-top-500;tgsc,ginger|scallion|soy sauce|sesame seed|chicken|noodles|chili,shared-volatile|shared-volatile|umami-bridge|tradition|maillard-bridge|tradition|cut-fat,Toasted sesame oil's pyrazines and furans are nearly identical to roasted peanut chemistry — the GAT should cluster these closely. The East Asian sesame-ginger-scallion-soy quartet works through shared sulfur and pyrazine families across all four components. Untoasted sesame oil is much milder and clusters more with neutral cooking oils than with this aromatic neighborhood.
sesame seed,nutty,sweet,crunchy,toasted|nutty|delicate|warm|seedy,manual-top-500;tgsc,scallion|ginger|soy sauce|rice|noodles|tuna|sesame oil,shared-volatile|shared-volatile|umami-bridge|texture-contrast|texture-contrast|shared-volatile|shared-volatile,Sesame seeds when toasted develop the same pyrazines and furans as toasted sesame oil — concentrated form of the same chemistry. Sesame-soy-rice is the East Asian/Korean rice bowl foundation; sesame-tuna is the canonical sashimi/poke pattern.
sesame seed hamburger,,sweet,,alcoholic|ethereal,rule-derived,,,
sesame seed oil,,sweet,,alcoholic|berry|bready|ethereal|fermented,rule-derived,,,
sesame tahini,,sweet,,alcoholic|berry|bready|ethereal|fermented,rule-derived,,,
sesbania flower,,pungent,,,category-heuristic,,,
shallot,green,pungent|sweet,,onion|sweet|sharp|delicate|savory,curated-2026;tgsc;chem-lit,extra-virgin olive oil|sherry vinegar|champagne vinegar|walnut oil,delicate sweet allium; the vinaigrette and pan-sauce base,"dominant=disulfides, propanethial"
shaoxing wine,,,cooling|oily,banana|herbal|apple|apple peel|apricot,rule-derived,,,
sharp american cheese,,sweet,cooling,alcoholic|ethereal|mint|terpentine,rule-derived,,,
sharp cheddar cheese,,sweet,cooling,alcoholic|ethereal|mint|terpentine,rule-derived,,,
sharp cheese,,sweet,cooling,alcoholic|ethereal|mint|terpentine,rule-derived,,,
shea tree,,pungent,,,category-heuristic,,,
shell noodle,woody,sweet,,,category-heuristic,,,
shell pasta,,sweet,cooling,alcoholic|camphor|deep|ethereal|menthol,rule-derived,,,
shelled edamame,,pungent,,,category-heuristic,,,
shelled pea,green,astringent|sweet,,,category-heuristic,,,
shellfish,,,,cabbage|onion|sulfur|sulfurous,rule-derived,,,
sherbet,,pungent,,,category-heuristic,,,
sherry cooking wine,,sweet,,alcoholic|ethereal|mild,rule-derived,,,
sherry vinegar,,bitter|sweet,,alcoholic|ethereal|mild,rule-derived,,,
sherry wine,,sweet,,alcoholic|ethereal|mild,rule-derived,,,
sherry wine vinegar,,bitter|sweet,,alcoholic|ethereal|mild,rule-derived,,,
shichimi togarashi,,spicy,,,category-heuristic,,,
shiitake,earthy,umami,chewy,sulfurous|woodsy|meaty|aged|lenthionine,manual-top-500;tgsc;mcgee,soy sauce|ginger|garlic|sesame oil|beef|rice|scallion,umami-bridge|shared-volatile|shared-volatile|shared-volatile|umami-bridge|earthy-bridge|shared-volatile,"Lenthionine is shiitake's distinctive sulfurous compound (also gives matsutake mushroom its scent) — it's why shiitake has a more pronounced 'mushroom' character than button mushrooms. Dried shiitake has higher GMP than fresh — combined with soy sauce's free glutamate, this drives the dashi-style umami amplification central to Japanese cuisine.; CIDs: glutamate=33032"
shiitake mushroom,,sweet,,alcoholic|bland|ethereal,rule-derived,,,
shiitake mushroom cap,,sweet,,alcoholic|bland|ethereal,rule-derived,,,
shitake mushroom,,sweet,,apple peel|caramellic|cocoa|coffee|green,rule-derived,,,
shoe peg corn,,sweet,,alcoholic|ethereal,rule-derived,,,
short pasta,,sweet,cooling,alcoholic|camphor|deep|ethereal|menthol,rule-derived,,,
short-grain brown rice,,sweet,,alcoholic|berry|bready|ethereal|fermented,rule-derived,,,
short-grain rice,,sweet,,alcoholic|berry|bready|ethereal|fermented,rule-derived,,,
short-grain white rice,,sweet,,alcoholic|berry|bready|ethereal|fermented,rule-derived,,,
shortbread,,sweet,waxy|cooling,floral|waxy|cananga|citrus|ether,rule-derived,,,
shortbread cookie,,sweet,waxy|cooling,floral|waxy|cananga|citrus|ether,rule-derived,,,
shortbread crust,,sweet,waxy|cooling,floral|waxy|cananga|citrus|ether,rule-derived,,,
shortbread pie crust,,bitter|sweet,,alcoholic|ethereal,rule-derived,,,
shortcrust pastry,,sweet,,alcoholic|ethereal,rule-derived,,,
shortening,fatty,sweet,,,category-heuristic,,,
shoyu,,,,,hub-fallback,,,
shrimp,fatty,umami|sweet,tender,savory|umami|sweet|marine|briny,curated-2026;tgsc;chem-lit,garlic|extra-virgin olive oil|lemon juice|jumbo shrimp,glycine sweetness + bromophenol brine; the garlic-butter and chile partner,"dominant=glycine (sweetness), bromophenols"
shrimp boil,,sweet,,alcoholic|ethereal,rule-derived,,,
shrimp paste,,sweet,,alcoholic|ethereal,rule-derived,,,
shrimp sauce,,sweet,,alcoholic|ethereal,rule-derived,,,
shrimp shell,,sweet,,alcoholic|ethereal,rule-derived,,,
shrimp soup,,sweet,,alcoholic|ethereal,rule-derived,,,
shrimp stock,,sweet,,alcoholic|ethereal,rule-derived,,,
sichuan pepper,,sweet,waxy,alcoholic|alkane|ethereal|gasoline,rule-derived,,,
sichuan peppercorn,woody,spicy|pungent,,citrus|numbing|woody|pepper|floral,curated-2026;tgsc;chem-lit,chili oil|dark sesame oil|soya sauce|star anise,sanshool tingle (not capsaicin heat); the mala partner with chile,"dominant=hydroxy-alpha-sanshool (tingling), limonene; CIDs: hydroxy-alpha-sanshool=10084135, limonene=22311"
silken tofu,,bitter|sweet,,alcoholic|ethereal,rule-derived,,,
silver linden,,pungent,,,category-heuristic,,,
simple syrup,,bitter|sweet,,alcoholic|ethereal,rule-derived,,,
single cream,,sweet,,alcoholic|ethereal,rule-derived,,,
sirloin beef,,,oily|waxy|cooling,fatty|balsamic|cucumber|dry|earthy,rule-derived,,,
sirloin roast,,pungent,,,category-heuristic,,,
sirloin steak tip,,pungent,,,category-heuristic,,,
skimmed milk,fatty,sweet|sour,,,category-heuristic,,,
skirty steak,,pungent,,,category-heuristic,,,
slivered almond,,sweet,oily|waxy,alcoholic|ethereal|fat|orange|rose,rule-derived,,,
slivered blanched almond,,sweet,oily|waxy,alcoholic|ethereal|fat|orange|rose,rule-derived,,,
slivered red onion,,,cooling|waxy,sulfurous|vegetable|cabbage|cotton|egg,rule-derived,,,
smoked haddock,,sweet,,alcoholic|ethereal,rule-derived,,,
smoked paprika,woody,sweet|bitter,powdery,smoky|sweet|pepper|wood|warm,curated-2026;tgsc;chem-lit,paprika|chorizo sausage|garlic|onion,guaiacol smoke over sweet capsicum; the chorizo and bean partner,"dominant=guaiacol, capsanthin; CIDs: capsanthin=5281228, guaiacol=460"
smoky paprika,,pungent|bitter,,,category-heuristic,,,
smooth peanut butter,,sweet,cooling,alcoholic|camphor|deep|ethereal|menthol,rule-derived,,,
snap pea,green,astringent|sweet,,,category-heuristic,,,
snapper,,pungent,,,category-heuristic,,,
snow pea,green,astringent|sweet,,,category-heuristic,,,
snow pea pod,green,astringent|sweet,,,category-heuristic,,,
sockeye salmon,,bitter|sweet,,alcoholic|ethereal,rule-derived,,,
soda cracker crumb,,sweet,,alcoholic|ethereal,rule-derived,,,
soda water,,sweet,,alcoholic|ethereal,rule-derived,,,
sofrito,,pungent,,,category-heuristic,,,
sofrito sauce,,bitter|sweet,,alcoholic|ethereal,rule-derived,,,
soft breadcrumb,,sweet,waxy|cooling,floral|waxy|cananga|citrus|ether,rule-derived,,,
soft cheese,,sweet,cooling,alcoholic|ethereal|mint|terpentine,rule-derived,,,
somen noodle,woody,sweet,,,category-heuristic,,,
sorghum,,pungent,,,category-heuristic,,,
sorghum flour,,sweet,cooling|waxy|oily,brown|camphor|chocolate|coconut|deep,rule-derived,,,
sorghum syrup,,sweet,cooling|waxy|oily,brown|camphor|chocolate|coconut|deep,rule-derived,,,
sorrel,green,astringent|bitter,,,category-heuristic,,,
soup,,pungent,,,category-heuristic,,,
soup stock,,sweet,,alcoholic|ethereal,rule-derived,,,
sour apple,,sweet,,alcoholic|apple|banana|ethereal|fruit,rule-derived,,,
sour cream,fermented,sour,viscous,tangy|cultured|rich|buttery|creamy,manual-top-500;tgsc,potato|chives|onion|borscht|tacos|smoked salmon|paprika,cut-fat|shared-volatile|cut-fat|tradition|cut-fat|cut-fat|shared-volatile,"Same fermentation chemistry as yogurt but on a cream base — fattier, with higher diacetyl. The sour-cream-paprika pairing in Hungarian cuisine (chicken paprikash, goulash) is built on diacetyl bridging to paprika's hay/tobacco compounds plus cut-fat balancing paprika's drying character."
sour cream dairy,,bitter|sweet,,alcoholic|ethereal,rule-derived,,,
sour lowfat milk,,,,apricot|balsamic|butter|cocoa|coconut,rule-derived,,,
sour milk,,,,apricot|balsamic|butter|cocoa|coconut,rule-derived,,,
sour orange juice,,bitter|sweet,,,rule-derived,,,
sour sauce,,bitter|sweet,,alcoholic|ethereal,rule-derived,,,
sourdock,,pungent,,,category-heuristic,,,
sourdough,woody,sweet,,,category-heuristic,,,
soured cream,,sweet,,alcoholic|ethereal,rule-derived,,,
soursop,,pungent,,,category-heuristic,,,
soy,,pungent,,,category-heuristic,,,
soy cheese,,sweet,cooling,alcoholic|ethereal|mint|terpentine,rule-derived,,,
soy cream,fatty,sweet|sour,,,category-heuristic,,,
soy crumble,,pungent,,,category-heuristic,,,
soy flour,,sweet,,,rule-derived,,,
soy margarine,,sweet,,alcoholic|ethereal,rule-derived,,,
soy oil,fatty,sweet,,,category-heuristic,,,
soy sauce,woody,umami,,savory|umami|fermented|salty|roasted,curated-2026;tgsc;chem-lit,mirin|dark sesame oil|rice vinegar|ginger paste,glutamate + HEMF furanone; the East-Asian umami spine (was never a node),"dominant=glutamate, HEMF furanone; CIDs: glutamate=33032"
soy yogurt,,bitter|sweet,,alcoholic|ethereal,rule-derived,,,
soya milk,,,,apricot|balsamic|butter|cocoa|coconut,rule-derived,,,
soya sauce,,bitter|sweet,,alcoholic|ethereal,rule-derived,,,
soybean,,sweet,waxy,alcoholic|alkane|ethereal,rule-derived,,,
soybean oil,,,,,rule-derived,,,
soymilk,,bitter|sweet,,alcoholic|ethereal,rule-derived,,,
spaghetti sauce,,bitter|sweet,,alcoholic|ethereal,rule-derived,,,
spaghetti sauce mix,,bitter|sweet,,alcoholic|ethereal,rule-derived,,,
spanish chorizo,,spicy,,,category-heuristic,,,
spanish olive,,sweet,,alcoholic|ethereal|fruit|grape|pineapple,rule-derived,,,
spanish olive oil,woody,bitter,powdery|waxy,delicate|floral|powdery|waxy,rule-derived,,,
spanish onion,,sweet,cooling|creamy|oily,bean|cananga|caramel|fatty|floral,rule-derived,,,
spanish paprika,,pungent|bitter,,,category-heuristic,,,
spanish peanut,,sweet,cooling,alcoholic|camphor|deep|ethereal|menthol,rule-derived,,,
spanish rice,,sweet,,alcoholic|berry|bready|ethereal|fermented,rule-derived,,,
spanish smoked paprika,,pungent|bitter,,,category-heuristic,,,
sparkleberry,fruity,sweet|sour,,,category-heuristic,,,
sparkling apple cider,,bitter,,balsam|balsamic,rule-derived,,,
sparkling mineral water,,sweet,,alcoholic|ethereal,rule-derived,,,
sparkling white wine,,sweet,oily|pungent,ether|ethereal|wine|alcoholic|apricot,rule-derived,,,
sparkling wine,,,cooling|oily,banana|herbal|apple|apple peel|apricot,rule-derived,,,
spear,,sweet,,alcoholic|ethereal|grass|leafy|sweaty,rule-derived,,,
spearmint leave,,sweet,oily,alcoholic|berry|bready|cheesy|ether,rule-derived,,,
spelt,,pungent,,,category-heuristic,,,
spelt flour,,sweet,cooling|waxy|oily,brown|camphor|chocolate|coconut|deep,rule-derived,,,
spice,,bitter|sweet,waxy,alcoholic|alkane|ethereal|gasoline,rule-derived,,,
spice cake,,bitter|sweet,,alcoholic|ethereal,rule-derived,,,
spicy mustard,,sweet,,alcoholic|ethereal,rule-derived,,,
spicy sauce,,bitter|sweet,,alcoholic|ethereal,rule-derived,,,
spinach,green,umami,,green|spinach|mineral|grassy|earthy,curated-2026;tgsc;chem-lit,extra-virgin olive oil|parmesan|garlic|nutmeg,"mineral green + glutamate; the cream, nutmeg and cheese partner","dominant=(Z)-3-hexenal, glutamate; CIDs: (z)-3-hexenal=643941, glutamate=33032"
spinach leave,,sweet,,alcoholic|ammonia|ethereal|fishy,rule-derived,,,
spiral noodle,woody,sweet,,,category-heuristic,,,
spiral pasta,,sweet,cooling,alcoholic|camphor|deep|ethereal|menthol,rule-derived,,,
spirit,,pungent,,,category-heuristic,,,
spirulina,,pungent,,,category-heuristic,,,
splenda brown sugar blend,,sweet,,alcoholic|ethereal,rule-derived,,,
splenda sugar,,sweet,,alcoholic|ethereal,rule-derived,,,
splenda sugar substitute,,bitter|sweet,,alcoholic|ethereal,rule-derived,,,
split pea,green,astringent|sweet,,,category-heuristic,,,
sponge cake,,bitter|sweet,,alcoholic|ethereal,rule-derived,,,
spray oil,fatty,sweet,,,category-heuristic,,,
spring lettuce mix,,sweet,,alcoholic|ethereal,rule-derived,,,
spring water,,sweet,,alcoholic|ethereal,rule-derived,,,
squash,,bitter|sweet,cooling,alcoholic|camphor|deep|ethereal|menthol,rule-derived,,,
squashberry,fruity,sweet|sour,,,category-heuristic,,,
squeezed lemon juice,,sweet,cooling,alcoholic|citrus|ethereal|fresh|grapefruit peel,rule-derived,,,
squeezed lime juice,,sweet,oily|waxy,rose|alcoholic|alkane|citrus|dusty,rule-derived,,,
squeezed orange juice,,sweet,pungent,pungent|vinegar|cream|ether|flower,rule-derived,,,
squid,,bitter|sweet,,alcoholic|ethereal,rule-derived,,,
sriracha,,,,,hub-fallback,,,
sriracha chili sauce,,bitter|sweet,,alcoholic|ethereal,rule-derived,,,
sriracha sauce,,bitter|sweet,,alcoholic|ethereal,rule-derived,,,
stale bread,,sweet,waxy|cooling,floral|waxy|cananga|citrus|ether,rule-derived,,,
stale breadcrumb,,sweet,waxy|cooling,floral|waxy|cananga|citrus|ether,rule-derived,,,
star anise,woody,sweet|spicy,,anise|licorice|sweet|woody|warm,curated-2026;tgsc;chem-lit,cinnamon|clove|fennel seed|soya sauce,trans-anethole; the five-spice and braise partner,"dominant=trans-anethole, foeniculin; CIDs: anethole=637563"
starchy potatoe,,sweet,,alcoholic|ethereal,rule-derived,,,
starfruit,,pungent,,,category-heuristic,,,
steak sauce,,bitter|sweet,,alcoholic|ethereal,rule-derived,,,
steamed broccoli,,bitter|sweet,,alcoholic|apple|banana|ethereal|fruit,rule-derived,,,
steamed rice,,sweet,,alcoholic|berry|bready|ethereal|fermented,rule-derived,,,
steamed white rice,,sweet,,alcoholic|berry|bready|ethereal|fermented,rule-derived,,,
stevia powder,,sweet,,,category-heuristic,,,
stew,,pungent,,,category-heuristic,,,
stew beef,,bitter|sweet,,alcoholic|ethereal,rule-derived,,,
stewing beef,,bitter|sweet,,alcoholic|ethereal,rule-derived,,,
stewing chicken,,umami|sweet,,,rule-derived,,,
sticky rice,,sweet,,alcoholic|berry|bready|ethereal|fermented,rule-derived,,,
stilton cheese,,sweet,cooling,alcoholic|ethereal|mint|terpentine,rule-derived,,,
stir-fry sauce,,bitter|sweet,,alcoholic|ethereal,rule-derived,,,
stock,,sour,,,category-heuristic,,,
stock powder,,sour,,,category-heuristic,,,
stone- cornmeal,,sweet,,alcoholic|ethereal,rule-derived,,,
stone- mustard,,sweet,,alcoholic|ethereal,rule-derived,,,
stone- yellow cornmeal,,sweet,,alcoholic|ethereal,rule-derived,,,
stout beer,,sweet,creamy,alcoholic|creamy|ethereal|fruit|fruity,rule-derived,,,
stove top dressing,,sour|sweet|pungent,,,category-heuristic,,,
straw mushroom,,sweet,,apple peel|caramellic|cocoa|coffee|green,rule-derived,,,
strawberry,fruity,sweet|sour,juicy,fruity|strawberry|sweet|jammy|green,curated-2026;tgsc;chem-lit,cane sugar|whipped cream|white balsamic vinegar|condensed milk,furaneol candy-jam note; balsamic and cream are classic foils,"dominant=furaneol, methyl anthranilate, ethyl butanoate; CIDs: furaneol=19309, methyl anthranilate=8635"
strawberry cake,,sweet,cooling,alcoholic|camphor|deep|ethereal|menthol,rule-derived,,,
strawberry cream cheese,,sweet,cooling,alcoholic|camphor|deep|ethereal|menthol,rule-derived,,,
strawberry flavored,,sweet,cooling,alcoholic|camphor|deep|ethereal|menthol,rule-derived,,,
strawberry flavored gelatin,,sweet,cooling,alcoholic|camphor|deep|ethereal|menthol,rule-derived,,,
strawberry gelatin,,sweet,cooling,alcoholic|camphor|deep|ethereal|menthol,rule-derived,,,
strawberry glaze,,sweet,cooling,alcoholic|camphor|deep|ethereal|menthol,rule-derived,,,
strawberry halve,,sweet,cooling,alcoholic|camphor|deep|ethereal|menthol,rule-derived,,,
strawberry ice cream,,sweet,cooling,alcoholic|camphor|deep|ethereal|menthol,rule-derived,,,
strawberry ice cream topping,,sweet,cooling,alcoholic|camphor|deep|ethereal|menthol,rule-derived,,,
strawberry jam,,,cooling|oily|waxy,herbal|apple|apple peel|balsam|cherry,rule-derived,,,
strawberry jello,,sweet,cooling,alcoholic|camphor|deep|ethereal|menthol,rule-derived,,,
strawberry jelly,,sweet,cooling,alcoholic|camphor|deep|ethereal|menthol,rule-derived,,,
strawberry juice,,sweet,cooling,alcoholic|camphor|deep|ethereal|menthol,rule-derived,,,
strawberry liqueur,,sweet,cooling,alcoholic|camphor|deep|ethereal|menthol,rule-derived,,,
strawberry pie filling,,sweet,cooling,alcoholic|camphor|deep|ethereal|menthol,rule-derived,,,
strawberry preserve,,sweet,cooling,alcoholic|camphor|deep|ethereal|menthol,rule-derived,,,
strawberry puree,,sweet,cooling,alcoholic|camphor|deep|ethereal|menthol,rule-derived,,,
strawberry sauce,,sweet,cooling,alcoholic|camphor|deep|ethereal|menthol,rule-derived,,,
strawberry soda,,sweet,cooling,alcoholic|camphor|deep|ethereal|menthol,rule-derived,,,
strawberry sorbet,,sweet,cooling,alcoholic|camphor|deep|ethereal|menthol,rule-derived,,,
strawberry syrup,,sweet,cooling,alcoholic|camphor|deep|ethereal|menthol,rule-derived,,,
strawberry yogurt,,sweet,cooling,alcoholic|camphor|deep|ethereal|menthol,rule-derived,,,
streaky bacon,,pungent,,,category-heuristic,,,
string bean,,bitter|sweet,cooling|waxy|oily,alcoholic|camphor|coconut|deep|ethereal,rule-derived,,,
string cheese,,sweet,cooling,alcoholic|ethereal|mint|terpentine,rule-derived,,,
striped bass,,pungent,,,category-heuristic,,,
strong white bread flour,,bitter|sweet,,alcoholic|ethereal,rule-derived,,,
stuffed olive,,sweet,,alcoholic|ethereal|fruit|grape|pineapple,rule-derived,,,
stuffing crumb,,bitter|sweet,,alcoholic|ethereal,rule-derived,,,
sugar,caramel,sweet,crystalline,clean|pure|mild|granular|neutral,manual-top-500,butter|cream|chocolate|berries|coffee|vanilla|cinnamon,maillard-bridge|cut-fat|shared-volatile|sweet-acid|sweet-acid|shared-volatile|shared-volatile,"Pure sucrose has minimal volatile chemistry — the tier1=caramel reflects what it becomes when heated, not what it is at room temperature. Above ~160°C sucrose generates furaneol, maltol, and HMF (the caramelization pathway), which bridges to vanilla (shared maltol), coffee (shared furaneol), and roasted nuts. Sugar's main culinary role is acid-buffering and Maillard-amplifying rather than aromatic contribution.; CIDs: furaneol=19309, maltol=8369"
sugar brown,,sweet,,alcoholic|ethereal,rule-derived,,,
sugar cookie,,sweet,,alcoholic|ethereal,rule-derived,,,
sugar cookie mix,,sweet,,alcoholic|ethereal,rule-derived,,,
sugar crystal,,sweet,,alcoholic|ethereal,rule-derived,,,
sugar pumpkin,,sweet,cooling,cananga|cocoa|coffee|floral|green,rule-derived,,,
sugar replacement,,sweet,,alcoholic|ethereal,rule-derived,,,
sugar snap pea,,sweet,,alcoholic|ethereal,rule-derived,,,
sugar substitute,,bitter|sweet,,alcoholic|ethereal,rule-derived,,,
sugar white,,sweet,,alcoholic|ethereal,rule-derived,,,
sugar-free,,sweet,,alcoholic|ethereal,rule-derived,,,
sukiyaki,,pungent,,,category-heuristic,,,
sultana raisin,,,creamy|oily|waxy,berry|brandy|bread|bready|buttery,rule-derived,,,
sumac,fruity,sour|astringent,powdery,tart|lemon|fruity|astringent|red,curated-2026;tgsc;chem-lit,lemon juice|extra-virgin olive oil|sesame|onion,malic-acid tartness; the za'atar and Levantine partner,"dominant=malic acid, tannins"
summer sausage,,sweet,,alcoholic|ethereal,rule-derived,,,
summer savory,,pungent,,,category-heuristic,,,
sundried tomatoe,,sweet,,apple peel|apricot|banana|cocoa|coffee,rule-derived,,,
sunflower nut,,sweet,,alcoholic|ethereal,rule-derived,,,
sunflower oil,,sweet,,alcoholic|ethereal,rule-derived,,,
sunflower seed,,sweet,,alcoholic|ethereal,rule-derived,,,
sunflower seed oil,,sweet,,alcoholic|ethereal,rule-derived,,,
sushi rice,,sweet,,alcoholic|berry|bready|ethereal|fermented,rule-derived,,,
swede,,bitter|sweet,pungent,ethereal|alcoholic|ether|pungent|whiskey,rule-derived,,,
sweet apple,,sweet,,alcoholic|apple|banana|ethereal|fruit,rule-derived,,,
sweet apple cider,,bitter,,balsam|balsamic,rule-derived,,,
sweet baking chocolate,,sweet,,alcoholic|ethereal,rule-derived,,,
sweet bell pepper,,sweet,waxy,alcoholic|alkane|ethereal|gasoline,rule-derived,,,
sweet biscuit crumb,,sweet,cooling,alcoholic|camphor|deep|ethereal|menthol,rule-derived,,,
sweet butter,,sweet,,alcoholic|ethereal,rule-derived,,,
sweet chili sauce,,bitter|sweet,,alcoholic|ethereal,rule-derived,,,
sweet chilli sauce,,bitter|sweet,,alcoholic|ethereal,rule-derived,,,
sweet chocolate,,sweet,,alcoholic|ethereal,rule-derived,,,
sweet chocolate chip,,sweet,,alcoholic|ethereal,rule-derived,,,
sweet condensed milk,,bitter|sweet,,alcoholic|ethereal,rule-derived,,,
sweet cooking chocolate,,sweet,,alcoholic|ethereal,rule-derived,,,
sweet corn,,sweet,,alcoholic|ethereal,rule-derived,,,
sweet corn kernel,,sweet,,alcoholic|ethereal,rule-derived,,,
sweet cream,,sweet,,alcoholic|ethereal,rule-derived,,,
sweet cream butter,,sweet,,alcoholic|ethereal,rule-derived,,,
sweet custard,fatty,sweet|sour,,,category-heuristic,,,
sweet grass,,pungent,,,category-heuristic,,,
sweet green pea,green,astringent|sweet,,,category-heuristic,,,
sweet green pepper,,sweet,waxy,alcoholic|alkane|ethereal|gasoline,rule-derived,,,
sweet hungarian paprika,,pungent|bitter,,,category-heuristic,,,
sweet italian sausage,,sweet,,alcoholic|ethereal,rule-derived,,,
sweet italian turkey sausage,,sweet,,alcoholic|ethereal,rule-derived,,,
sweet kernel corn,,sweet,,alcoholic|ethereal,rule-derived,,,
sweet lowfat milk,,,,apricot|balsamic|butter|cocoa|coconut,rule-derived,,,
sweet marsala wine,,,cooling|oily,banana|herbal|apple|apple peel|apricot,rule-derived,,,
sweet milk,,,,apricot|balsamic|butter|cocoa|coconut,rule-derived,,,
sweet mustard,,sweet,,alcoholic|ethereal,rule-derived,,,
sweet orange,,sweet,,alcoholic|ethereal,rule-derived,,,
sweet orange pepper,,sweet,,alcoholic|ethereal,rule-derived,,,
sweet pea,green,astringent|sweet,,,category-heuristic,,,
sweet pepper,green,sweet,crisp,fruity|ripe|hexenal|grassy|fresh,manual-top-500;tgsc,garlic|olive oil|tomato|basil|chicken|onion|cheese,shared-volatile|cut-fat|shared-volatile|shared-volatile|maillard-bridge|shared-volatile|umami-bridge,The generic 'sweet pepper' stands in for any ripe bell pepper. The classic Mediterranean profile is built on hexenal sharing across pepper/basil/tomato — they all carry the same C6 fresh-green volatile.
sweet pickle juice,,sour,,,category-heuristic,,,
sweet potato,woody,sweet,,sweet|earthy|caramel|nutty|maple,curated-2026;tgsc;chem-lit,cinnamon|nutmeg|golden brown sugar|pumpkin pie spice,maltol sweetness; the warm-spice and brown-sugar partner,"dominant=maltol, beta-ionone, methional; CIDs: maltol=8369, methional=18635"
sweet red bell pepper,,sweet,,alcoholic|bland|ethereal,rule-derived,,,
sweet red onion,,,cooling|waxy,sulfurous|vegetable|cabbage|cotton|egg,rule-derived,,,
sweet red pepper,green,sweet,crisp,fruity|ripe|hexenal|grassy|fresh,manual-top-500;tgsc,feta|olive oil|garlic|basil|capers|anchovies|tomato,cut-fat|cut-fat|shared-volatile|shared-volatile|sweet-acid|umami-bridge|shared-volatile,"Same as red pepper. The Greek/Mediterranean variant of this pairing relies heavily on cut-fat (oil + cheese) against the sweet pepper, plus umami bridge from anchovies/capers."
sweet red wine,,sweet,waxy|oily,coconut|oil|waxy|alcoholic|balsamic,rule-derived,,,
sweet rice,,sweet,,alcoholic|berry|bready|ethereal|fermented,rule-derived,,,
sweet rice flour,,sweet,,,rule-derived,,,
sweet sausage,,sweet,,alcoholic|ethereal,rule-derived,,,
sweet smoked paprika,,pungent|bitter,,,category-heuristic,,,
sweet soy sauce,,sweet,,alcoholic|ethereal,rule-derived,,,
sweet unsalted butter,,bitter,,,rule-derived,,,
sweet vermouth,,sweet,,alcoholic|ethereal|mild,rule-derived,,,
sweet vidalia onion,,sweet,cooling|creamy|oily,bean|cananga|caramel|fatty|floral,rule-derived,,,
sweet white onion,,sweet,cooling|creamy|oily,bean|cananga|caramel|fatty|floral,rule-derived,,,
sweet white wine,,sweet,oily|pungent,ether|ethereal|wine|alcoholic|apricot,rule-derived,,,
sweet wine,,,cooling|oily,banana|herbal|apple|apple peel|apricot,rule-derived,,,
sweet yellow bell pepper,,sweet,waxy,alcoholic|alkane|apple|bland|ethereal,rule-derived,,,
sweet yellow onion,,sweet,cooling|creamy|oily,bean|cananga|caramel|fatty|floral,rule-derived,,,
sweet yellow pepper,,sweet,waxy,alcoholic|alkane|ethereal|gasoline,rule-derived,,,
sweetened applesauce,,sweet,,,rule-derived,,,
swiss cheese,,sweet,cooling,alcoholic|ethereal|mint|terpentine,rule-derived,,,
swiss chocolate cake mix,,sweet,,alcoholic|ethereal,rule-derived,,,
swordfish,,bitter|sweet,,alcoholic|ethereal,rule-derived,,,
swordfish fillet,,bitter|sweet,,alcoholic|ethereal,rule-derived,,,
swordfish steak,,bitter|sweet,,alcoholic|ethereal,rule-derived,,,
syrup,,bitter|sweet,,alcoholic|ethereal,rule-derived,,,
szechuan peppercorn,,sweet,waxy,alcoholic|alkane|ethereal|gasoline,rule-derived,,,
t butter,,sweet,,alcoholic|ethereal,rule-derived,,,
t oil,woody,sweet,cooling|creamy|powdery,herbal|bean|camphor|herb|milky,rule-derived,,,
t sugar,,sweet,,alcoholic|ethereal,rule-derived,,,
tabasco pepper sauce,,sweet,waxy,alcoholic|alkane|ethereal|gasoline,rule-derived,,,
tabasco sauce,,bitter|sweet,,alcoholic|ethereal,rule-derived,,,
taco cheese,,sweet,cooling,alcoholic|ethereal|mint|terpentine,rule-derived,,,
taco sauce,,bitter|sweet,,alcoholic|ethereal,rule-derived,,,
tahini,,,,,hub-fallback,,,
tahini sauce,,bitter|sweet,,alcoholic|ethereal,rule-derived,,,
taleggio cheese,,sweet,cooling,alcoholic|ethereal|mint|terpentine,rule-derived,,,
tamari,,,,,hub-fallback,,,
tamari sauce,,bitter|sweet,,alcoholic|ethereal,rule-derived,,,
tamarind,fruity,sour|sweet,,tart|fruity|date|sour|caramel,curated-2026;tgsc;chem-lit,tamarind paste|palm sugar|fish sauce|red chilie,"tartaric-acid sour-fruit; the pad-thai, chutney and Worcestershire partner","dominant=tartaric acid, pyrazines"
tamarind concentrate,,bitter|sweet,,alcoholic|ethereal|fruity|fungal|tobacco,rule-derived,,,
tamarind juice,,bitter|sweet,,alcoholic|ethereal|fruity|fungal|tobacco,rule-derived,,,
tamarind paste,,bitter|sweet,,alcoholic|ethereal|fruity|fungal|tobacco,rule-derived,,,
tamarind pulp,,bitter|sweet,,alcoholic|ethereal|fruity|fungal|tobacco,rule-derived,,,
tandoori masala,,,,,hub-fallback,,,
tandoori paste,,,,,hub-fallback,,,
tangerine,fruity,sour|sweet,,,category-heuristic,,,
tangerine juice,,sweet,cooling|waxy,citrus|lemon|apple|banana|camphor,rule-derived,,,
tap water,,sweet,,alcoholic|ethereal,rule-derived,,,
tapioca flour,,sweet,,,rule-derived,,,
taro,green,astringent|sweet,,,category-heuristic,,,
taro root,,bitter|sweet,cooling,alcoholic|camphor|deep|ethereal|menthol,rule-derived,,,
tarragon,,bitter|sweet,cooling,alcoholic|camphor|coconut|ethereal|herbal,rule-derived,,,
tarragon leaf,,bitter|sweet,cooling,alcoholic|camphor|coconut|ethereal|herbal,rule-derived,,,
tarragon leave,,bitter|sweet,cooling,alcoholic|camphor|coconut|ethereal|herbal,rule-derived,,,
tarragon vinegar,,bitter|sweet,cooling,alcoholic|camphor|coconut|ethereal|herbal,rule-derived,,,
tart apple,,sweet,,alcoholic|apple|banana|ethereal|fruit,rule-derived,,,
tartar sauce,,bitter|sweet,,alcoholic|ethereal,rule-derived,,,
tasty cheese,,sweet,cooling,alcoholic|ethereal|mint|terpentine,rule-derived,,,
tbl butter,,sweet,,alcoholic|ethereal,rule-derived,,,
tbl olive oil,woody,bitter,powdery|waxy,delicate|floral|powdery|waxy,rule-derived,,,
tea,,sour,,,category-heuristic,,,
tea leaf willow,,sour,,,category-heuristic,,,
teff,,pungent,,,category-heuristic,,,
tempura crumb,,pungent,,,category-heuristic,,,
tennessee whiskey,,bitter|pungent,,,category-heuristic,,,
tepid water,,sweet,,alcoholic|ethereal,rule-derived,,,
tequila,,,,,category-heuristic,,,
teriyaki,,,,,hub-fallback,,,
teriyaki sauce,,bitter|sweet,,alcoholic|ethereal,rule-derived,,,
thai basil,woody,sweet,cooling|creamy|powdery,bean|camphor|cananga|floral|green,rule-derived,,,
thai basil leave,woody,sweet,cooling|creamy|powdery,bean|camphor|cananga|floral|green,rule-derived,,,
thai chile,,spicy|pungent,,,category-heuristic,,,
thai chili paste,,bitter|sweet,,alcoholic|ethereal,rule-derived,,,
thai chilli jam,,spicy|pungent,,,category-heuristic,,,
thai green curry paste,,,,,hub-fallback,,,
thai red curry paste,,,,,hub-fallback,,,
thawed whipped topping,,bitter|sweet,,alcoholic|ethereal,rule-derived,,,
thick applesauce,,sweet,,,rule-derived,,,
thick yogurt,,sweet,,alcoholic|ethereal,rule-derived,,,
thin bacon,,pungent,,,category-heuristic,,,
thin carrot,,sweet,,alcoholic|bland|ethereal,rule-derived,,,
thin cream,,sweet,,alcoholic|ethereal,rule-derived,,,
thin egg noodle,woody,sweet,,,category-heuristic,,,
thin ginger,,sweet,waxy,alcoholic|alkane|ethereal|gasoline,rule-derived,,,
thin green bean,,sweet,,alcoholic|bland|ethereal,rule-derived,,,
thin lemon,,sweet,cooling,alcoholic|citrus|ethereal|fresh|grapefruit peel,rule-derived,,,
thin noodle,woody,sweet,,,category-heuristic,,,
thin onion,,sweet,cooling|creamy|oily,bean|cananga|caramel|fatty|floral,rule-derived,,,
thin red onion,,,cooling|waxy,sulfurous|vegetable|cabbage|cotton|egg,rule-derived,,,
thin rice noodle,,sweet,,alcoholic|berry|bready|ethereal|fermented,rule-derived,,,
thin swiss cheese,,sweet,cooling,alcoholic|ethereal|mint|terpentine,rule-derived,,,
thin tomato,,sweet,,apple peel|apricot|banana|cocoa|coffee,rule-derived,,,
thin wheat snack cracker,,sweet,,alcoholic|ethereal,rule-derived,,,
thin white bread,,bitter|sweet,,alcoholic|ethereal,rule-derived,,,
thistle,,pungent,,,category-heuristic,,,
three cheese,,sweet,cooling,alcoholic|ethereal|mint|terpentine,rule-derived,,,
thyme,woody,spicy|bitter,,herbal|woody|thyme|warm|medicinal,curated-2026;tgsc;chem-lit,chicken stock|extra-virgin olive oil|bay leaf|marjoram|butternut squash,thymol phenol shared with oregano; terpinen-4-ol bridges to marjoram and rosemary,"dominant=thymol, p-cymene, linalool, carvacrol; CIDs: carvacrol=10364, linalool=6549, thymol=6989"
tiger prawn,,,,garlic|green|sulfur|sulfurous,rule-derived,,,
tinda,,pungent,,,category-heuristic,,,
tinned tomato,,sweet,,apple peel|apricot|banana|cocoa|coffee,rule-derived,,,
tiny new potatoe,,sweet,,alcoholic|ethereal,rule-derived,,,
tiny pea,green,astringent|sweet,,,category-heuristic,,,
tiny shrimp,,sweet,,alcoholic|ethereal,rule-derived,,,
tobacco,,pungent,,,category-heuristic,,,
tobasco sauce,,bitter|sweet,,alcoholic|ethereal,rule-derived,,,
toffee,,sweet,,,category-heuristic,,,
tofu,earthy,sweet,tender,mild|beany|neutral|protein-rich|silky,manual-top-500;tgsc,soy sauce|ginger|scallion|sesame oil|chili|garlic|rice,umami-bridge|shared-volatile|shared-volatile|shared-volatile|sweet-acid|shared-volatile|texture-contrast,"Tofu is essentially neutral protein scaffolding — its mild bean-derived hexanal aroma doesn't compete with seasonings. Like rice, tofu acts as a flavor sponge in the GAT, picking up whatever it's cooked with. The Asian standard sauce profile (soy + ginger + sesame oil + scallion + chili) provides the actual flavor; tofu provides texture + protein."
tomato,fruity,umami|sweet|sour,,green|fruity|umami|fresh|tomato,curated-2026;tgsc;chem-lit,extra-virgin olive oil|marinara sauce|tomato juice|pizza sauce,glutamate umami + green hexenal + sugars; balances Maillard and acid (a phantom node everyone already pairs with),"dominant=glutamate (umami), (Z)-3-hexenal, beta-ionone; CIDs: (z)-3-hexenal=643941, glutamate=33032"
tomato basil,,sweet,,apple peel|apricot|banana|cocoa|coffee,rule-derived,,,
tomato catsup,,sweet,,apple peel|apricot|banana|cocoa|coffee,rule-derived,,,
tomato chutney,,sweet,,apple peel|apricot|banana|cocoa|coffee,rule-derived,,,
tomato halve,,sweet,,apple peel|apricot|banana|cocoa|coffee,rule-derived,,,
tomato juice,,sweet,,apple peel|apricot|banana|cocoa|coffee,rule-derived,,,
tomato ketchup,,sweet,,alcoholic|ethereal,rule-derived,,,
tomato passata,,sweet,,apple peel|apricot|banana|cocoa|coffee,rule-derived,,,
tomato pasta sauce,,sweet,,apple peel|apricot|banana|cocoa|coffee,rule-derived,,,
tomato paste,caramel,sweet|umami,viscous,cooked|concentrated|brothy|sweet-tomato|caramellic,manual-top-500;tgsc,garlic|onion|olive oil|basil|oregano|beef|pasta,shared-volatile|shared-volatile|cut-fat|shared-volatile|shared-volatile|umami-bridge|umami-bridge,"Long cooking concentrates tomato's volatiles + drives extensive Maillard browning + caramelization — tomato paste has substantially more dimethyl sulfide + furaneol + brown notes than fresh tomato. The 'umami booster' function in stews and sauces comes from concentrated glutamate combined with these brown compounds amplifying meaty character.; CIDs: furaneol=19309, glutamate=33032"
tomato pesto,,sweet,,apple peel|apricot|banana|cocoa|coffee,rule-derived,,,
tomato purée,,sweet,,apple peel|apricot|banana|cocoa|coffee,rule-derived,,,
tomato salsa,,sweet,,apple peel|apricot|banana|cocoa|coffee,rule-derived,,,
tomato sauce,fruity,sweet|sour|umami,viscous,cooked-tomato|herbal|tangy|brothy|savory,manual-top-500,pasta|basil|oregano|parmesan|mozzarella|garlic|beef,tradition|shared-volatile|shared-volatile|umami-bridge|umami-bridge|shared-volatile|umami-bridge,"Standard tomato sauce (marinara) is moderately cooked tomato + olive oil + garlic + herbs — retains fresh tomato character with light Maillard development. The Italian pasta + marinara + parmesan + basil pattern is umami-bridging through tomato glutamate amplifying cheese glutamate, with basil's hexenal bridging to tomato's.; CIDs: glutamate=33032"
tomato soup,,sweet,,apple peel|apricot|banana|cocoa|coffee,rule-derived,,,
tomato vinaigrette,,sweet,,apple peel|apricot|banana|cocoa|coffee,rule-derived,,,
tomato wedge,,sweet,,apple peel|apricot|banana|cocoa|coffee,rule-derived,,,
tomato-vegetable juice cocktail,,bitter|sweet,,alcoholic|ethereal|mild,rule-derived,,,
tomatoe,,sweet,,apple peel|apricot|banana|cocoa|coffee,rule-derived,,,
tomatoe sauce,,sweet,,apple peel|apricot|banana|cocoa|coffee,rule-derived,,,
tonic water,,sweet,,alcoholic|ethereal,rule-derived,,,
tonkatsu sauce,,bitter|sweet,,alcoholic|ethereal,rule-derived,,,
torn basil,woody,sweet,cooling|creamy|powdery,bean|camphor|cananga|floral|green,rule-derived,,,
torn iceberg lettuce,,,,,rule-derived,,,
torn leaf lettuce,,sweet,,alcoholic|ethereal,rule-derived,,,
torn lettuce,,sweet,,alcoholic|ethereal,rule-derived,,,
torn red leaf lettuce,,sweet,,alcoholic|ethereal,rule-derived,,,
torn romaine lettuce,,sweet,,alcoholic|bland|ethereal,rule-derived,,,
torn romaine lettuce leave,,sweet,,alcoholic|bland|ethereal,rule-derived,,,
torn spinach,,sweet,,alcoholic|ammonia|ethereal|fishy,rule-derived,,,
torn spinach leave,,sweet,,alcoholic|ammonia|ethereal|fishy,rule-derived,,,
tortilla,earthy,sweet,tender,corn-typical|mild|toasted|grain|warm,manual-top-500,chili|cilantro|lime|avocado|cheese|salt|butter,tradition|tradition|sweet-acid|cut-fat|umami-bridge|sweet-acid|cut-fat,"Tortillas are nixtamalized corn (alkaline-treated, releasing niacin and creating the distinctive smell from 2-aminoacetophenone) or unleavened wheat flour. The Mexican tortilla + chili + cilantro + lime + avocado pattern is built on multi-axis cut-fat + cleanse-palate principles around the neutral tortilla base."
tortilla chip,woody,sweet,,,category-heuristic,,,
towel gourd,,pungent,,,category-heuristic,,,
trassi,,pungent,,,category-heuristic,,,
tree fern,,pungent,,,category-heuristic,,,
triple sec,,sweet,,,category-heuristic,,,
triticale,,pungent,,,category-heuristic,,,
trout,,pungent,,,category-heuristic,,,
truffle,,pungent,,,category-heuristic,,,
truffle oil,,sweet,,alcohol|alcoholic|citrus|garlic|green,rule-derived,,,
tuna,marine,umami,tender,metallic|meaty|brothy|rich|briny,manual-top-500;tgsc,soy sauce|sesame oil|ginger|avocado|wasabi|rice|scallion,umami-bridge|shared-volatile|cleanse-palate|cut-fat|cleanse-palate|texture-contrast|shared-volatile,"Tuna's myoglobin-driven iron-metallic character is the meatiest in the fish section — this is why tuna handles steak preparations (seared rare, tartare) that other fish can't. The shoyu-sesame-ginger Japanese trinity bridges to tuna through glutamate amplification (soy sauce) and shared terpenes (ginger, sesame), with wasabi's allyl isothiocyanate providing cleanse-palate against the rich fish oil.; CIDs: allyl isothiocyanate=5971, glutamate=33032"
tuna fish,,,oily|waxy,herbal|bread|citrus|coconut|earthy,rule-derived,,,
turbinado sugar,,sweet,,alcoholic|ethereal,rule-derived,,,
turkey,meaty,umami,tender,lean|brothy|mild|roasted|fowl,manual-top-500;tgsc,sage|thyme|butter|salt|garlic|rosemary|bacon,cut-fat|cut-fat|cut-fat|sweet-acid|maillard-bridge|cut-fat|cut-fat,"Turkey has even less intramuscular fat than chicken, which is why traditional Thanksgiving preparations rely heavily on butter, gravy, and rich accompaniments — they compensate for the lean meat's tendency to dry out. The turkey-sage tradition is cut-fat with shared phenolic compounds in the turkey crust."
turkey bacon,,bitter|sweet,,alcoholic|ethereal,rule-derived,,,
turkey breast,,bitter|sweet,,alcoholic|ethereal,rule-derived,,,
turkey breast cutlet,,bitter|sweet,,alcoholic|ethereal,rule-derived,,,
turkey breast halve,,bitter|sweet,,alcoholic|ethereal,rule-derived,,,
turkey breast tenderloin,,bitter|sweet,,alcoholic|ethereal,rule-derived,,,
turkey broth,,bitter|sweet,,alcoholic|ethereal,rule-derived,,,
turkey carcass,,bitter|sweet,,alcoholic|ethereal,rule-derived,,,
turkey cutlet,,bitter|sweet,,alcoholic|ethereal,rule-derived,,,
turkey dripping,,bitter|sweet,,alcoholic|balsam|ethereal|oriental,rule-derived,,,
turkey drumstick,,,waxy|oily,waxy|apple|balsamic|caramel|citrus,rule-derived,,,
turkey giblet,,bitter|sweet,,alcoholic|ethereal,rule-derived,,,
turkey gravy,,bitter|sweet,,alcoholic|ethereal,rule-derived,,,
turkey gravy mix,,bitter|sweet,,alcoholic|ethereal,rule-derived,,,
turkey ham,,bitter|sweet,,alcoholic|ethereal,rule-derived,,,
turkey italian sausage,,sweet,,alcoholic|ethereal,rule-derived,,,
turkey kielbasa,,bitter|sweet,,alcoholic|ethereal,rule-derived,,,
turkey leg,,bitter|sweet,,alcoholic|ethereal,rule-derived,,,
turkey meat,,bitter|sweet,,alcoholic|ethereal,rule-derived,,,
turkey meatball,,sweet,,alcoholic|ethereal|mild,rule-derived,,,
turkey neck,,bitter|sweet,,alcoholic|ethereal,rule-derived,,,
turkey pepperoni,,sweet,waxy,alcoholic|alkane|ethereal|gasoline,rule-derived,,,
turkey sausage,,sweet,,alcoholic|ethereal,rule-derived,,,
turkey stock,,bitter|sweet,,alcoholic|ethereal,rule-derived,,,
turkey tenderloin,,bitter|sweet,,alcoholic|ethereal,rule-derived,,,
turkey thigh,,bitter|sweet,,alcoholic|ethereal,rule-derived,,,
turmeric,woody,bitter|pungent,powdery,earthy|woody|bitter|ginger|musty,curated-2026;tgsc;chem-lit,cumin powder|coriander powder|ginger paste|garam masala,turmerone earthy-bitter + curcumin color; the masala base,"dominant=curcumin (color), turmerone, ar-turmerone; CIDs: curcumin=969516"
turnip,green,bitter,,earthy|peppery|mustard|root|mild,curated-2026;tgsc;chem-lit,chicken stock|beef stew meat|carrot|potato,glucosinolate peppery root; the braise and stew partner,dominant=glucosinolates
type cheese,,sweet,cooling,alcoholic|ethereal|mint|terpentine,rule-derived,,,
ucuhuba,,pungent,,,category-heuristic,,,
udon noodle,woody,sweet,,,category-heuristic,,,
udon noodles,woody,sweet,,,category-heuristic,,,
unbaked pie crust,,bitter|sweet,,alcoholic|ethereal,rule-derived,,,
unbeaten egg,,pungent,,,category-heuristic,,,
unblanched almond,,sweet,oily|waxy,alcoholic|ethereal|fat|orange|rose,rule-derived,,,
unbleached bread,,sweet,waxy|cooling,floral|waxy|cananga|citrus|ether,rule-derived,,,
unbleached flour,,sweet,,,rule-derived,,,
unbleached white flour,,sweet,,,rule-derived,,,
uncle ben's rice,,sweet,,alcoholic|berry|bready|ethereal|fermented,rule-derived,,,
unflavored gelatin,,sweet,,alcoholic|ethereal|mild,rule-derived,,,
unflavored gelatin powder,,sweet,,alcoholic|ethereal|mild,rule-derived,,,
unflavored gelatine,,sweet,,alcoholic|ethereal|mild,rule-derived,,,
unflavored powdered gelatin,,sweet,,alcoholic|ethereal|mild,rule-derived,,,
unflavored yogurt,,sweet,,alcoholic|ethereal,rule-derived,,,
unpeeled apple,,sweet,,alcoholic|apple|banana|ethereal|fruit,rule-derived,,,
unrefined coconut oil,,sweet,,alcoholic|ethereal,rule-derived,,,
unrefined sugar,,sweet,,alcoholic|ethereal,rule-derived,,,
unsalted,,sweet,,alcoholic|ethereal,rule-derived,,,
unsalted cashew,,sweet,,alcoholic|ethereal,rule-derived,,,
unsalted macadamia nut,,bitter|sweet,cooling,alcoholic|camphor|deep|ethereal|menthol,rule-derived,,,
unsalted margarine,,sweet,,alcoholic|ethereal,rule-derived,,,
unsalted peanut,,sweet,cooling,alcoholic|camphor|deep|ethereal|menthol,rule-derived,,,
unsalted pistachio,,sweet,,alcoholic|ethereal,rule-derived,,,
unsweetened almond milk,,sweet,oily|waxy,alcoholic|ethereal|fat|orange|rose,rule-derived,,,
unsweetened applesauce,fruity,sour,smooth,estery|cooked|tart|brown|caramellic,manual-top-500;tgsc,pork|cinnamon|yogurt|oatmeal|nutmeg|chicken|crackers,cut-fat|shared-volatile|cut-fat|sweet-acid|shared-volatile|cut-fat|texture-contrast,"Same chemistry as applesauce but lower sugar — malic acid plays bigger, making it more compatible with savory + dairy than sweet applications. Yogurt pairing works on dual cut-fat (acid + lactic acid cleansing)."
unsweetened chocolate,,sweet,,alcoholic|ethereal,rule-derived,,,
unsweetened coconut,,sweet,,alcoholic|ethereal,rule-derived,,,
unsweetened coconut cream,,sweet,,alcoholic|ethereal,rule-derived,,,
unsweetened coconut flake,,sweet,,alcoholic|ethereal,rule-derived,,,
unsweetened coconut milk,,sweet,,alcoholic|ethereal,rule-derived,,,
unsweetened pineapple,,bitter|sweet,,alcoholic|apple|ethereal|fruit|pineapple,rule-derived,,,
unsweetened soymilk,,bitter|sweet,,alcoholic|ethereal,rule-derived,,,
valencia orange,,sweet,pungent,pungent|vinegar|cream|ether|flower,rule-derived,,,
vanilla,woody,sweet,,sweet|vanilla|creamy|balsamic|woody,curated-2026;tgsc;chem-lit,cane sugar|whipped cream|white chocolate|condensed milk,vanillin balsamic-sweet; the universal dessert rounding note,"dominant=vanillin, p-hydroxybenzaldehyde; CIDs: benzaldehyde=240, vanillin=1183"
vanilla almond milk,,bitter|sweet,cooling|waxy|oily,alcoholic|camphor|coconut|deep|ethereal,rule-derived,,,
vanilla bean ice cream,,sweet,,alcoholic|ethereal,rule-derived,,,
vanilla bean paste,,bitter|sweet,cooling|waxy|oily,alcoholic|camphor|coconut|deep|ethereal,rule-derived,,,
vanilla cake,,bitter|sweet,cooling|waxy|oily,alcoholic|camphor|coconut|deep|ethereal,rule-derived,,,
vanilla cake mix,,bitter|sweet,cooling|waxy|oily,alcoholic|camphor|coconut|deep|ethereal,rule-derived,,,
vanilla caramel,,bitter|sweet,cooling|waxy|oily,alcoholic|camphor|coconut|deep|ethereal,rule-derived,,,
vanilla chip,,bitter|sweet,cooling|waxy|oily,alcoholic|camphor|coconut|deep|ethereal,rule-derived,,,
vanilla cream,,bitter|sweet,cooling|waxy|oily,alcoholic|camphor|coconut|deep|ethereal,rule-derived,,,
vanilla creme,,bitter|sweet,cooling|waxy|oily,alcoholic|camphor|coconut|deep|ethereal,rule-derived,,,
vanilla custard,,bitter|sweet,cooling|waxy|oily,alcoholic|camphor|coconut|deep|ethereal,rule-derived,,,
vanilla essence,,bitter|sweet,cooling|waxy|oily,alcoholic|camphor|coconut|deep|ethereal,rule-derived,,,
vanilla flavor,,bitter|sweet,cooling|waxy|oily,alcoholic|camphor|coconut|deep|ethereal,rule-derived,,,
vanilla flavoring,,bitter|sweet,cooling|waxy|oily,alcoholic|camphor|coconut|deep|ethereal,rule-derived,,,
vanilla frosting,,bitter|sweet,cooling|waxy|oily,alcoholic|camphor|coconut|deep|ethereal,rule-derived,,,
vanilla ice cream,,sweet,,alcoholic|ethereal,rule-derived,,,
vanilla ice milk,,bitter|sweet,cooling|waxy|oily,alcoholic|camphor|coconut|deep|ethereal,rule-derived,,,
vanilla icing,,bitter|sweet,cooling|waxy|oily,alcoholic|camphor|coconut|deep|ethereal,rule-derived,,,
vanilla instant pudding,,bitter|sweet,cooling|waxy|oily,alcoholic|camphor|coconut|deep|ethereal,rule-derived,,,
vanilla instant pudding mix,,bitter|sweet,cooling|waxy|oily,alcoholic|camphor|coconut|deep|ethereal,rule-derived,,,
vanilla nonfat yogurt,,bitter|sweet,cooling|waxy|oily,alcoholic|camphor|coconut|deep|ethereal,rule-derived,,,
vanilla oil,,bitter|sweet,cooling|waxy|oily,alcoholic|camphor|coconut|deep|ethereal,rule-derived,,,
vanilla paste,,bitter|sweet,cooling|waxy|oily,alcoholic|camphor|coconut|deep|ethereal,rule-derived,,,
vanilla pie filling,,bitter|sweet,,alcoholic|ethereal,rule-derived,,,
vanilla pod,,bitter|sweet,cooling|waxy|oily,alcoholic|camphor|coconut|deep|ethereal,rule-derived,,,
vanilla powder,,bitter|sweet,cooling|waxy|oily,alcoholic|camphor|coconut|deep|ethereal,rule-derived,,,
vanilla protein powder,,bitter|sweet,cooling|waxy|oily,alcoholic|camphor|coconut|deep|ethereal,rule-derived,,,
vanilla pudding,,bitter|sweet,cooling|waxy|oily,alcoholic|camphor|coconut|deep|ethereal,rule-derived,,,
vanilla pudding mix,,bitter|sweet,cooling|waxy|oily,alcoholic|camphor|coconut|deep|ethereal,rule-derived,,,
vanilla sauce,,bitter|sweet,cooling|waxy|oily,alcoholic|camphor|coconut|deep|ethereal,rule-derived,,,
vanilla soy milk,,bitter|sweet,cooling|waxy|oily,alcoholic|camphor|coconut|deep|ethereal,rule-derived,,,
vanilla sugar,,bitter|sweet,cooling|waxy|oily,alcoholic|camphor|coconut|deep|ethereal,rule-derived,,,
vanilla syrup,,bitter|sweet,cooling|waxy|oily,alcoholic|camphor|coconut|deep|ethereal,rule-derived,,,
vanilla tapioca,,bitter|sweet,cooling|waxy|oily,alcoholic|camphor|coconut|deep|ethereal,rule-derived,,,
vanilla vodka,,bitter|sweet,cooling|waxy|oily,alcoholic|camphor|coconut|deep|ethereal,rule-derived,,,
vanilla wafer,,bitter|sweet,cooling|waxy|oily,alcoholic|camphor|coconut|deep|ethereal,rule-derived,,,
vanilla wafer cookie,,bitter|sweet,cooling|waxy|oily,alcoholic|camphor|coconut|deep|ethereal,rule-derived,,,
vanilla wafer crumb,,bitter|sweet,cooling|waxy|oily,alcoholic|camphor|coconut|deep|ethereal,rule-derived,,,
vanilla whey,,bitter|sweet,cooling|waxy|oily,alcoholic|camphor|coconut|deep|ethereal,rule-derived,,,
vanilla yogurt,,bitter|sweet,cooling|waxy|oily,alcoholic|camphor|coconut|deep|ethereal,rule-derived,,,
vanilla-flavored,,bitter|sweet,cooling|waxy|oily,alcoholic|camphor|coconut|deep|ethereal,rule-derived,,,
vanilla-flavored soymilk,,bitter|sweet,cooling|waxy|oily,alcoholic|camphor|coconut|deep|ethereal,rule-derived,,,
vanilla-flavored syrup,,bitter|sweet,cooling|waxy|oily,alcoholic|camphor|coconut|deep|ethereal,rule-derived,,,
veal,,pungent,,,category-heuristic,,,
veal reduction,,pungent,,,category-heuristic,,,
veal scallop,,bitter|sweet,,alcoholic|ethereal,rule-derived,,,
veal scallopini,,bitter|sweet,,alcoholic|ethereal,rule-derived,,,
veal stock,,pungent,,,category-heuristic,,,
veg oil,fatty,sweet,,,category-heuristic,,,
vegan butter,fatty,sweet,,,category-heuristic,,,
vegan cheese,,sweet,cooling,alcoholic|ethereal|mint|terpentine,rule-derived,,,
vegan sugar,,sweet,,alcoholic|ethereal,rule-derived,,,
vegetable,,bitter|sweet,,alcoholic|ethereal,rule-derived,,,
vegetable beef soup,,sweet,,alcoholic|ethereal,rule-derived,,,
vegetable broth,,,,,hub-fallback,,,
vegetable juice,,bitter|sweet,,alcoholic|ethereal|mild,rule-derived,,,
vegetable juice cocktail,,bitter|sweet,,alcoholic|ethereal|mild,rule-derived,,,
vegetable oil olive,,sweet,,alcoholic|ethereal|fruit|grape|pineapple,rule-derived,,,
vegetable shortening,,bitter|sweet,,alcoholic|ethereal,rule-derived,,,
vegetable soup,,sweet,,alcoholic|ethereal,rule-derived,,,
vegetable soup mix,,sweet,,alcoholic|ethereal,rule-derived,,,
vegetable stock,,,,,hub-fallback,,,
vegetarian baked bean,,bitter|sweet,cooling|waxy|oily,alcoholic|camphor|coconut|deep|ethereal,rule-derived,,,
vegetarian beef,,,oily|waxy|cooling,fatty|balsamic|cucumber|dry|earthy,rule-derived,,,
vegetarian chicken,,umami|sweet,,,rule-derived,,,
vegetarian refried bean,,bitter|sweet,cooling|waxy|oily,alcoholic|camphor|coconut|deep|ethereal,rule-derived,,,
vegetarian worcestershire sauce,,bitter|sweet,,alcoholic|ethereal,rule-derived,,,
veggie,,pungent,,,category-heuristic,,,
veggie broth,,sour,,,category-heuristic,,,
veggie burger,,pungent,,,category-heuristic,,,
veggie crumble,,pungent,,,category-heuristic,,,
veggie oil,fatty,sweet,,,category-heuristic,,,
veggie stock,,sour,,,category-heuristic,,,
velveeta cheese,,sweet,cooling,alcoholic|ethereal|mint|terpentine,rule-derived,,,
velveeta reduced fat cheese,,sweet,cooling,alcoholic|ethereal|mint|terpentine,rule-derived,,,
venison roast,,pungent,,,category-heuristic,,,
vermicelli,,,,,hub-fallback,,,
vermicelli pasta,,sweet,cooling,alcoholic|camphor|deep|ethereal|menthol,rule-derived,,,
vermicelli rice noodle,,sweet,,alcoholic|berry|bready|ethereal|fermented,rule-derived,,,
vermouth,,sweet,,alcoholic|ethereal|mild,rule-derived,,,
very lean beef,,,oily|waxy|cooling,fatty|balsamic|cucumber|dry|earthy,rule-derived,,,
very milk,,,,apricot|balsamic|butter|cocoa|coconut,rule-derived,,,
very ripe banana,,sweet,cooling,alcoholic|camphor|deep|ethereal|menthol,rule-derived,,,
very ripe tomatoe,,sweet,,apple peel|apricot|banana|cocoa|coffee,rule-derived,,,
very water,,sweet,,alcoholic|ethereal,rule-derived,,,
vidalia onion,,sweet,cooling|creamy|oily,bean|cananga|caramel|fatty|floral,rule-derived,,,
vinaigrette dressing,,sour|sweet|pungent,,,category-heuristic,,,
vinegar,,bitter|sweet,,alcoholic|ethereal|mild,rule-derived,,,
virgin coconut oil,,sweet,,alcoholic|ethereal,rule-derived,,,
virgin extra virgin olive oil,woody,bitter,powdery|waxy,delicate|floral|powdery|waxy,rule-derived,,,
virgin olive oil,woody,bitter,powdery|waxy,delicate|floral|powdery|waxy,rule-derived,,,
vital wheat gluten,,sweet,,alcoholic|bland|ethereal,rule-derived,,,
vodka,fermented,bitter,warming,clean|neutral|sharp|cold|pure,manual-top-500,tomato|lemon|lime|orange juice|ginger|sugar|salt,sweet-acid|sweet-acid|sweet-acid|sweet-acid|shared-volatile|sweet-acid|sweet-acid,"Vodka is essentially neutral ethanol with minimal flavor character — same chemistry regardless of base material (grain, potato, grape). Its role in cocktails is purely as alcohol vehicle for other ingredients to express their character. The Bloody Mary tradition uses vodka because it doesn't compete with the strong tomato-spice-acid combination."
vodka sauce,,sweet,,alcoholic|ethereal|mild,rule-derived,,,
västerbottensost cheese,fatty,sweet|sour,,,category-heuristic,,,
wagon wheel pasta,,sweet,cooling,alcoholic|camphor|deep|ethereal|menthol,rule-derived,,,
wakame,,pungent,,,category-heuristic,,,
walla walla onion,,sweet,cooling|creamy|oily,bean|cananga|caramel|fatty|floral,rule-derived,,,
walnut,fatty,bitter,crunchy,nutty|walnut|woody|bitter|earthy,curated-2026;tgsc;chem-lit,walnut oil|goat cheese|cane sugar|coffee liqueur,tannic-bitter nut; pairs with blue/goat cheese and figs,"dominant=juglone, (E,E)-2,4-decadienal, pyrazines; CIDs: (e,e)-2,4-decadienal=5283349"
walnut meat,,sweet,cooling,alcoholic|camphor|deep|ethereal|menthol,rule-derived,,,
walnut oil,,sweet,cooling,alcoholic|camphor|deep|ethereal|menthol,rule-derived,,,
wasabi,green,pungent,,pungent|sharp|sinus|mustard|green,curated-2026;tgsc;chem-lit,soya sauce|rice vinegar|mirin|dark sesame oil,isothiocyanate heat that fades fast; the sushi partner,"dominant=allyl isothiocyanate, 6-MITC; CIDs: allyl isothiocyanate=5971"
wasabi paste,,sweet,cooling|pungent|waxy,ethereal|pungent|brown|camphor|chocolate,rule-derived,,,
wasabi pea,,sweet,cooling|pungent|waxy,ethereal|pungent|brown|camphor|chocolate,rule-derived,,,
wasabi powder,,sweet,cooling|pungent|waxy,ethereal|pungent|brown|camphor|chocolate,rule-derived,,,
water,,,,,category-heuristic,,,
water +,,sour,,,category-heuristic,,,
water boiling,,sweet,,alcoholic|ethereal,rule-derived,,,
water chestnut,,sweet,cooling,cananga|cocoa|coffee|floral|green,rule-derived,,,
watercress,green,astringent|sweet,,,category-heuristic,,,
watercress leaf,,sweet,cooling,alcoholic|camphor|deep|ethereal|menthol,rule-derived,,,
watermelon,fruity,sweet,juicy,fruity|watermelon|fresh|melon|watery,curated-2026;tgsc;chem-lit,mint|lime juice|cane sugar|cucumber,"nonadienal fresh-melon; mint, lime and feta foils","dominant=(Z,Z)-3,6-nonadienal, (E)-2-nonenal; CIDs: (e)-2-nonenal=5283335"
watermelon ball,,sweet,,alcoholic|berry|bready|ethereal|fermented,rule-derived,,,
watermelon juice,,sweet,,alcoholic|berry|bready|ethereal|fermented,rule-derived,,,
watermelon rind,,sweet,,alcoholic|berry|bready|ethereal|fermented,rule-derived,,,
wattle,,pungent,,,category-heuristic,,,
wax bean,,bitter|sweet,cooling|waxy|oily,alcoholic|camphor|coconut|deep|ethereal,rule-derived,,,
weight bacon,,pungent,,,category-heuristic,,,
weight bittersweet chocolate,,sweet,,alcoholic|ethereal,rule-derived,,,
weight butter,,sweet,,alcoholic|ethereal,rule-derived,,,
weight chicken,,umami|sweet,,,rule-derived,,,
weight chocolate,,sweet,,alcoholic|ethereal,rule-derived,,,
weight cream cheese,,sweet,cooling,alcoholic|ethereal|mint|terpentine,rule-derived,,,
weight mushroom,,sweet,,apple peel|caramellic|cocoa|coffee|green,rule-derived,,,
weight semisweet chocolate,,sweet,,alcoholic|ethereal,rule-derived,,,
weight sugar,,sweet,,alcoholic|ethereal,rule-derived,,,
weight white chocolate,,sweet,,alcoholic|ethereal,rule-derived,,,
weight white chocolate chip,,sweet,,alcoholic|ethereal,rule-derived,,,
well-shaken buttermilk,,sweet,,alcoholic|ethereal,rule-derived,,,
wesson oil,fatty,sweet,,,category-heuristic,,,
wheat,,sweet,,alcoholic|bland|ethereal,rule-derived,,,
wheat baguette,,sweet,,alcoholic|bland|ethereal,rule-derived,,,
wheat biscuit,,sweet,cooling,alcoholic|camphor|deep|ethereal|menthol,rule-derived,,,
wheat bran,,sweet,,alcoholic|bland|ethereal,rule-derived,,,
wheat bread,,sweet,,alcoholic|ethereal,rule-derived,,,
wheat bread crumb,,sweet,,alcoholic|ethereal,rule-derived,,,
wheat bread flour,,sweet,,alcoholic|ethereal,rule-derived,,,
wheat bun,,sweet,,alcoholic|bland|ethereal,rule-derived,,,
wheat cereal,,sweet,,alcoholic|bland|ethereal,rule-derived,,,
wheat couscou,,sweet,,alcoholic|bland|ethereal,rule-derived,,,
wheat cracker,,sweet,,alcoholic|ethereal,rule-derived,,,
wheat egg noodle,,sweet,,alcoholic|bland|ethereal,rule-derived,,,
wheat elbow macaroni,,,,,rule-derived,,,
wheat english muffin,,sweet,,alcoholic|bland|ethereal,rule-derived,,,
wheat flour,,sweet,,alcoholic|bland|ethereal,rule-derived,,,
wheat flour tortilla,,bitter|sweet,,alcoholic|citrus|ethereal|lemon|orange peel,rule-derived,,,
wheat germ,,sweet,,alcoholic|bland|ethereal,rule-derived,,,
wheat hamburger,,sweet,,alcoholic|ethereal,rule-derived,,,
wheat hamburger bun,,sweet,,alcoholic|ethereal,rule-derived,,,
wheat lasagna noodle,,sweet,,alcoholic|ethereal,rule-derived,,,
wheat linguine,,sweet,,alcoholic|bland|ethereal,rule-derived,,,
wheat macaroni,,,,,rule-derived,,,
wheat pasta,,sweet,cooling,alcoholic|camphor|deep|ethereal|menthol,rule-derived,,,
wheat pastry flour,,sweet,,alcoholic|ethereal,rule-derived,,,
wheat penne,,sweet,,alcoholic|bland|ethereal,rule-derived,,,
wheat penne pasta,,sweet,cooling,alcoholic|camphor|deep|ethereal|menthol,rule-derived,,,
wheat pita,,sweet,,alcoholic|bland|ethereal,rule-derived,,,
wheat pita bread,,bitter|sweet,,alcoholic|ethereal,rule-derived,,,
wheat roll,,sweet,,alcoholic|bland|ethereal,rule-derived,,,
wheat rotini,,sweet,,alcoholic|bland|ethereal,rule-derived,,,
wheat rotini pasta,,sweet,cooling,alcoholic|camphor|deep|ethereal|menthol,rule-derived,,,
wheat sandwich roll,,sweet,,alcoholic|bland|ethereal,rule-derived,,,
wheat spaghetti,,sweet,,alcoholic|bland|ethereal,rule-derived,,,
wheat tortilla,,bitter|sweet,,alcoholic|citrus|ethereal|lemon|orange peel,rule-derived,,,
wheatie,,sweet,,alcoholic|bland|ethereal,rule-derived,,,
whey,fatty,sweet|sour,,,category-heuristic,,,
whip cream,,sweet,,alcoholic|ethereal,rule-derived,,,
whipped cream,,sweet,,alcoholic|ethereal,rule-derived,,,
whipped cream cheese,,sweet,cooling,alcoholic|ethereal|mint|terpentine,rule-derived,,,
whipped cream topping,,bitter|sweet,,alcoholic|ethereal,rule-derived,,,
whipped topping,,bitter|sweet,,alcoholic|ethereal,rule-derived,,,
whipping,,pungent,,,category-heuristic,,,
whiskey,caramel,sweet|bitter,warming,oak|vanilla|smoky-malt|amber|complex,manual-top-500;tgsc,maple syrup|chocolate|apple|ginger|lemon|cinnamon|coffee,shared-volatile|shared-volatile|sweet-acid|shared-volatile|sweet-acid|shared-volatile|shared-volatile,"Whiskey's flavor comes primarily from oak barrel aging — vanillin, oak lactones (cis/trans), syringaldehyde — same compounds that flavor wine but more concentrated. Scotch adds smoky phenols from peated malt. Whiskey-chocolate pairs through shared vanillin + oak lactones bridging to cocoa's pyrazines.; CIDs: vanillin=1183"
whiskey sauce,,bitter|sweet,,alcoholic|ethereal,rule-derived,,,
whisky,,pungent,,,category-heuristic,,,
white almond bark,,sweet,oily|waxy,alcoholic|ethereal|fat|orange|rose,rule-derived,,,
white baking,,pungent,,,category-heuristic,,,
white baking chip,,pungent,,,category-heuristic,,,
white baking chocolate,,sweet,,alcoholic|ethereal,rule-derived,,,
white balsamic vinegar,,bitter|sweet,,alcoholic|ethereal|mild,rule-derived,,,
white basmati rice,,sweet,,alcoholic|berry|bready|ethereal|fermented,rule-derived,,,
white bean,,bitter|sweet,cooling|waxy|oily,alcoholic|camphor|coconut|deep|ethereal,rule-derived,,,
white bread,,bitter|sweet,,alcoholic|ethereal,rule-derived,,,
white bread flour,,bitter|sweet,,alcoholic|ethereal,rule-derived,,,
white breadcrumb,,bitter|sweet,,alcoholic|ethereal,rule-derived,,,
white button mushroom,,sweet,,apple peel|caramellic|cocoa|coffee|green,rule-derived,,,
white cabbage,,sweet,,alcoholic|bland|ethereal,rule-derived,,,
white cake,,bitter|sweet,,alcoholic|ethereal,rule-derived,,,
white cake mix,,bitter|sweet,,alcoholic|ethereal,rule-derived,,,
white cheddar cheese,,sweet,cooling,alcoholic|ethereal|mint|terpentine,rule-derived,,,
white cheese,,sweet,cooling,alcoholic|ethereal|mint|terpentine,rule-derived,,,
white chicken,,umami|sweet,,,rule-derived,,,
white chicken meat,,umami|sweet,,,rule-derived,,,
white chocolate,,sweet,,alcoholic|ethereal,rule-derived,,,
white chocolate baking,,sweet,,alcoholic|ethereal,rule-derived,,,
white chocolate baking square,,sweet,,alcoholic|ethereal,rule-derived,,,
white chocolate chip,,sweet,,alcoholic|ethereal,rule-derived,,,
white chocolate curl,,sweet,,alcoholic|ethereal,rule-derived,,,
white cooking wine,,,cooling|oily,banana|herbal|apple|apple peel|apricot,rule-derived,,,
white corn,,sweet,,alcoholic|ethereal,rule-derived,,,
white corn kernel,,sweet,,alcoholic|ethereal,rule-derived,,,
white corn syrup,,bitter|sweet,,alcoholic|ethereal,rule-derived,,,
white corn tortilla,,bitter|sweet,,alcoholic|citrus|ethereal|lemon|orange peel,rule-derived,,,
white cornmeal,,sweet,,alcoholic|ethereal,rule-derived,,,
white crabmeat,,sweet,,alcoholic|ethereal|mild,rule-derived,,,
white distilled vinegar,,bitter|sweet,,alcoholic|ethereal|mild,rule-derived,,,
white fish,,bitter|sweet,,alcoholic|ethereal,rule-derived,,,
white flour,,sweet,,,rule-derived,,,
white granulated sugar,,sweet,,alcoholic|ethereal,rule-derived,,,
white grape,,sweet,cooling,alcoholic|camphor|deep|ethereal|menthol,rule-derived,,,
white grape juice,,,,,rule-derived,,,
white karo syrup,,bitter|sweet,,alcoholic|ethereal,rule-derived,,,
white kidney bean,,bitter|sweet,cooling|waxy|oily,alcoholic|camphor|coconut|deep|ethereal,rule-derived,,,
white lupine,,pungent,,,category-heuristic,,,
white meat chicken,,umami|sweet,,,rule-derived,,,
white miso,,,,,hub-fallback,,,
white miso paste,,bitter|sweet,,alcoholic|ethereal,rule-derived,,,
white mushroom,,sweet,,apple peel|caramellic|cocoa|coffee|green,rule-derived,,,
white mustard seed,,bitter|sweet,,alcoholic|ethereal|grass|leafy|sweaty,rule-derived,,,
white navy bean,,bitter|sweet,cooling|waxy|oily,alcoholic|camphor|coconut|deep|ethereal,rule-derived,,,
white northern bean,,bitter|sweet,cooling|waxy|oily,alcoholic|camphor|coconut|deep|ethereal,rule-derived,,,
white peache,,sweet,,alcoholic|apple|banana|ethereal|fruit,rule-derived,,,
white pearl onion,,sweet,cooling|creamy|oily,bean|cananga|caramel|fatty|floral,rule-derived,,,
white pepper,,sweet,waxy,alcoholic|alkane|ethereal|gasoline,rule-derived,,,
white peppercorn,,sweet,waxy,alcoholic|alkane|ethereal|gasoline,rule-derived,,,
white potato,,sweet,,alcoholic|ethereal,rule-derived,,,
white potatoe,,sweet,,alcoholic|ethereal,rule-derived,,,
white quinoa,,sweet,cooling|waxy|oily,brown|camphor|chocolate|coconut|deep,rule-derived,,,
white raisin,,,creamy|oily|waxy,berry|brandy|bread|bready|buttery,rule-derived,,,
white rice flour,,sweet,,,rule-derived,,,
white sandwich bread,,sweet,waxy|cooling,floral|waxy|cananga|citrus|ether,rule-derived,,,
white sauce,,bitter|sweet,,alcoholic|ethereal,rule-derived,,,
white seedless grape,,sweet,cooling,alcoholic|camphor|deep|ethereal|menthol,rule-derived,,,
white sesame seed,,sweet,,alcoholic|berry|bready|ethereal|fermented,rule-derived,,,
white shoepeg corn,,sweet,,alcoholic|ethereal,rule-derived,,,
white spelt flour,,sweet,cooling|waxy|oily,brown|camphor|chocolate|coconut|deep,rule-derived,,,
white syrup,,bitter|sweet,,alcoholic|ethereal,rule-derived,,,
white tequila,,bitter|pungent,,,category-heuristic,,,
white vermouth,,sweet,,alcoholic|ethereal|mild,rule-derived,,,
white vinegar,fermented,sour,pungent,tangy|acetic|sharp|clean|astringent,manual-top-500;tgsc,pickles|cucumber|fish|chicken|dill|salt|sugar,tradition|cut-fat|cleanse-palate|cut-fat|shared-volatile|sweet-acid|sweet-acid,"Nearly pure acetic acid — minimal residual compounds compared to wine vinegars. The cleaner profile is why white vinegar is the pickling standard: it brightens vegetables without imposing additional flavor. With dill+cucumber+sugar+salt (classic dill pickle brine), it's a four-way sweet-acid balance that lets cucumber's nonadienal character come through."
white wheat flour,,sweet,,alcoholic|bland|ethereal,rule-derived,,,
white wine,fermented,sour|sweet,warming,estery|fruity|crisp|floral|delicate,manual-top-500;tgsc;mcgee,fish|chicken|scallop|lemon|butter|cream|cheese,cleanse-palate|cleanse-palate|cleanse-palate|cleanse-palate|cut-fat|cut-fat|cut-fat,"White wine retains more volatile esters than red (no skin contact during fermentation) — Sauvignon Blanc has more methoxypyrazines (the 'grassy' character), Chardonnay more malolactic-derived diacetyl. The classic fish + white-wine pairing is cleanse-palate plus shared aldehyde + ester chemistry."
white wine vinegar,,sweet,oily|pungent,ether|ethereal|wine|alcoholic|apricot,rule-derived,,,
white wine worcestershire sauce,,sweet,oily|pungent,ether|ethereal|wine|alcoholic|apricot,rule-derived,,,
white yam,green,astringent|sweet,,,category-heuristic,,,
white zinfandel wine,,,cooling|oily,banana|herbal|apple|apple peel|apricot,rule-derived,,,
whiz cheese,,sweet,cooling,alcoholic|ethereal|mint|terpentine,rule-derived,,,
wholegrain mustard,,sweet,,alcoholic|ethereal,rule-derived,,,
wholemeal bread,,sweet,waxy|cooling,floral|waxy|cananga|citrus|ether,rule-derived,,,
wholemeal flour,,sweet,,,rule-derived,,,
wide egg noodle,woody,sweet,,,category-heuristic,,,
wide noodle,woody,sweet,,,category-heuristic,,,
wild mushroom,,sweet,,apple peel|caramellic|cocoa|coffee|green,rule-derived,,,
wild rice,nutty,sweet,chewy,toasted|grassy|nutty-grain|earthy-firm|robust,manual-top-500;tgsc,turkey|cranberry|butter|mushroom|sage|thyme|walnut,tradition|sweet-acid|cut-fat|umami-bridge|shared-volatile|shared-volatile|shared-volatile,"Wild rice (technically Zizania, not Oryza — different botanical genus from white/brown rice) develops more toasted-grain Maillard compounds during its longer cooking time. The traditional American wild rice + turkey + cranberry + sage pairing leverages wild rice's nuttier character bridging multiple compound families."
wild salmon,,,oily,apple|cinnamon|fatty|green|hazelnut,rule-derived,,,
wild strawberry,,sweet,cooling,alcoholic|camphor|deep|ethereal|menthol,rule-derived,,,
wildflower honey,,bitter|sweet,,alcoholic|ethereal|mild,rule-derived,,,
wine,fermented,sour|bitter,warming,tannic|fruity|aged|estery|complex,manual-top-500;mcgee,beef|cheese|red wine vinegar|tomato|mushroom|garlic|chocolate,cut-fat|cut-fat|shared-volatile|umami-bridge|umami-bridge|maillard-bridge|shared-volatile,"Wine's pairing chemistry is complex but reducible to a few axes: tannins cut fat (red wine + steak), acid cleanses palate (white wine + fish), and shared ester families bridge to certain cooking ingredients (red wine + beef stew via deep Maillard compounds). This row is generic red — white wine, sparkling wine would have different leaf profiles."
wine vinegar,,bitter|sweet,,alcoholic|ethereal|mild,rule-derived,,,
winesap apple,,sweet,,alcoholic|apple|banana|ethereal|fruit,rule-derived,,,
wing sauce,,bitter|sweet,,alcoholic|ethereal,rule-derived,,,
winter savory,,pungent,,,category-heuristic,,,
with juice,,sour,,,category-heuristic,,,
wondra flour,,sweet,,,rule-derived,,,
worcester sauce,,bitter|sweet,,alcoholic|ethereal,rule-derived,,,
worcestershire,,,,,hub-fallback,,,
worcestershire sauce,woody,umami|sour,,savory|umami|tangy|fermented|spicy,curated-2026;tgsc;chem-lit,steak sauce|beef stock|tabasco sauce|tomato ketchup,tamarind-anchovy umami-tang; the marinade and bloody-mary partner,"dominant=glutamate, tamarind acids; CIDs: glutamate=33032"
worchester sauce,,bitter|sweet,,alcoholic|ethereal,rule-derived,,,
worchestershire sauce,,bitter|sweet,,alcoholic|ethereal,rule-derived,,,
wort,,pungent,,,category-heuristic,,,
woven wheat cracker,,sweet,,alcoholic|ethereal,rule-derived,,,
xxxx sugar,,sweet,,alcoholic|ethereal,rule-derived,,,
yakiniku sauce,,bitter|sweet,,alcoholic|ethereal,rule-derived,,,
yam,green,astringent|sweet,,,category-heuristic,,,
yautia,,pungent,,,category-heuristic,,,
yeast,,bitter,,,category-heuristic,,,
yeast cake,,bitter|sweet,,alcoholic|ethereal,rule-derived,,,
yellow apple,,sweet,,alcoholic|apple|banana|ethereal|fruit,rule-derived,,,
yellow bean,,bitter|sweet,cooling|waxy|oily,alcoholic|camphor|coconut|deep|ethereal,rule-derived,,,
yellow butter,,sweet,,alcoholic|ethereal,rule-derived,,,
yellow cake,,bitter|sweet,,alcoholic|ethereal,rule-derived,,,
yellow cake mix,,bitter|sweet,,alcoholic|ethereal,rule-derived,,,
yellow chartreuse,,sweet|bitter,,,category-heuristic,,,
yellow cheese,,sweet,cooling,alcoholic|ethereal|mint|terpentine,rule-derived,,,
yellow cherry tomatoe,,sweet,cooling|pungent|waxy,ethereal|pungent|brown|camphor|chocolate,rule-derived,,,
yellow corn,,sweet,,alcoholic|ethereal,rule-derived,,,
yellow cornmeal,,sweet,,alcoholic|ethereal,rule-derived,,,
yellow cream,,sweet,,alcoholic|ethereal,rule-derived,,,
yellow grape tomatoe,,sweet,,apple peel|apricot|banana|cocoa|coffee,rule-derived,,,
yellow miso,,bitter|sweet,,alcoholic|ethereal,rule-derived,,,
yellow mustard seed,,sweet,,alcoholic|ethereal,rule-derived,,,
yellow passionfruit,,pungent,,,category-heuristic,,,
yellow pea,green,astringent|sweet,,,category-heuristic,,,
yellow peache,,sweet,,alcoholic|apple|banana|ethereal|fruit,rule-derived,,,
yellow pepper,green,sweet,crisp,fruity|ripe|hexenal|grassy|fresh,manual-top-500;tgsc,corn|olive oil|chicken|basil|onion|saffron|tomato,shared-volatile|cut-fat|maillard-bridge|shared-volatile|shared-volatile|shared-volatile|shared-volatile,Same chemistry as red pepper but with carotenoid emphasis on lutein vs lycopene. Yellow pepper-corn-saffron is a Spanish/Catalan pairing on visual + flavor (all carotenoid-rich) — chefs call this 'color cuisine.'
yellow pond lily,,pungent,,,category-heuristic,,,
yellow potatoe,,sweet,,alcoholic|ethereal,rule-derived,,,
yellow raisin,,,creamy|oily|waxy,berry|brandy|bread|bready|buttery,rule-derived,,,
yellow rice,,sweet,,alcoholic|berry|bready|ethereal|fermented,rule-derived,,,
yellow split pea,green,astringent|sweet,,,category-heuristic,,,
yellow sweet onion,,sweet,cooling|creamy|oily,bean|cananga|caramel|fatty|floral,rule-derived,,,
yellow sweet pepper,,sweet,waxy,alcoholic|alkane|ethereal|gasoline,rule-derived,,,
yellow tomato,,sweet,,apple peel|apricot|banana|cocoa|coffee,rule-derived,,,
yellow tomatoe,,sweet,,apple peel|apricot|banana|cocoa|coffee,rule-derived,,,
yellow wax bean,,sweet,,alcoholic|bland|ethereal,rule-derived,,,
yellow zucchini,,sweet,,alcoholic|bland|ethereal,rule-derived,,,
yellow-fleshed potatoe,,sweet,,alcoholic|ethereal,rule-derived,,,
yellowfin tuna,,bitter|sweet,,alcoholic|ethereal,rule-derived,,,
ylang-ylang,,pungent,,,category-heuristic,,,
yogurt,fatty,sour,smooth,tangy|milky|sour|creamy|lactic,curated-2026;tgsc;chem-lit,plain yogurt|greek yogurt|cucumber|honey,"lactic-acetaldehyde tang; the marinade, dip and breakfast base","dominant=lactic acid, acetaldehyde, diacetyl"
yogurt cheese,,sweet,cooling,alcoholic|ethereal|mint|terpentine,rule-derived,,,
yogurt sauce,,sweet,,alcoholic|ethereal,rule-derived,,,
yucca root,,pungent,,,category-heuristic,,,
yuzu,fruity,sour,,citrus|yuzu|floral|fresh|peel,curated-2026;tgsc;chem-lit,rice vinegar|soya sauce|lime juice|ginger paste,floral citrus that bridges Japanese soy/vinegar seasonings,"dominant=limonene, yuzunone, linalool; CIDs: limonene=22311, linalool=6549"
yuzu juice,fruity,sour|sweet,,,category-heuristic,,,
za'atar,,pungent,,,category-heuristic,,,
za'atar spice mix,,,,,hub-fallback,,,
zest,,pungent,,,category-heuristic,,,
zest from,,pungent,,,category-heuristic,,,
zest of one lemon,,sweet,cooling,alcoholic|citrus|ethereal|fresh|grapefruit peel,rule-derived,,,
zest of one orange,,sweet,pungent,pungent|vinegar|cream|ether|flower,rule-derived,,,
zucchini,green,,,green|squash|mild|fresh|vegetal,curated-2026;tgsc;chem-lit,extra-virgin olive oil|garlic|tomato|parmesan,"mild green squash; a neutral carrier for oil, garlic and cheese","dominant=(E,Z)-2,6-nonadienal, hexanal; CIDs: (e,z)-2,6-nonadienal=643731"
salt,,sweet,,alcoholic|ethereal,rule-derived,,,
