name,tier1_aroma,tier2_taste,tier3_mouthfeel,leaves,sources,key_pairings,pairing_principles,chemistry_notes
chicken stock,,umami|sour,tender,,ai-draft;gnn-v3+flavordb,dry sherry|white wine|andouille sausage|sour cream|red wine vinegar|buttermilk|cider vinegar,,"confidence=low (taste=GNN default, needs human review)"
lemon juice,,sour,smooth,,ai-draft;gnn-v3+flavordb,tahini|tomato|anchovy|parmesan|chicken stock|mushroom|tomato paste,,
chili powder,,bitter|sour|umami,powdery,,ai-draft;gnn-v3+flavordb,kidney bean|cumin|pinto bean|black bean|tomato sauce|red kidney bean|dark red kidney bean,,"confidence=low (taste=GNN default, needs human review)"
cayenne pepper,,sour|sweet|umami,,,ai-draft;gnn-v3+flavordb,leaf oregano|file powder|onion powder|rub|cumin|andouille sausage|paprika,,"confidence=low (taste=GNN default, needs human review)"
powdered sugar,,sweet,powdery,,ai-draft;gnn-v3+flavordb,carbonated water|port|digestive biscuit|cream cheese|coffee creamer|chocolate|instant lemon pudding,,
cornstarch,,,,,ai-draft;gnn-v3+flavordb,dulce de leche|soy sauce|chicken bullion|pork blade|oyster sauce|sesame dressing|graham crumb,,
boiling water,,,oily,,ai-draft;gnn-v3+flavordb,strawberry jello|porcini|lemon jello|bulgur|lemon gelatin|lime gelatin|o gelatin,,
bay leaf,,,crisp,,ai-draft;gnn-v3+flavordb,peppercorn|black peppercorn|tomato paste|file powder|beef stock|turkey carcass|andouille sausage,,
rice vinegar,,sour,,,ai-draft;gnn-v3+flavordb,soy sauce|sesame oil|miso|fish sauce|dark sesame oil|hoisin|cucumber,,
freshly black pepper,,sour|sweet|umami,,,ai-draft;gnn-v3+flavordb,extra-virgin olive oil|canola mayonnaise|freshly squeezed lemon juice|sherry vinegar|niçoise olive|petite green pea|gruyère cheese,,"confidence=low (taste=GNN default, needs human review)"
lime juice,fruity,sour,smooth,,ai-draft;gnn-v3+flavordb,fish sauce|cilantro|tequila|avocado|jalapeno chile|mangoe|red curry,,
baking powder,,,powdery,,ai-draft;gnn-v3+flavordb,baking soda|vanilla|flour|egg|molasse|sugar|buttermilk,,
beef stock,fatty,,tender,,ai-draft;gnn-v3+flavordb,chuck roast|beef stew meat|stewing beef|beef chuck|boneless beef chuck roast|beef tenderloin|lean stewing beef,,
dressing,,sour|sweet|umami,,,ai-draft;gnn-v3+flavordb,romaine lettuce|lettuce|apricot preserve|torn romaine lettuce|torn spinach leave|spring lettuce mix|purple cabbage,,"confidence=low (taste=GNN default, needs human review)"
tabasco sauce,,bitter|sour|umami,smooth,,ai-draft;gnn-v3+flavordb,worcestershire sauce|box wheat chex|clamato juice|perrins sauce|garlic juice|brown sugar|boiling water,,"confidence=low (taste=GNN default, needs human review)"
buttermilk,,sour|sweet|umami,oily,mild|sour|bitter|grassy|very mild|odorless|fatty,ai-draft;gnn-v3+flavordb,baking soda|baking powder|milky|blackberry jam|orange candy|cornmeal|chicken,,"confidence=low (taste=GNN default, needs human review)"
extra-virgin olive oil,woody,,oily,,ai-draft;gnn-v3+flavordb,freshly black pepper|flat-leaf parsley|niçoise olive|sherry vinegar|flat-leaf|freshly pepper|red wine vinegar,,
cider vinegar,,sour,,,ai-draft;gnn-v3+flavordb,tomato|pickling salt|chicken|celery seed|mustard|chicken stock|beef,,
vegetable,,bitter|sour|umami,,,ai-draft;gnn-v3+flavordb,stir-fry sauce|brown sugar|worcestershire sauce|boiling water|maple syrup|powdered sugar|cracker crumb,,"confidence=low (taste=GNN default, needs human review)"
baking soda,,,,,ai-draft;gnn-v3+flavordb,baking powder|vanilla|flour|buttermilk|cinnamon|brown sugar|wheat flour,,
vinegar,,sour,,solvent|spice|herbal|sharp|fruity|dairy|green,ai-draft;gnn-v3+flavordb,pickling spice|salad oil|mustard|white mustard seed|canning salt|wax bean|butter bean,,
barbecue sauce,,bitter|sour|umami,smooth,,ai-draft;gnn-v3+flavordb,pork baby back rib|pork|beef brisket|liquid smoke|pork back rib|pork rib|wheat sandwich roll,,"confidence=low (taste=GNN default, needs human review)"
garlic salt,,sour|sweet|umami,crystalline,,ai-draft;gnn-v3+flavordb,box wheat chex|english cheese spread|morton tender quick salt|hickory smoked salt|hickory smoke salt|english cheese|onion salt,,"confidence=low (taste=GNN default, needs human review)"
apple cider vinegar,,sour,crisp,,ai-draft;gnn-v3+flavordb,light-brown sugar|red pepper|tomato|red cabbage|chicken stock|beef|yellow mustard seed,,
chili sauce,,bitter|sour|umami,smooth,,ai-draft;gnn-v3+flavordb,grape jelly|worcestershire sauce|cranberry sauce|grape jam|currant jelly|ketchup|beef brisket,,"confidence=low (taste=GNN default, needs human review)"
white pepper,,sour|sweet|umami,,,ai-draft;gnn-v3+flavordb,shaoxing wine|black mushroom|chinese rice wine|bay leaf powder|powdered thyme|chinese mushroom|seafood stock,,"confidence=low (taste=GNN default, needs human review)"
salad oil,,bitter|sour|umami,oily,,ai-draft;gnn-v3+flavordb,vinegar|wine vinegar|wax bean|yellow wax bean|salad vinegar|yellow bean|green pepper,,"confidence=low (taste=GNN default, needs human review)"
green chilie,,bitter|sour|umami,,,ai-draft;gnn-v3+flavordb,flour tortilla|corn tortilla|enchilada sauce|monterey jack cheese|green enchilada sauce|longhorn cheese|cumin,,"confidence=low (taste=GNN default, needs human review)"
whipped cream,,sour|sweet|umami,smooth,,ai-draft;gnn-v3+flavordb,coffee|chocolate shaving|chocolate curl|peppermint schnapp|fudge sauce|chocolate syrup|dish pie pastry,,"confidence=low (taste=GNN default, needs human review)"
vanilla ice cream,,sour|sweet|umami,smooth,,ai-draft;gnn-v3+flavordb,chocolate syrup|chocolate sauce|oreo cookie|chocolate fudge topping|banana liqueur|fudge sauce|raspberry sorbet,,"confidence=low (taste=GNN default, needs human review)"
curry,,bitter|sour|umami,,,ai-draft;gnn-v3+flavordb,black mustard seed|fenugreek|turmeric|mustard seed|tamarind pulp|coconut milk|fluid coconut milk,,"confidence=low (taste=GNN default, needs human review)"
egg yolk,fatty,,,,ai-draft;gnn-v3+flavordb,dulce de leche|puff pastry|cream|pastry cream|egg white|lemon filling|hollandaise sauce,,
italian sausage,,sour|sweet|umami,,,ai-draft;gnn-v3+flavordb,mozzarella|lasagna noodle|rigatoni pasta|parmesan|ricotta|pasta sauce|tomato paste,,"confidence=low (taste=GNN default, needs human review)"
plain yogurt,,sour|sweet|umami,smooth,,ai-draft;gnn-v3+flavordb,tandoori paste|lamb|green cardamom pod|black cardamom pod|fish sauce|turmeric|worcestershire sauce,,"confidence=low (taste=GNN default, needs human review)"
egg white,,,,,ai-draft;gnn-v3+flavordb,cream of tartar|carbonated water|cake flour|egg yolk|almond paste|vanilla|unsweetened applesauce,,
gingerroot,,sour|sweet|umami,,,ai-draft;gnn-v3+flavordb,sesame dressing|soy sauce|hoisin|rice vinegar|snow pea|lite coconut milk|turmeric,,"confidence=low (taste=GNN default, needs human review)"
light corn syrup,,bitter|sour|umami,viscous,,ai-draft;gnn-v3+flavordb,popcorn|bittersweet|peanut|golden grahams cereal|chocolate glaze|boiling water|popcorn kernel,,"confidence=low (taste=GNN default, needs human review)"
peanut oil,,sour|sweet|umami,oily,,ai-draft;gnn-v3+flavordb,oyster sauce|soy sauce|chinese egg noodle|fish sauce|chinese broccoli|chili bean sauce|hokkien noodle,,"confidence=low (taste=GNN default, needs human review)"
cream of tartar,,,smooth,,ai-draft;gnn-v3+flavordb,egg white|cake flour|meringue powder|baking soda|vanilla|butterscotch chip|whipped topping,,
corn syrup,,bitter|sour|umami,viscous,,ai-draft;gnn-v3+flavordb,popcorn|puffed wheat cereal|worcestershire sauce|boiling water|chili powder|tabasco sauce|chili sauce,,"confidence=low (taste=GNN default, needs human review)"
cornmeal,,sour|sweet|umami,,,ai-draft;gnn-v3+flavordb,cream-style corn|catfish fillet|buttermilk|catfish|cream-style|green tomatoe|sweet milk,,"confidence=low (taste=GNN default, needs human review)"
jalapeño,,,,,ai-draft;gnn-v3+flavordb,cilantro|lime juice|black bean|avocado|cumin|lime|avocadoe,,
onion powder,green,,powdery,,ai-draft;gnn-v3+flavordb,leaf oregano|brunoise red pepper|cayenne pepper|rub|nutritional yeast|paprika|liquid smoke,,
vegetable stock,,,,,ai-draft;gnn-v3+flavordb,red lentil|risotto rice|saffron|butternut squash|brown lentil|seitan|quinoa,,
nut,,,crunchy,,ai-draft;gnn-v3+flavordb,date|pineapple|raisin|coconut|pistachio pudding|pistachio instant pudding|chocolate bit,,
coarse salt,,sour|sweet|umami,crystalline,,ai-draft;gnn-v3+flavordb,sanding sugar|light-brown sugar|freshly pepper|white quinoa|rice-wine vinegar|chicken|powdered sugar,,"confidence=low (taste=GNN default, needs human review)"
freshly pepper,,sour|sweet|umami,,,ai-draft;gnn-v3+flavordb,extra-virgin olive oil|freshly salt|red wine vinegar|freshly parmigiano-reggiano cheese|flat-leaf parsley|sherry vinegar|coarse salt,,"confidence=low (taste=GNN default, needs human review)"
greek yogurt,,sour|sweet|umami,smooth,,ai-draft;gnn-v3+flavordb,weight chicken|tandoori paste|lamb|chia seed|harissa paste|fish sauce|worcestershire sauce,,"confidence=low (taste=GNN default, needs human review)"
pork sausage,,sour|sweet|umami,tender,,ai-draft;gnn-v3+flavordb,cocktail rye bread|party rye bread|biscuit/baking mix|noodle soup|cheddar|buttermilk biscuit mix|brown sugar,,"confidence=low (taste=GNN default, needs human review)"
graham cracker crumb,,sour|sweet|umami,,,ai-draft;gnn-v3+flavordb,butterscotch chip|condensed milk|butterscotch bit|cream cheese|dream whip|flaked coconut|chocolate,,"confidence=low (taste=GNN default, needs human review)"
italian seasoning,,,,,ai-draft;gnn-v3+flavordb,mozzarella|basil|mushroom|tomato sauce|oregano|tomato paste|red pepper,,
salsa,,,,,ai-draft;gnn-v3+flavordb,cumin|crema mexicana|chili powder|cheese|olive|avocado|cilantro,,
baby spinach,,sour|sweet|umami,,,ai-draft;gnn-v3+flavordb,tandoori paste|feta|refrigerated cheese tortellini|haloumi cheese|promise buttery spread|raspberry vinaigrette|sweet orange pepper,,"confidence=low (taste=GNN default, needs human review)"
condensed cream,,sour|sweet|umami,smooth,,ai-draft;gnn-v3+flavordb,brown potatoe|mushroom stem|condensed chicken|bread stuffing mix|buttery round cracker|chicken|chicken stuffing mix,,"confidence=low (taste=GNN default, needs human review)"
allspice,woody,,,spicy|clove|warm|woody|eugenol|sweet,ai-draft;gnn-v3+flavordb,apple filling|blackberry jam|apple cider|pumpkin puree|sweet apple cider|scotch bonnet|applesauce,eugenol bridges to other clove/cinnamon phenolics; warms sweet fruit,dominant=eugenol (PubChem CID 3314); warm clove/cinnamon/nutmeg facet
sesame,,sour|sweet|umami,,,ai-draft;gnn-v3+flavordb,sesame oil|rice vinegar|korean red pepper|dark sesame oil|gochujang|ramen noodle|mirin,,"confidence=low (taste=GNN default, needs human review)"
spaghetti sauce,,bitter|sour|umami,smooth,,ai-draft;gnn-v3+flavordb,mozzarella|lasagna noodle|parmesan|ricotta|pepperoni|beef|cottage cheese,,"confidence=low (taste=GNN default, needs human review)"
hamburger,,sour|sweet|umami,,,ai-draft;gnn-v3+flavordb,tomato soup|kidney bean|tomato sauce|butter bean|taco sauce|chili bean|rigatoni noodle,,"confidence=low (taste=GNN default, needs human review)"
white chocolate,,sour|sweet|umami,,,ai-draft;gnn-v3+flavordb,milk chocolate|bittersweet|cocoa butter|peppermint candie|peppermint schnapp|matcha powder|white chocolate curl,,"confidence=low (taste=GNN default, needs human review)"
white wine vinegar,fruity,,,,ai-draft;gnn-v3+flavordb,anchovy|torn red leaf lettuce|flat-leafed parsley|coarse grain mustard|chicken stock|parmesan|mushroom,,
cottage cheese,,sour|sweet|umami,smooth,,ai-draft;gnn-v3+flavordb,lasagna noodle|orange jello|lime jello|spaghetti sauce|parmesan|lime gelatin|wheat lasagna noodle,,"confidence=low (taste=GNN default, needs human review)"
margarine,,sour|sweet|umami,,,ai-draft;gnn-v3+flavordb,pineapple|coconut|mozzarella|basil|chocolate cake|oregano|worcestershire sauce,,"confidence=low (taste=GNN default, needs human review)"
garam masala,,,,,ai-draft;gnn-v3+flavordb,turmeric|tomato|ginger|cumin|chicken|coriander|cilantro,,
flour tortilla,,bitter|sour|umami,powdery,,ai-draft;gnn-v3+flavordb,enchilada sauce|green chilie|blend cheese|picante sauce|green enchilada sauce|monterey jack cheese|red enchilada sauce,,"confidence=low (taste=GNN default, needs human review)"
vegetable shortening,,bitter|sour|umami,,,ai-draft;gnn-v3+flavordb,double-acting baking powder|clear vanilla|ice water|baking soda|water boiling|coconut flaked|corn husk,,"confidence=low (taste=GNN default, needs human review)"
whipped topping,,bitter|sour|umami,,,ai-draft;gnn-v3+flavordb,strawberry flavored|orange flavored|graham cracker crust|chocolate covered toffee|gelatin mix|chocolate pudding|chocolate sandwich cookie,,"confidence=low (taste=GNN default, needs human review)"
lemon rind,,sour,juicy,,ai-draft;gnn-v3+flavordb,sweet biscuit crumb|extra-virgin olive oil|chicken|tomato|chicken stock|reduced-calorie whipped topping|parmesan,,
flaked coconut,,sour|sweet|umami,crunchy,,ai-draft;gnn-v3+flavordb,condensed milk|orange candy|graham cracker crumb|orange segment|instant coconut cream pudding|sweet cooking chocolate|red sugar,,"confidence=low (taste=GNN default, needs human review)"
turkey breast,,bitter|sour|umami,,,ai-draft;gnn-v3+flavordb,miracle whip light dressing|multi-grain bread|thin tomato|leaf|miracle whip dressing family|leaf lettuce leave|wheat sandwich roll,,"confidence=low (taste=GNN default, needs human review)"
pepperoni,,sour|sweet|umami,,,ai-draft;gnn-v3+flavordb,pizza sauce|mozzarella|provolone cheese|rigatoni noodle|spaghetti sauce|bread dough|pizza cheese,,"confidence=low (taste=GNN default, needs human review)"
wheat flour,,sour|sweet|umami,powdery,,ai-draft;gnn-v3+flavordb,unsweetened applesauce|baking soda|flaxseed|applesauce|nonfat dry milk powder|soymilk|vital wheat gluten,,"confidence=low (taste=GNN default, needs human review)"
sauce,,bitter|sour|umami,smooth,,ai-draft;gnn-v3+flavordb,worcestershire sauce|grill seasoning|blue cheese dressing|cheese dressing|bleu cheese salad dressing|clamato juice|shrimp,,"confidence=low (taste=GNN default, needs human review)"
black peppercorn,,sour|sweet|umami,,,ai-draft;gnn-v3+flavordb,parsley stem|bay leaf|fenugreek|brown chicken|coriander seed|fennel seed|star anise,,"confidence=low (taste=GNN default, needs human review)"
corn tortilla,,bitter|sour|umami,,,ai-draft;gnn-v3+flavordb,enchilada sauce|green enchilada sauce|green chili salsa|red enchilada sauce|green chilie|green chile salsa|cumin,,"confidence=low (taste=GNN default, needs human review)"
pepper sauce,,sour|sweet|umami,smooth,,ai-draft;gnn-v3+flavordb,worcestershire sauce|lemon butter|vegetable juice cocktail|regular long grain rice|pepperoni|imitation crab|barbq sauce,,"confidence=low (taste=GNN default, needs human review)"
red chili pepper,,sour|sweet|umami,,,ai-draft;gnn-v3+flavordb,fish sauce|lemongrass|palm sugar|shrimp paste|lime leave|cilantro root|long bean,,"confidence=low (taste=GNN default, needs human review)"
romano cheese,,sour|sweet|umami,smooth,,ai-draft;gnn-v3+flavordb,italian sausage|bucatini pasta|italian pork sausage|basil|parmesan|tomato paste|garlic,,"confidence=low (taste=GNN default, needs human review)"
teriyaki sauce,,bitter|sour|umami,smooth,,ai-draft;gnn-v3+flavordb,light sesame oil|sesame oil|pineapple salsa|tiny new potatoe|snow pea|ginger|liquid smoke flavoring,,"confidence=low (taste=GNN default, needs human review)"
soda water,,sour|sweet|umami,,,ai-draft;gnn-v3+flavordb,simple syrup|gin|white grape juice|lemon wheel|lemonade concentrate|campari|limeade,,"confidence=low (taste=GNN default, needs human review)"
brown rice,,sour|sweet|umami,,,ai-draft;gnn-v3+flavordb,lentil|black bean|edamame|sesame oil|vegetable bouillon cube|soy sauce|brown lentil,,"confidence=low (taste=GNN default, needs human review)"
cream of chicken soup,,umami|sour,smooth,,ai-draft;gnn-v3+flavordb,chicken|hash brown potatoe|ro-tel tomatoe|corn flake|herb stuffing|herb stuffing mix|fryer,,"confidence=low (taste=GNN default, needs human review)"
firm tofu,,bitter|sour|umami,,,ai-draft;gnn-v3+flavordb,light miso|shiitake|miso|vegan cheese|soy sauce|nutritional yeast|enoki mushroom,,"confidence=low (taste=GNN default, needs human review)"
sherry,,sweet|sour|umami,,,ai-draft;gnn-v3+flavordb,soy sauce|ginger|cornstarch|sesame oil|chicken stock|peanut oil|red pepper,,"confidence=low (taste=GNN default, needs human review)"
hoisin,,,,,ai-draft;gnn-v3+flavordb,sesame oil|five-spice powder|rice vinegar|plum sauce|chinese chili paste|asian chili sauce|ginger,,
italian salad dressing,,sour|sweet|umami,,,ai-draft;gnn-v3+flavordb,caulifloweret|olive|pepperoncini pepper|cauliflower floweret|spiral pasta|chili powder|brown sugar,,"confidence=low (taste=GNN default, needs human review)"
cream of mushroom soup,,sweet|umami,smooth,,ai-draft;gnn-v3+flavordb,ro-tel tomatoe|onion soup|broccoli|chicken|mushroom|chicken rice soup|jalapeno cheez whiz,,"confidence=low (taste=GNN default, needs human review)"
swiss cheese,,sour|sweet|umami,smooth,,ai-draft;gnn-v3+flavordb,rye bread|corned beef|ham|poppy seed|deli turkey|herb seasoned stuffing mix|honey ham,,"confidence=low (taste=GNN default, needs human review)"
sherry vinegar,,sour,,,ai-draft;gnn-v3+flavordb,chorizo|extra-virgin olive oil|marcona almond|walnut oil|piquillo pepper|hazelnut oil|shallot,,
parsley flake,,sour|sweet|umami,,,ai-draft;gnn-v3+flavordb,celery flake|onion flake|lasagna noodle|parmesan|chicken bouillon cube|achiote powder|russet potatoe,,"confidence=low (taste=GNN default, needs human review)"
yeast,,,,,ai-draft;gnn-v3+flavordb,strong white bread flour|very water|potato water|tepid water|milk powder|vital wheat gluten|potato flake,,
liquid smoke,,,,,ai-draft;gnn-v3+flavordb,morton tender quick salt|curing salt|beef brisket|worcestershire sauce|red salmon|onion salt|ketchup,,
marinara sauce,,bitter|sour|umami,smooth,,ai-draft;gnn-v3+flavordb,mozzarella|parmesan|ricotta|mozzarella string cheese|jumbo pasta shell|eggplant|italian sausage,,"confidence=low (taste=GNN default, needs human review)"
red chili,,bitter|sour|umami,,,ai-draft;gnn-v3+flavordb,fish sauce|lime leaf|rice vermicelli noodle|rice powder|palm sugar|corn cob|rice noodle,,"confidence=low (taste=GNN default, needs human review)"
velveeta cheese,,sour|sweet|umami,smooth,,ai-draft;gnn-v3+flavordb,ro-tel tomatoe|party rye bread|jalapeno relish|hormel chili without bean|hormel chili|broccoli|sausage,,"confidence=low (taste=GNN default, needs human review)"
yellow cake,,bitter|sour|umami,,,ai-draft;gnn-v3+flavordb,vanilla pudding|vanilla instant pudding|cherry pie filling|instant vanilla pudding|coconut instant pudding|pineapple|instant coconut cream pudding,,"confidence=low (taste=GNN default, needs human review)"
flat-leaf parsley,,sour|sweet|umami,crisp,,ai-draft;gnn-v3+flavordb,extra-virgin olive oil|littleneck clam|freshly pepper|capers|country bread|red chile flake|anchovy fillet,,"confidence=low (taste=GNN default, needs human review)"
mustard powder,,sour|sweet|umami,powdery,,ai-draft;gnn-v3+flavordb,cayenne pepper|baby back pork rib|apple cider vinegar|brown mustard seed|runner bean|pulled pork|onion powder,,"confidence=low (taste=GNN default, needs human review)"
red chili powder,,bitter|sour|umami,powdery,,ai-draft;gnn-v3+flavordb,ginger-garlic|ginger paste|coriander powder|mango powder|asafoetida powder|fenugreek leave|turmeric,,"confidence=low (taste=GNN default, needs human review)"
mirin,,,,,ai-draft;gnn-v3+flavordb,sake|soy sauce|burdock root|miso|lotus root|dashi stock|sesame oil,,
provolone cheese,,sour|sweet|umami,smooth,,ai-draft;gnn-v3+flavordb,pepperoni|pepperoncini pepper|deli roast beef|pepperoncini|pepperoni sausage|cherry pepper|deli turkey,,"confidence=low (taste=GNN default, needs human review)"
chocolate syrup,,sour|sweet|umami,viscous,,ai-draft;gnn-v3+flavordb,chocolate ice cream|vanilla ice cream|scoop ice cream|milky|chocolate liqueur|whipped cream|coffee ice cream,,"confidence=low (taste=GNN default, needs human review)"
cake,,bitter|sour|umami,,,ai-draft;gnn-v3+flavordb,strawberry glaze|crumb topping|butterfinger|reduced-fat whipped topping|eggs at|salted|glaze,,"confidence=low (taste=GNN default, needs human review)"
italian dressing,,,,,ai-draft;gnn-v3+flavordb,boneless skinless chicken breast|rotini noodle|fully ripe avocado|tomato|linguine noodle|coating mix|broccoli floweret,,
mustard seed,,sour|sweet|umami,crunchy,,ai-draft;gnn-v3+flavordb,asafoetida powder|curry|tamarind pulp|curry leaf|jaggery|mustard oil|dill seed,,"confidence=low (taste=GNN default, needs human review)"
pizza sauce,,bitter|sour|umami,smooth,,ai-draft;gnn-v3+flavordb,pepperoni|mozzarella|turkey pepperoni|pizza cheese|pepperoni sausage|rigatoni noodle|string cheese,,"confidence=low (taste=GNN default, needs human review)"
chili flake,,bitter|sour|umami,,,ai-draft;gnn-v3+flavordb,rice powder|hawaiian salt|satay sauce|yuzu juice|brown sugar|worcestershire sauce|boiling water,,"confidence=low (taste=GNN default, needs human review)"
green chili,,bitter|sour|umami,,,ai-draft;gnn-v3+flavordb,mango powder|creamed coconut|ginger paste|ginger-garlic|coriander powder|turmeric|green coriander,,"confidence=low (taste=GNN default, needs human review)"
american cheese,,sour|sweet|umami,smooth,,ai-draft;gnn-v3+flavordb,buttered crumb|beef|parmesan|chicken stock|corned beef|tomato paste|shrimp,,"confidence=low (taste=GNN default, needs human review)"
ghee,fatty,,,peach|coconut|lactonic|apricot|fatty|creamy|fruity,ai-draft;gnn-v3+flavordb,cardamom powder|turmeric|asafoetida powder|black mustard seed|coriander powder|yellow lentil|red chili powder,,
mascarpone cheese,,sour|sweet|umami,smooth,,ai-draft;gnn-v3+flavordb,ladyfinger cookie|coffee liqueur|amaretti cookie|marsala wine|white chocolate curl|espresso powder|dessert wine,,"confidence=low (taste=GNN default, needs human review)"
peache,,sour|sweet|umami,,,ai-draft;gnn-v3+flavordb,peach juice|reserved juice|peach yogurt|peach jello|regular vanilla pudding|chicken|tomato,,"confidence=low (taste=GNN default, needs human review)"
lemon pepper,,sour|sweet|umami,juicy,,ai-draft;gnn-v3+flavordb,original hidden|achiote powder|dill|buttermilk dressing|hidden valley dressing|catfish fillet|green pepper,,"confidence=low (taste=GNN default, needs human review)"
broccoli floret,,bitter|sour|umami,,,ai-draft;gnn-v3+flavordb,caulifloweret|cauliflower floret|boneless skinless chicken breast|carrots target|rotini pasta|fry|sesame dressing,,"confidence=low (taste=GNN default, needs human review)"
picante sauce,,bitter|sour|umami,smooth,,ai-draft;gnn-v3+flavordb,flour tortilla|bean dip|bean|grnd cumin|avocado dip|monterey jack cheese|pinto bean,,"confidence=low (taste=GNN default, needs human review)"
red chilie,,bitter|sour|umami,,,ai-draft;gnn-v3+flavordb,tamarind pulp|fenugreek|lemongrass|galangal|tamarind paste|turmeric|tamarind juice,,"confidence=low (taste=GNN default, needs human review)"
cake mix,,bitter|sour|umami,,,ai-draft;gnn-v3+flavordb,chocolate pudding|cherry pie filling|chocolate candie|lemon pie filling|instant chocolate pudding|chocolate instant pudding|vanilla frosting,,"confidence=low (taste=GNN default, needs human review)"
freshly squeezed lemon juice,,sour,smooth,,ai-draft;gnn-v3+flavordb,freshly black pepper|sesame tahini|flat-leaf parsley|chicken|simple syrup|orange bitters|extra-virgin olive oil,,
light sour cream,,bitter|sour|umami,smooth,,ai-draft;gnn-v3+flavordb,canola mayonnaise|extra lean beef|light cream cheese|brown sugar|italian sausage|boiling water|chili sauce,,"confidence=low (taste=GNN default, needs human review)"
nonfat yogurt,,sour|sweet|umami,oily,,ai-draft;gnn-v3+flavordb,dillweed|lemon glaze|fish sauce|chili powder|worcestershire sauce|green chilie|tabasco sauce,,"confidence=low (taste=GNN default, needs human review)"
taco sauce,,bitter|sour|umami,smooth,,ai-draft;gnn-v3+flavordb,lettuce|bean|beef|taco cheese|green chilie|olive|corn chip,,"confidence=low (taste=GNN default, needs human review)"
tarragon,green,,,anise|sweet|green|herbal|fennel|licorice,ai-draft;gnn-v3+flavordb,tarragon vinegar|bearnaise sauce|cornichon|white wine|live lobster|shallot|lobster,shared anethole/estragole anise axis links it to fennel & basil,dominant=estragole/methyl chavicol (PubChem CID 8815); anise-herbal
yellow cornmeal,,sour|sweet|umami,,,ai-draft;gnn-v3+flavordb,yellow cream|catfish fillet|cream-style corn|cream-style|buttermilk|well-shaken buttermilk|green jalapeno,,"confidence=low (taste=GNN default, needs human review)"
lasagna noodle,,sweet|sour|umami,,,ai-draft;gnn-v3+flavordb,mozzarella|ricotta|spaghetti sauce|cottage cheese|parmesan|tomato paste|italian sausage,,"confidence=low (taste=GNN default, needs human review)"
pine nut,,sour|sweet|umami,crunchy,,ai-draft;gnn-v3+flavordb,parmesean cheese|grape leave|extra-virgin olive oil|basil|golden raisin|lean lamb|freshly pecorino,,"confidence=low (taste=GNN default, needs human review)"
cherry pie filling,,bitter|sour|umami,,,ai-draft;gnn-v3+flavordb,dream whip|yellow cake mix|chocolate fudge cake mix|crumb crust|almond extract|yellow cake|white cake mix,,"confidence=low (taste=GNN default, needs human review)"
condensed milk,,bitter|sour|umami,smooth,,ai-draft;gnn-v3+flavordb,graham cracker crumb|graham cracker crust|lemon juice from concentrate|butterscotch chip|graham cracker pie crust|semisweet chocolate chip|flaked coconut,,"confidence=low (taste=GNN default, needs human review)"
goat cheese,,sour|sweet|umami,smooth,,ai-draft;gnn-v3+flavordb,balsamic vinegar|candied walnut|candied pecan|chicken|shallot|chicken stock|balsamic glaze,,"confidence=low (taste=GNN default, needs human review)"
sweet chili sauce,,bitter|sour|umami,smooth,,ai-draft;gnn-v3+flavordb,rice vermicelli noodle|fish sauce|hokkien noodle|vermicelli rice noodle|sweet soy sauce|pork mince|bean sprout,,"confidence=low (taste=GNN default, needs human review)"
tomato juice,fruity,,smooth,,ai-draft;gnn-v3+flavordb,beef|chili bean|tomato|tomato paste|chicken|chili seasoning|parmesan,,
peppercorn,,sour|sweet|umami,,,ai-draft;gnn-v3+flavordb,bay leaf|chicken carcass|parsley stem|parsley root|chicken back|celery top|star anise,,"confidence=low (taste=GNN default, needs human review)"
kernel corn,,sour|sweet|umami,,,ai-draft;gnn-v3+flavordb,cream-style corn|cream-style|cornbread|barbecue beef|cream corn|corn muffin|cornbread mix,,"confidence=low (taste=GNN default, needs human review)"
brown mustard,,sour|sweet|umami,,,ai-draft;gnn-v3+flavordb,cornbread stuffing|vegetarian baked bean|country-style pork rib|cayenne pepper sauce|kosher dill pickle|fish sauce|country-style pork,,"confidence=low (taste=GNN default, needs human review)"
graham cracker crust,,sour|sweet|umami,,,ai-draft;gnn-v3+flavordb,whipped topping|cream cheese|condensed milk|realemon juice|reduced-fat whipped topping|cool whip|lemonade,,"confidence=low (taste=GNN default, needs human review)"
milk chocolate,,sour|sweet|umami,smooth,,ai-draft;gnn-v3+flavordb,white chocolate|chocolate|chili powder|boiling water|graham cracker sheet|bittersweet|maple syrup,,"confidence=low (taste=GNN default, needs human review)"
penne pasta,,sour|sweet|umami,,,ai-draft;gnn-v3+flavordb,parmesan|grilled chicken|italian sausage|alfredo sauce|italian pork sausage|vodka sauce|chicken sausage,,"confidence=low (taste=GNN default, needs human review)"
active dry yeast,,,,,ai-draft;gnn-v3+flavordb,pearl sugar|nonfat dry milk powder|vital wheat gluten|very water|unbleached bread|rye flour|tepid water,,
unflavored gelatin,,,,,ai-draft;gnn-v3+flavordb,cream|boiling water|eggnog|white grape juice|sherry wine|raspberry gelatin|chocolate wafer crumb,,
pasta sauce,,sour|sweet|umami,smooth,,ai-draft;gnn-v3+flavordb,extra-lean beef king sooper|extra lean beef|mozzarella|ricotta|italian sausage|light ricotta cheese|cheese ravioli,,"confidence=low (taste=GNN default, needs human review)"
tomato ketchup,,sour|sweet|umami,,,ai-draft;gnn-v3+flavordb,chilli sauce|brown sauce|extra lean beef|sesame seed hamburger|worcester sauce|sweet chilli sauce|beef pattie,,"confidence=low (taste=GNN default, needs human review)"
low-fat sour cream,,bitter|sour|umami,oily,,ai-draft;gnn-v3+flavordb,weight mushroom|dillweed|low-fat milk|soy crumble|low-fat chicken broth|vegetarian refried bean|boiling water,,"confidence=low (taste=GNN default, needs human review)"
mussel,,bitter|sour|umami,,,ai-draft;gnn-v3+flavordb,saffron|white wine|crusty bread|seafood stock|monkfish|shrimp|littleneck clam,,"confidence=low (taste=GNN default, needs human review)"
steak sauce,,bitter|sour|umami,smooth,,ai-draft;gnn-v3+flavordb,leaf lettuce leave|ketchup|tomato-vegetable juice cocktail|pickapeppa sauce|beef stock|maple syrup|corn syrup,,"confidence=low (taste=GNN default, needs human review)"
soymilk,,bitter|sour|umami,smooth,,ai-draft;gnn-v3+flavordb,soy margarine|vegan sugar|soy yogurt|nutritional yeast|flaxseed|soy cheese|wheat pastry flour,,"confidence=low (taste=GNN default, needs human review)"
sunflower oil,,sour|sweet|umami,oily,,ai-draft;gnn-v3+flavordb,root ginger|bacon rasher|sweet corn|chilli pepper|bean sprout|mixed pepper|red chilli pepper,,"confidence=low (taste=GNN default, needs human review)"
tahini,,,,,ai-draft;gnn-v3+flavordb,chickpea|garbanzo bean|pita bread|chili oil|sichuan peppercorn|wheat pita|miso,,
celery salt,woody,,crystalline,,ai-draft;gnn-v3+flavordb,clamato juice|box wheat chex|worcestershire sauce|liquid smoke|tomato juice|onion salt|beef brisket,,
chilie,,bitter|sour|umami,,,ai-draft;gnn-v3+flavordb,galangal|jack cheese|tamarind juice|guajillo chilie|fish sauce|lemongrass|palm sugar,,"confidence=low (taste=GNN default, needs human review)"
corn kernel,,sour|sweet|umami,,,ai-draft;gnn-v3+flavordb,poblano chilie|yellow cornmeal|cilantro|cumin|tasty cheese|stone- yellow cornmeal|poblano pepper,,"confidence=low (taste=GNN default, needs human review)"
white fish,,bitter|sour|umami,tender,,ai-draft;gnn-v3+flavordb,lemon wedge|crumbled saffron thread|kaffir lime|long red chili pepper|steamed rice|cajun spice mix|fish sauce,,"confidence=low (taste=GNN default, needs human review)"
sunflower seed,,sour|sweet|umami,crunchy,,ai-draft;gnn-v3+flavordb,beef flavor|chicken-flavored ramen noodle|ramen noodle|broccoli slaw|chicken ramen noodle|broccoli coleslaw|raisin,,"confidence=low (taste=GNN default, needs human review)"
graham cracker,,sour|sweet|umami,,,ai-draft;gnn-v3+flavordb,milk chocolate frosting|chocolate icing|chocolate frosting|french vanilla pudding|candied fruit|dream whip|blueberry pie mix,,"confidence=low (taste=GNN default, needs human review)"
almond extract,,sour|sweet|umami,,,ai-draft;gnn-v3+flavordb,chocolate fudge cake mix|cherry pie filling|lemon extract|whipping|maraschino cherry juice|cream of tartar|almond paste,,"confidence=low (taste=GNN default, needs human review)"
syrup,,bitter|sour|umami,viscous,,ai-draft;gnn-v3+flavordb,fluid tequila|salted|popcorn|orange curacao|orange blossom water|cinnamon syrup|onion,,"confidence=low (taste=GNN default, needs human review)"
cornflour,,sweet,powdery,,ai-draft;gnn-v3+flavordb,sweet biscuit crumb|soya sauce|custard powder|vanilla essence|ginger-garlic|chilli sauce|light soya sauce,,
lemon wedge,,sour,juicy,,ai-draft;gnn-v3+flavordb,tartar sauce|live lobster|catfish fillet|firm white fish|white fish|littleneck clam|shrimp,,
marinade,,,,,ai-draft;gnn-v3+flavordb,fry|soy sauce|oyster sauce|seasoning sauce|sake|peanut sauce|sesame oil,,
yellow cake mix,,bitter|sour|umami,,,ai-draft;gnn-v3+flavordb,cherry pie filling|vanilla instant pudding|instant vanilla pudding|vanilla pudding|instant coconut pudding|vanilla instant pudding mix|pineapple,,"confidence=low (taste=GNN default, needs human review)"
brandy,fruity,,,fragrant|bread|woody|sweet|baked|almond|lard,ai-draft;gnn-v3+flavordb,beef suet|green peppercorn|chicken liver|rose wine|shrimp shell|peel|eggnog,,
green chili pepper,,sour|sweet|umami,,,ai-draft;gnn-v3+flavordb,cilantro freshly|mango powder|paneer cheese|enchilada sauce|ghee|corn tortilla|asafoetida powder,,"confidence=low (taste=GNN default, needs human review)"
simple syrup,,bitter|sour|umami,viscous,,ai-draft;gnn-v3+flavordb,gin|orange bitters|lemon wheel|beefeater|ginger beer|lime wheel|tequila,,"confidence=low (taste=GNN default, needs human review)"
splenda sugar substitute,,sweet,crystalline,,ai-draft;gnn-v3+flavordb,egg beater|light vanilla soymilk|protein powder|nonfat milk|unsweetened applesauce|egg substitute|vanilla whey,,
tomato soup,fruity,,,,ai-draft;gnn-v3+flavordb,beef|hamburger|green pepper|hamburg|chili beef soup|worcestershire sauce|gelatine,,
caraway seed,,bitter|sour,crunchy,,ai-draft;gnn-v3+flavordb,rye flour|dark rye flour|red cabbage|rye bread|green cabbage|gluten flour|kielbasa sausage,,
chili paste,,bitter|sour|umami,viscous,,ai-draft;gnn-v3+flavordb,fish sauce|hoisin|rice vinegar|glass noodle|chinese black vinegar|lemongrass|sesame oil,,"confidence=low (taste=GNN default, needs human review)"
palm sugar,,sweet,crystalline,,ai-draft;gnn-v3+flavordb,fish sauce|tamarind juice|galangal|lemongrass|shrimp paste|cilantro root|candlenut,,
rice noodle,,sour|sweet|umami,,,ai-draft;gnn-v3+flavordb,fish sauce|bean sprout|prawn|thai basil|lemongrass|black soy sauce|tamarind paste,,"confidence=low (taste=GNN default, needs human review)"
fennel seed,,sour|sweet|umami,crunchy,,ai-draft;gnn-v3+flavordb,black peppercorn|nigella seed|white peppercorn|anise seed|onion seed|pork fatback|sausage casing,,"confidence=low (taste=GNN default, needs human review)"
fruit,,sour|sweet|umami,juicy,,ai-draft;gnn-v3+flavordb,roll sugar cookie|sugar cookie|flavored yogurt|fruit juice|sweet biscuit crumb|refrigerated sugar cookie dough|honeydew melon,,"confidence=low (taste=GNN default, needs human review)"
shortening,,bitter|sour|umami,,,ai-draft;gnn-v3+flavordb,pecan|vinegar|buttermilk|pineapple|powdered sugar|coconut|margarine,,"confidence=low (taste=GNN default, needs human review)"
egg substitute,,bitter|sour|umami,,,ai-draft;gnn-v3+flavordb,nonfat buttermilk|vanilla nonfat yogurt|unsweetened applesauce|nonfat milk|low-fat swiss cheese|vegan sugar|lemon glaze,,"confidence=low (taste=GNN default, needs human review)"
unsweetened coconut milk,,sour|sweet|umami,smooth,,ai-draft;gnn-v3+flavordb,red curry|fish sauce|green curry|chinese chili sauce|lemongrass|habanero sauce|curry powder,,"confidence=low (taste=GNN default, needs human review)"
pork tenderloin,fatty,sour,tender,,ai-draft;gnn-v3+flavordb,soy sauce|bottled ginger|sesame dressing|dark sesame oil|hoisin|chicken stock|tomato,,
coriander powder,fatty,sweet,powdery,,ai-draft;gnn-v3+flavordb,red chili powder|mango powder|ginger-garlic|ginger paste|cumin powder|ghee|fennel powder,,
white bread,,bitter|sour|umami,,,ai-draft;gnn-v3+flavordb,romesco sauce|bulk sausage|pork sausage|sausage|mustard|deli turkey|garlic,,"confidence=low (taste=GNN default, needs human review)"
bourbon,fruity,,,,ai-draft;gnn-v3+flavordb,orange bitters|bread pudding|whiskey sauce|orange twist|lemon twist|salted|ginger beer,,
coconut cream,,sour|sweet|umami,smooth,,ai-draft;gnn-v3+flavordb,green curry|red curry|galangal|fish sauce|kaffir lime|long red chilie|coriander root,,"confidence=low (taste=GNN default, needs human review)"
romaine lettuce,,sour|umami,,,ai-draft;gnn-v3+flavordb,caesar salad dressing|caesar dressing|anchovy|dressing|avocado|oscar mayer bacon|red wine vinegar,,
cream-style,,sour|sweet|umami,smooth,,ai-draft;gnn-v3+flavordb,corn muffin|kernel corn|barbecue beef|barbecue pork|yellow cornmeal|cornbread mix|cornmeal mix,,"confidence=low (taste=GNN default, needs human review)"
cumin powder,woody,,powdery,,ai-draft;gnn-v3+flavordb,mango powder|coriander powder|fennel powder|red chili powder|ginger paste|ginger-garlic|mustard oil,,
marjoram,green,,,woody|herbal|peppery|warm|sweet|spicy,ai-draft;gnn-v3+flavordb,flour|garlic|onion|basil|thyme|rosemary|tomato paste,"terpene overlap (terpinen-4-ol) bonds it to thyme, rosemary, oregano","dominant=terpinen-4-ol (PubChem CID verify); + sabinene hydrate; CIDs: sabinene=18818, terpinen-4-ol=11230"
weight cream cheese,,sour|sweet|umami,smooth,,ai-draft;gnn-v3+flavordb,eggs at|weight white chocolate|weight chocolate|weight white chocolate chip|weight bittersweet chocolate|weight semisweet chocolate|crumb topping,,"confidence=low (taste=GNN default, needs human review)"
chorizo sausage,,sour|sweet|umami,,,ai-draft;gnn-v3+flavordb,asadero cheese|oaxaca cheese|manchego cheese|powdered saffron|four cheese|spanish olive oil|saffron rice,,"confidence=low (taste=GNN default, needs human review)"
crabmeat,,sour|sweet|umami,tender,,ai-draft;gnn-v3+flavordb,english cheese spread|cocktail sauce|english cheese|cream-style horseradish|shrimp|mayonnaise|seafood sauce,,"confidence=low (taste=GNN default, needs human review)"
dipping sauce,,bitter|sour|umami,smooth,,ai-draft;gnn-v3+flavordb,rice paper|fish sauce|soy sauce|rice vinegar|rice vermicelli|egg roll|sesame oil,,"confidence=low (taste=GNN default, needs human review)"
cake flour,,sweet,powdery,,ai-draft;gnn-v3+flavordb,cream of tartar|egg white|buttermilk|baking soda|hickory nut|baking powder|lemon flavoring,,
red potatoe,,sour|sweet|umami,,,ai-draft;gnn-v3+flavordb,crab boil|corned beef brisket|baby carrot|shrimp boil|rosemary|light coconut milk|coconut oil,,"confidence=low (taste=GNN default, needs human review)"
semi-sweet chocolate,,sour|sweet|umami,,,ai-draft;gnn-v3+flavordb,butterscotch|cake paraffin|white baking|boiling water|chili powder|cherry pie filling|plain yogurt,,"confidence=low (taste=GNN default, needs human review)"
white cake,,bitter|sour|umami,,,ai-draft;gnn-v3+flavordb,blackberry wine|cream of coconut|instant coconut cream pudding|lemon frosting|strawberry flavored|vanilla frosting|strawberry soda,,"confidence=low (taste=GNN default, needs human review)"
butternut squash,,bitter|sour|umami,oily,,ai-draft;gnn-v3+flavordb,sage|vegetable stock|seeded serrano chile|sage leaf|chicken stock|leek|bechamel,,"confidence=low (taste=GNN default, needs human review)"
chili bean,,bitter|sour|umami,crunchy,,ai-draft;gnn-v3+flavordb,kidney bean|corn chip|tomato sauce|beef|fritos corn chip|tomato juice|dark red kidney bean,,"confidence=low (taste=GNN default, needs human review)"
jumbo shrimp,,sour|sweet|umami,tender,,ai-draft;gnn-v3+flavordb,pineapple salsa|lime juiced|brown sugar|maple syrup|chinese cooking wine|boiling water|vegetable,,"confidence=low (taste=GNN default, needs human review)"
chili oil,,bitter|sour|umami,oily,,ai-draft;gnn-v3+flavordb,sichuan peppercorn|rice vinegar|szechuan peppercorn|chinese black vinegar|soy sauce|black vinegar|black soy sauce,,"confidence=low (taste=GNN default, needs human review)"
ginger ale,,sour|sweet|umami,,,ai-draft;gnn-v3+flavordb,pineapple juice|lemonade|sherbet|lime sherbet|pineapple sherbet|cranberry juice cocktail|cranberry juice,,"confidence=low (taste=GNN default, needs human review)"
white chocolate chip,,sour|sweet|umami,,,ai-draft;gnn-v3+flavordb,milk chocolate chip|craisin|baking soda|peppermint candie|crispy rice cereal|boiling water|cherry pie filling,,"confidence=low (taste=GNN default, needs human review)"
wine vinegar,,sour,,,ai-draft;gnn-v3+flavordb,salad oil|chicken|anchovy|soy sauce|parmesan|chicken stock|beef,,
dark sesame oil,,sour|sweet|umami,oily,,ai-draft;gnn-v3+flavordb,bottled ginger|rice vinegar|soy sauce|chili garlic|julienne-cut carrot|chili paste with garlic|sesame,,"confidence=low (taste=GNN default, needs human review)"
milk chocolate chip,,sour|sweet|umami,smooth,,ai-draft;gnn-v3+flavordb,white chocolate chip|golden grahams cereal|semisweet chocolate chip|chocolate layer|butterscotch chip|white almond bark|white baking chip,,"confidence=low (taste=GNN default, needs human review)"
poppy seed,,sour|sweet|umami,crunchy,,ai-draft;gnn-v3+flavordb,coconut pudding|coconut instant pudding|instant coconut pudding|lemon cake mix|lemon glaze|instant coconut cream pudding|swiss cheese,,"confidence=low (taste=GNN default, needs human review)"
chocolate cake,,sour|sweet|umami,,,ai-draft;gnn-v3+flavordb,coconut pecan frosting|evaporated milk|butterscotch topping|chocolate|chocolate pudding|butterfinger|caramel ice cream topping,,"confidence=low (taste=GNN default, needs human review)"
bean sprout,green,sweet,crunchy,,ai-draft;gnn-v3+flavordb,rice noodle|rice vermicelli noodle|fish sauce|egg roll skin|soy sauce|egg roll|rice vermicelli,,
chocolate pudding,,sour|sweet|umami,,,ai-draft;gnn-v3+flavordb,chocolate cake mix|vanilla pudding|whipped topping|chocolate cake|cake mix|kahlua|oreo cookie,,"confidence=low (taste=GNN default, needs human review)"
enchilada sauce,,sour|umami,smooth,,ai-draft;gnn-v3+flavordb,corn tortilla|flour tortilla|green chilie|blend cheese|beef|corn chip|cheese blend,,
green cabbage,green,,,,ai-draft;gnn-v3+flavordb,celery seed|red cabbage|apple cider vinegar|caraway seed|white corn tortilla|brisket of beef|carrot,,
pork shoulder,fatty,sour,tender,,ai-draft;gnn-v3+flavordb,guajillo chili|sour orange juice|guajillo chilie|achiote paste|mexico chile|ancho chili|bay leaf,,
alfredo sauce,,bitter|sour|umami,smooth,,ai-draft;gnn-v3+flavordb,parmesan|italian cheese blend|cheese ravioli|lasagna noodle|broccoli carrots cauliflower|parmesian cheese|mozzarella,,"confidence=low (taste=GNN default, needs human review)"
serrano pepper,,sour|sweet|umami,,,ai-draft;gnn-v3+flavordb,maui onion|cilantro|asadero cheese|lime|chayote squash|lime juice|clamato juice,,"confidence=low (taste=GNN default, needs human review)"
sweet italian sausage,,sour|sweet|umami,,,ai-draft;gnn-v3+flavordb,italian plum tomatoe|broccoli rabe|pecorino romano cheese|bowtie pasta|cubanelle pepper|ricotta|rigatoni pasta,,"confidence=low (taste=GNN default, needs human review)"
tequila,,,,,ai-draft;gnn-v3+flavordb,triple sec|limeade|lime juice|orange liqueur|simple syrup|lime wheel|lime wedge,,
fenugreek,fatty,sour,,maple|curry|caramel|nutty|sweet,ai-draft;gnn-v3+flavordb,asafoetida powder|mustard oil|tamarind pulp|curry|onion seed|nigella seed|red chilie,sotolone is the curry-maple backbone; ties to mustard/tamarind masalas,dominant=sotolone (PubChem CID verify); maple/curry lactone; CIDs: sotolone=62835
low-fat buttermilk,,sour|sweet|umami,oily,,ai-draft;gnn-v3+flavordb,reduced-calorie whipped topping|baking soda|egg substitute|canola mayonnaise|ripe banana|baking powder|yellow cornmeal,,"confidence=low (taste=GNN default, needs human review)"
macaroni,,,,odorless|bitter,ai-draft;gnn-v3+flavordb,mozzarella|basil|hamburger|tomato sauce|mushroom|ham|cayenne pepper,,
onion soup,green,,,,ai-draft;gnn-v3+flavordb,beef bouillon soup|cream of mushroom soup|beef roast|apricot preserve|chuck roast|beef consomme|roast,,
salad dressing,,sour|sweet|umami,,,ai-draft;gnn-v3+flavordb,lettuce|apricot preserve|torn iceberg lettuce|sweet pickle juice|bacon bit|mushroom|celery,,"confidence=low (taste=GNN default, needs human review)"
crunchy peanut butter,,sour|sweet|umami,oily,,ai-draft;gnn-v3+flavordb,almond bark|sweet chilli sauce|cake paraffin|satay sauce|rice krispie|chocolate|chilli sauce,,"confidence=low (taste=GNN default, needs human review)"
gelatin,,,,,ai-draft;gnn-v3+flavordb,boiling water|water boiling|raspberry puree|angel cake|tomato|chicken|vanilla creme,,
ginger paste,,sour|sweet|umami,viscous,,ai-draft;gnn-v3+flavordb,red chili powder|coriander powder|mustard oil|turmeric|cumin powder|fenugreek leave|fennel powder,,"confidence=low (taste=GNN default, needs human review)"
light coconut milk,,sour|sweet|umami,smooth,,ai-draft;gnn-v3+flavordb,red curry|green curry|fish sauce|curry powder|lime rind|thai chili paste|bottled ginger,,"confidence=low (taste=GNN default, needs human review)"
red curry,,,,,ai-draft;gnn-v3+flavordb,coconut milk|fish sauce|light coconut milk|unsweetened coconut milk|lime leave|palm sugar|lime leaf,,
vanilla pudding,woody,sweet|umami,,,ai-draft;gnn-v3+flavordb,peach juice|chocolate pudding|reserved juice|yellow cake|mandarin orange|vanilla wafer|yellow cake mix,,"confidence=low (taste=GNN default, needs human review)"
beef stew meat,,bitter|sour|umami,tender,,ai-draft;gnn-v3+flavordb,beef stock|wheat egg noodle|carrot|tiny pea|bay leaf|red wine|browning sauce,,"confidence=low (taste=GNN default, needs human review)"
mayo,,,,,ai-draft;gnn-v3+flavordb,bean dip|crabmeat|mixed veggie|vegetable soup|jalapeno bean|vegetable soup mix|bacon bit,,
sugar snap pea,,sour|sweet|umami,crystalline,,ai-draft;gnn-v3+flavordb,baby corn|rice vinegar|fry|italian zesty|sesame oil|long red chilie|chili garlic,,"confidence=low (taste=GNN default, needs human review)"
tamarind paste,,umami,viscous,,ai-draft;gnn-v3+flavordb,fish sauce|palm sugar|jaggery|red chilie|asafoetida powder|black mustard seed|shrimp paste,,
soya sauce,,bitter|sour|umami,smooth,,ai-draft;gnn-v3+flavordb,cornflour|oyster sauce|chinese wine|chilli sauce|red capsicum|ginger-garlic|long bean,,"confidence=low (taste=GNN default, needs human review)"
turbinado sugar,,sweet,crystalline,,ai-draft;gnn-v3+flavordb,egg wash|worcestershire sauce|chili powder|boiling water|vegetable|cream of tartar|graham cracker crumb,,
adobo sauce,,bitter|sour|umami,smooth,,ai-draft;gnn-v3+flavordb,chipotle|fresco cheese|cumin|chipotle chili pepper|peeled sweet potato|cilantro|black bean,,"confidence=low (taste=GNN default, needs human review)"
seasoning salt,,sour|sweet|umami,crystalline,,ai-draft;gnn-v3+flavordb,box wheat chex|english cheese spread|maple syrup|boiling water|o'brien potatoe|worcestershire sauce|browning sauce,,"confidence=low (taste=GNN default, needs human review)"
corn oil,fatty,,oily,fragrant|bread|woody|sweet|baked|almond|orange,ai-draft;gnn-v3+flavordb,popping corn|boneless pork|very milk|onion seed|chicken flavor|chipotle chili pepper|pared apple,,
grain mustard,,sour|sweet|umami,,,ai-draft;gnn-v3+flavordb,cornichon|brown sugar|chili powder|chili sauce|powdered sugar|salad oil|plain yogurt,,"confidence=low (taste=GNN default, needs human review)"
bbq sauce,,bitter|sour|umami,smooth,,ai-draft;gnn-v3+flavordb,liquid smoke|pork sparerib|country-style pork rib|wheat bun|rub|apple cider vinegar|green chilie,,"confidence=low (taste=GNN default, needs human review)"
fontina cheese,,sour|sweet|umami,smooth,,ai-draft;gnn-v3+flavordb,parmesan|peeled sweet potato|portobello|chicken|basil chiffonade|bechamel sauce|freshly black pepper,,"confidence=low (taste=GNN default, needs human review)"
wheat pastry flour,,sour|sweet|umami,powdery,,ai-draft;gnn-v3+flavordb,soymilk|cane juice|unsweetened applesauce|baking soda|freshly cardamom|soy yogurt|cinnamon baking chip,,"confidence=low (taste=GNN default, needs human review)"
almond milk,,sour|sweet|umami,smooth,,ai-draft;gnn-v3+flavordb,chia seed|maca powder|coconut sugar|flaxseed|coconut flour|protein powder|hemp seed,,"confidence=low (taste=GNN default, needs human review)"
chunky peanut butter,,sour|sweet|umami,oily,,ai-draft;gnn-v3+flavordb,thai chili paste|butterfinger|almond bark|peanut|quick-cooking oatmeal|butterscotch chip|chocolate,,"confidence=low (taste=GNN default, needs human review)"
orange rind,fruity,sour,juicy,,ai-draft;gnn-v3+flavordb,orange juice|brazil nut|chicken|soy sauce|tomato|chicken stock|grand marnier,,
porcini,,,,,ai-draft;gnn-v3+flavordb,boiling water|mushroom broth|shiitake|morel mushroom|crimini mushroom|wild mushroom|mushroom stock,,
semisweet chocolate chip,,sour|sweet|umami,,,ai-draft;gnn-v3+flavordb,jif creamy|butterscotch chip|white baking|condensed milk|white baking chip|milk chocolate chip|baking,,"confidence=low (taste=GNN default, needs human review)"
sweet corn,,sour|sweet|umami,,,ai-draft;gnn-v3+flavordb,chilli pepper|edam cheese|knob butter|chilli sauce|sunflower oil|soured cream|chicken fillet,,"confidence=low (taste=GNN default, needs human review)"
cream-style corn,,sour|sweet|umami,smooth,,ai-draft;gnn-v3+flavordb,kernel corn|corn muffin|regular corn|cornmeal|cornbread|barbecue beef|cornmeal mix,,"confidence=low (taste=GNN default, needs human review)"
onion salt,green,,crystalline,,ai-draft;gnn-v3+flavordb,liquid smoke|box wheat chex|beef brisket|garlic salt|celery salt|barbecue beef|barbecue pork,,
pastry,,sour|sweet|umami,,,ai-draft;gnn-v3+flavordb,guava paste|thyme|swiss cheese|feta|mushroom|bacon|shallot,,"confidence=low (taste=GNN default, needs human review)"
asiago cheese,,sour|sweet|umami,smooth,,ai-draft;gnn-v3+flavordb,basil chiffonade|parmesan|portabella mushroom|spinach|beef|balsamic glaze|fontina cheese,,"confidence=low (taste=GNN default, needs human review)"
butterscotch chip,,sour|sweet|umami,oily,,ai-draft;gnn-v3+flavordb,rice krispie|graham cracker crumb|mein noodle|spanish peanut|peanut butter|semisweet chocolate chip|condensed milk,,"confidence=low (taste=GNN default, needs human review)"
cane sugar,,sweet,crystalline,,ai-draft;gnn-v3+flavordb,full-fat coconut milk|freshly cardamom|white peache|chili powder|seltzer water|boiling water|worcestershire sauce,,
corn flake,,sour|sweet|umami,,,ai-draft;gnn-v3+flavordb,hash brown potatoe|cream of chicken soup|red cinnamon|sour cream|white syrup|cinnamon candie|cornstarch,,"confidence=low (taste=GNN default, needs human review)"
cranberry sauce,fruity,,smooth,,ai-draft;gnn-v3+flavordb,turkey gravy|raspberry jello|chili sauce|boiling water|rolled pork|raspberry gelatin|chicken,,
raisin,fruity,,,peach|wine|brandy|waxy|oily|fatty|rum,ai-draft;gnn-v3+flavordb,cinnamon|candied fruit|applesauce|walnut|sunflower seed|whiskey sauce|baking soda,,
caramel sauce,,bitter|sour|umami,smooth,,ai-draft;gnn-v3+flavordb,salted|chocolate sauce|caramel ice cream|freshly whipped cream|vanilla ice cream|fudge sauce|vanilla sauce,,"confidence=low (taste=GNN default, needs human review)"
cracker crumb,,sour|sweet|umami,,,ai-draft;gnn-v3+flavordb,squash|chili powder|boiling water|green chilie|chili sauce|vegetable|italian sausage,,"confidence=low (taste=GNN default, needs human review)"
cranberry juice,fruity,,smooth,,ai-draft;gnn-v3+flavordb,ginger ale|raspberry vodka|vodka|malibu coconut rum|triple sec|melon liqueur|raspberry sherbet,,
nonfat sour cream,,bitter|sour|umami,oily,,ai-draft;gnn-v3+flavordb,soy crumble|corn tortilla chip|egg substitute|worcestershire sauce|no-salt|tabasco sauce|brown sugar,,"confidence=low (taste=GNN default, needs human review)"
pearl barley,,sour|sweet|umami,crisp,,ai-draft;gnn-v3+flavordb,beef soup bone|lentil|beef bouillon granule|porcini|bay leaf|beef stock|turkey carcass,,"confidence=low (taste=GNN default, needs human review)"
pumpkin,green,,,,ai-draft;gnn-v3+flavordb,potato|ackee|breadfruit|scotch bonnet|pumpkin pie spice|pecan|nutmeg,,
shiitake mushroom,,sour|sweet|umami,,,ai-draft;gnn-v3+flavordb,oyster mushroom|dark sesame oil|udon noodle|vegetarian beef|crumbled gorgonzola|sesame oil|shaoxing wine,,"confidence=low (taste=GNN default, needs human review)"
white balsamic vinegar,,sour,,,ai-draft;gnn-v3+flavordb,chicken|chicken stock|extra-virgin olive oil|soy sauce|mushroom|beef|grapeseed oil,,
baby corn,,sour|sweet|umami,,,ai-draft;gnn-v3+flavordb,asian chili-garlic|stir-fry sauce|oyster sauce|barbecued pork|sesame oil|coriander root|red curry,,"confidence=low (taste=GNN default, needs human review)"
dill pickle,,bitter|sour|umami,,,ai-draft;gnn-v3+flavordb,pickle juice|mayonnaise|dill pickle juice|sesame seed hamburger|mustard|tartar sauce|cocktail onion,,"confidence=low (taste=GNN default, needs human review)"
flat-leaf,,,crisp,,ai-draft;gnn-v3+flavordb,extra-virgin olive oil|freshly black pepper|boiling water|piquillo pepper|red pepper|black olive tapenade|romano bean,,
cream of celery soup,woody,,smooth,,ai-draft;gnn-v3+flavordb,peg corn|chicken|white shoepeg corn|clam chowder|french style green bean|fryer|shoe peg corn,,
water chestnut,,,crunchy,,ai-draft;gnn-v3+flavordb,vegetable soup|vegetable soup mix|bean sprout|mayonnaise|soy sauce|pea pod|baby corn,,
golden raisin,fruity,,,,ai-draft;gnn-v3+flavordb,beef suet|crumbled saffron thread|tomato|chicken|pine nut|crystalized ginger|candied fruit,,
gouda cheese,,sour|sweet|umami,smooth,,ai-draft;gnn-v3+flavordb,baby romaine lettuce|country white bread|beef|olive tapenade|shrimp|sweet corn|cavatappi pasta,,"confidence=low (taste=GNN default, needs human review)"
lump crabmeat,,sour|sweet|umami,tender,,ai-draft;gnn-v3+flavordb,crab boil seasoning|remoulade sauce|seafood stock|tartar sauce|creole mustard|canola mayonnaise|butter cracker,,"confidence=low (taste=GNN default, needs human review)"
sherry wine,,sweet|sour|umami,,,ai-draft;gnn-v3+flavordb,soy sauce|mushroom|tomato|oyster sauce|chinese mushroom|beef|pepper oil,,"confidence=low (taste=GNN default, needs human review)"
sherry wine vinegar,,sour,,,ai-draft;gnn-v3+flavordb,italian parsley leave|endive lettuce|walnut oil|shallot|romesco sauce|piquillo pepper|coarse kosher salt,,
turkey bacon,,bitter|sour|umami,,,ai-draft;gnn-v3+flavordb,low-fat swiss cheese|wheat sandwich roll|leaf lettuce leave|wheat english muffin|multi-grain bread|brown sugar|boiling water,,"confidence=low (taste=GNN default, needs human review)"
grapeseed oil,,,oily,,ai-draft;gnn-v3+flavordb,celtic sea salt|blanched almond flour|coconut flour|dark chili powder|cajun spice|white balsamic vinegar|rice vinegar,,
italian bread,woody,,,,ai-draft;gnn-v3+flavordb,provolone cheese|gaeta olive|miracle whip light dressing|thin tomato|pepperoncini pepper|cherry pepper|mozzarella,,
lemon jello,,sour|sweet|umami,juicy,,ai-draft;gnn-v3+flavordb,boiling water|lime jello|dream whip|corned beef|cherry jello|pineapple|pineapple juice,,"confidence=low (taste=GNN default, needs human review)"
monterey jack cheese,,sour|sweet|umami,smooth,,ai-draft;gnn-v3+flavordb,green chilie|avocado dip|flour tortilla|corn tortilla|picante sauce|green chile pepper|cumin,,"confidence=low (taste=GNN default, needs human review)"
spaghetti,,,,,ai-draft;gnn-v3+flavordb,parmesan|tomato paste|basil|mozzarella|oregano|green pepper|mushroom,,
turkey sausage,,sour|sweet|umami,,,ai-draft;gnn-v3+flavordb,chicken stock|brown sugar|red bean|boiling water|chili sauce|instant white rice|tomato,,"confidence=low (taste=GNN default, needs human review)"
apricot preserve,,sour|sweet|umami,,,ai-draft;gnn-v3+flavordb,onion soup|apricot brandy|onion soup mix|dressing|almond paste|rolled pork|broiler-fryer chicken,,"confidence=low (taste=GNN default, needs human review)"
coarse kosher salt,,sour|sweet|umami,crystalline,,ai-draft;gnn-v3+flavordb,golden brown sugar|italian parsley leave|grain dijon mustard|low-salt chicken broth|sherry wine vinegar|extra-virgin olive oil|maple sugar,,"confidence=low (taste=GNN default, needs human review)"
freshly cracked black pepper,,sour|sweet|umami,,,ai-draft;gnn-v3+flavordb,chayote squash|hearty red wine|course salt|beef shoulder|red bliss potatoe|extra-virgin olive oil|veal stock,,"confidence=low (taste=GNN default, needs human review)"
salt pork,,sour|sweet|umami,crystalline,,ai-draft;gnn-v3+flavordb,yellow pea|navy bean|dry navy bean|pigeon pea|bean|white bean|red bean,,"confidence=low (taste=GNN default, needs human review)"
smooth peanut butter,,sour|sweet|umami,oily,,ai-draft;gnn-v3+flavordb,peanut|asian chili paste|peanut brittle|asian chili sauce|butterscotch chip|rice vinegar|chocolate,,"confidence=low (taste=GNN default, needs human review)"
chili pwdr,,bitter|sour|umami,,,ai-draft;gnn-v3+flavordb,grnd cumin|grnd beef|lean grnd beef|onion pwdr|grnd coriander|red kidney bean|pinto bean,,"confidence=low (taste=GNN default, needs human review)"
hamburg,,sour|sweet|umami,,,ai-draft;gnn-v3+flavordb,tomato soup|kidney bean|butter bean|taco cheese|salad oil|boiling water|green chilie,,"confidence=low (taste=GNN default, needs human review)"
pork loin,fatty,sour,tender,,ai-draft;gnn-v3+flavordb,olive oil drizzle|meat broth|sour orange juice|soy sauce|rosemary|chicken stock|sage,,
graham cracker pie crust,,bitter|sour|umami,,,ai-draft;gnn-v3+flavordb,condensed milk|thawed whipped topping|cream cheese|chocolate egg|whipped topping|nondairy whipped topping|cool whip,,"confidence=low (taste=GNN default, needs human review)"
pumpkin puree,green,,,,ai-draft;gnn-v3+flavordb,pumpkin pie spice|nutmeg|cinnamon|dish pie pastry|ginger|allspice|pumpkin seed,,
rotini pasta,,sour|sweet|umami,,,ai-draft;gnn-v3+flavordb,boneless skinless chicken breast|italian-style salad dressing|pepperoni sausage|snow pea pod|italian dressing|pepperoni|olive,,"confidence=low (taste=GNN default, needs human review)"
caramel ice cream topping,,sour|sweet|umami,smooth,,ai-draft;gnn-v3+flavordb,butterfinger|oreo pie crust|chocolate-covered|chocolate cake|whipped topping|chocolate fudge topping|reduced-fat whipped topping,,"confidence=low (taste=GNN default, needs human review)"
golden brown sugar,,sweet,crystalline,,ai-draft;gnn-v3+flavordb,bittersweet|coarse kosher salt|baby back pork|espresso powder|worcestershire sauce|chili powder|chili sauce,,
long-grain rice,,sour|sweet|umami,,,ai-draft;gnn-v3+flavordb,pigeon pea|turkey carcass|chicken stock|chicken gizzard|crumbled saffron thread|grape leave|powdered saffron,,"confidence=low (taste=GNN default, needs human review)"
mangoe,,sour|sweet|umami,,,ai-draft;gnn-v3+flavordb,mango salsa|mango juice|sticky rice|kiwi fruit|lime juice|passion fruit pulp|mango,,"confidence=low (taste=GNN default, needs human review)"
nutritional yeast,,,crunchy,,ai-draft;gnn-v3+flavordb,vegan cheese|cashew|vital wheat gluten|soymilk|soy margarine|firm tofu|vegetarian chicken,,
black mustard seed,,sour|sweet|umami,crunchy,,ai-draft;gnn-v3+flavordb,curry|asafoetida powder|ghee|nigella seed|tamarind paste|paneer cheese|tamarind pulp,,"confidence=low (taste=GNN default, needs human review)"
orange marmalade,fruity,sour,juicy,,ai-draft;gnn-v3+flavordb,refrigerated sugar cookie dough|beef flank steak|sugar cookie|soy sauce|beef chuck steak|tomato|mushroom,,
butter bean,,sour|sweet|umami,oily,,ai-draft;gnn-v3+flavordb,kidney bean|pork|green lima bean|bacon|lima bean|ketchup|mustard,,"confidence=low (taste=GNN default, needs human review)"
stock,,,,,ai-draft;gnn-v3+flavordb,sake|lotus root|burdock root|tempura crumb|soy sauce|shiitake|miso,,
lean beef,fatty,,tender,,ai-draft;gnn-v3+flavordb,tomato sauce|beef stock|sandwich sauce|tomato|tomato paste|chili powder|soft breadcrumb,,
lime wedge,fruity,sour,,,ai-draft;gnn-v3+flavordb,fish sauce|red chili long|rice noodle|cilantro|cilantro stem|long red chili pepper|white tequila,,
red cabbage,,sour|umami,,,ai-draft;gnn-v3+flavordb,caraway seed|green cabbage|apple cider vinegar|rice vinegar|red wine vinegar|sour apple|cider vinegar,,
sharp cheese,,sour|sweet|umami,smooth,,ai-draft;gnn-v3+flavordb,bulk sausage|sausage|tomato|parmesan|chicken stock|tomato paste|shrimp,,"confidence=low (taste=GNN default, needs human review)"
unsweetened chocolate,,sour|sweet|umami,,,ai-draft;gnn-v3+flavordb,peppermint flavoring|peppermint ice cream|vanilla|tabasco sauce|worcestershire sauce|whipped topping|cherry pie filling,,"confidence=low (taste=GNN default, needs human review)"
ancho chili,,bitter|sour|umami,,,ai-draft;gnn-v3+flavordb,corn husk|mexico chile|guajillo chili|guajillo chilie|achiote paste|boiling water|cumin,,"confidence=low (taste=GNN default, needs human review)"
almond flour,,sour|sweet|umami,powdery,,ai-draft;gnn-v3+flavordb,coconut oil|coconut sugar|arrowroot flour|millet flour|coconut flour|tapioca flour|almond butter,,"confidence=low (taste=GNN default, needs human review)"
bread crumb,woody,,,,ai-draft;gnn-v3+flavordb,parmesan|beef mince|lump crabmeat|beef|pork mince|tartar sauce|brunoise red pepper,,
coarse black pepper,,sour|sweet|umami,,,ai-draft;gnn-v3+flavordb,morton tender quick salt|hickory smoke salt|curing salt|hearts romaine lettuce|tiny new potatoe|coarse sea salt|dry red wine,,"confidence=low (taste=GNN default, needs human review)"
sriracha sauce,,bitter|sour|umami,smooth,,ai-draft;gnn-v3+flavordb,sesame dressing|rice vinegar|hoisin|cabbage slaw|fish sauce|soy sauce|ponzu sauce,,"confidence=low (taste=GNN default, needs human review)"
cheddar cheese soup,,sour|sweet|umami,smooth,,ai-draft;gnn-v3+flavordb,chili beef soup|chili-o mix|broccoli cut|mostaccioli pasta|chili mix|ro-tel tomatoe|beef,,"confidence=low (taste=GNN default, needs human review)"
chocolate chip,,sour|sweet|umami,,,ai-draft;gnn-v3+flavordb,raspberry gelatin powder|strawberry ice cream topping|chocolate wafer pie crust|boiling water|espresso powder|chocolate chip cookie|chocolate cookie pie crust,,"confidence=low (taste=GNN default, needs human review)"
gin,,sour|sweet|umami,,mild|sour|bitter|citrus|lime|orange peel|rose,ai-draft;gnn-v3+flavordb,sweet vermouth|simple syrup|lemon twist|orange bitters|orange twist|maraschino liqueur|fluid simple syrup,,"confidence=low (taste=GNN default, needs human review)"
ginger powder,,sour|sweet|umami,powdery,,ai-draft;gnn-v3+flavordb,fennel powder|powder|black salt|mango powder|cinnamon powder|nutmeg powder|gochugaru,,"confidence=low (taste=GNN default, needs human review)"
light cream cheese,,sour|sweet|umami,smooth,,ai-draft;gnn-v3+flavordb,light whipped topping|semi-sweet chocolate mini morsel|light cherry pie filling|reduced-calorie whipped topping|tomato|light sour cream|chicken,,"confidence=low (taste=GNN default, needs human review)"
long-grain white rice,,sour|sweet|umami,,,ai-draft;gnn-v3+flavordb,annatto seed|andouille sausage|boneless beef sirloin steak|pigeon pea|chicken stock|crumbled saffron thread|pimento stuffed olive,,"confidence=low (taste=GNN default, needs human review)"
low-fat plain yogurt,,sour|sweet|umami,oily,,ai-draft;gnn-v3+flavordb,tandoori paste|ginger-garlic|red chili powder|worcestershire sauce|light whipped topping|vegetable|brown sugar,,"confidence=low (taste=GNN default, needs human review)"
apricot,,sour|sweet|umami,,hop_oil|apricot|whiskey|banana|tropica|papaya|melon,ai-draft;gnn-v3+flavordb,apricot juice|apricot brandy|prune|tomato|loin roast|soy sauce|almond,,"confidence=low (taste=GNN default, needs human review)"
chinese cabbage,,sour|sweet|umami,,,ai-draft;gnn-v3+flavordb,stock powder|chicken soup stock granule|sake|oyster sauce|sesame oil|long red chili|soy sauce,,"confidence=low (taste=GNN default, needs human review)"
chocolate ice cream,,sour|sweet|umami,smooth,,ai-draft;gnn-v3+flavordb,chocolate syrup|cream liqueur|raspberry sorbet|fudge sauce|chocolate sauce|coffee ice cream|chocolate fudge topping,,"confidence=low (taste=GNN default, needs human review)"
freshly squeezed lime juice,fruity,sour,smooth,,ai-draft;gnn-v3+flavordb,gold tequila|white tequila|fish sauce|habanero chile|cinnamon syrup|italian roma tomatoe|freshly cilantro,,
peanut sauce,,sour|sweet|umami,smooth,,ai-draft;gnn-v3+flavordb,fish sauce|sesame oil|marinade|bean sprout|soy sauce|rice vinegar|rice paper,,"confidence=low (taste=GNN default, needs human review)"
pumpkin pie spice,green,,,,ai-draft;gnn-v3+flavordb,pumpkin puree|gingersnap|gingersnap crumb|baking soda|cinnamon-raisin bread|sugar pumpkin|pumpkin seed,,
scotch,fruity,,,,ai-draft;gnn-v3+flavordb,sweet vermouth|bitter|dry vermouth|lemon|thyme|allspice|ginger,,
bibb lettuce,,sour|sweet|umami,,,ai-draft;gnn-v3+flavordb,raspberry vinegar|red grape tomatoe|chili paste with garlic|avocado|candied pecan|live lobster|white wine vinegar,,"confidence=low (taste=GNN default, needs human review)"
nonfat milk,fatty,,oily,,ai-draft;gnn-v3+flavordb,liquid egg|light whipped topping|egg substitute|splenda sugar substitute|splenda sugar|low-fat vanilla|liquid egg substitute,,
sweet butter,,sour|sweet|umami,oily,,ai-draft;gnn-v3+flavordb,freshly grnd black pepper|boiling water|worcestershire sauce|chili powder|golden seedless raisin|tabasco sauce|italian sausage,,"confidence=low (taste=GNN default, needs human review)"
asian sesame oil,,sour|sweet|umami,oily,,ai-draft;gnn-v3+flavordb,rice vinegar|asian chili-garlic|soy sauce|rice-wine vinegar|red pepper|shiitake|chinese five-spice,,"confidence=low (taste=GNN default, needs human review)"
blend cheese,,sour|sweet|umami,smooth,,ai-draft;gnn-v3+flavordb,red enchilada sauce|enchilada sauce|flour tortilla|green enchilada sauce|green chilie|barbecued pork|black bean,,"confidence=low (taste=GNN default, needs human review)"
coriander seed,fatty,sweet,crunchy,,ai-draft;gnn-v3+flavordb,black peppercorn|mustard oil|red chilie|tamarind juice|tamarind paste|tamarind pulp|white peppercorn,,
dream whip,,,,,ai-draft;gnn-v3+flavordb,cherry pie filling|blueberry pie filling|vanilla tapioca|angel food cake|apricot jello|orange jello|pineapple pie filling,,
no-salt,,sour|sweet|umami,crystalline,,ai-draft;gnn-v3+flavordb,nonfat buttermilk|turkey tenderloin|bulgur|brown sugar|nonfat sour cream|freshly black pepper|long-grain rice,,"confidence=low (taste=GNN default, needs human review)"
vanilla instant pudding,woody,sweet|umami,,,ai-draft;gnn-v3+flavordb,chocolate instant pudding|yellow cake mix|oreo cookie|yellow cake|banana instant pudding|orange cake|vanilla wafer,,"confidence=low (taste=GNN default, needs human review)"
creole mustard,,sour|sweet|umami,,,ai-draft;gnn-v3+flavordb,brunoise red pepper|leaf oregano|veal reduction|white cabbage|crab boil seasoning|catfish fillet|cane syrup,,"confidence=low (taste=GNN default, needs human review)"
ginger-garlic,,sour|sweet|umami,,,ai-draft;gnn-v3+flavordb,red chili powder|coriander powder|turmeric|curry leaf|ghee|cumin powder|red chili paste,,"confidence=low (taste=GNN default, needs human review)"
lean turkey,,bitter|sour|umami,,,ai-draft;gnn-v3+flavordb,wheat hamburger bun|cheese blend|wheat bread crumb|wheat spaghetti|brown sugar|wheat lasagna noodle|maple syrup,,"confidence=low (taste=GNN default, needs human review)"
orzo pasta,,sour|sweet|umami,,,ai-draft;gnn-v3+flavordb,kalamata olive|feta|chicken stock|oregano dressing|pine nut|chicken bouillon powder|olive,,"confidence=low (taste=GNN default, needs human review)"
potato starch,,sour|sweet|umami,,,ai-draft;gnn-v3+flavordb,matzo cake meal|tapioca flour|sorghum flour|brown rice flour|sweet rice flour|white rice flour|rice flour,,"confidence=low (taste=GNN default, needs human review)"
serrano chili,,bitter|sour|umami,,,ai-draft;gnn-v3+flavordb,chimichurri sauce|cilantro|lime juice|cilantro leaf|corn husk|brown sugar|lime,,"confidence=low (taste=GNN default, needs human review)"
shell pasta,,sour|sweet|umami,,,ai-draft;gnn-v3+flavordb,imitation crabmeat|baby shrimp|great northern bean|italian spice|yellow cherry tomatoe|parmesan|boiling water,,"confidence=low (taste=GNN default, needs human review)"
broth,,,,,ai-draft;gnn-v3+flavordb,canola oil spray|chicken|parmesan|beef|cornbread|olive oil spray|fryer,,
coconut flour,,sour|sweet|umami,powdery,,ai-draft;gnn-v3+flavordb,coconut oil|coconut sugar|celtic sea salt|tapioca flour|arrowroot powder|arrowroot flour|coconut butter,,"confidence=low (taste=GNN default, needs human review)"
cracked pepper,,sour|sweet|umami,,,ai-draft;gnn-v3+flavordb,apple jelly|orange roughy|chicken soup base|blue cheese crumble|green peppercorn|boiling water|condensed cream,,"confidence=low (taste=GNN default, needs human review)"
grainy mustard,,sour|sweet|umami,,,ai-draft;gnn-v3+flavordb,english spinach|balsalmic vinegar|cornichon|buttered noodle|grill seasoning|brown sugar|chili powder,,"confidence=low (taste=GNN default, needs human review)"
marsala wine,fruity,umami,,,ai-draft;gnn-v3+flavordb,mushroom|veal scallopini|ladyfinger cookie|veal scallop|chicken|tomato|mascarpone cheese,,
espresso powder,,,powdery,,ai-draft;gnn-v3+flavordb,coffee liqueur|bittersweet|chocolate|bittersweet chocolate chip|chocolate cocoa|kahlua|natural cocoa,,
fruit cocktail,,,juicy,,ai-draft;gnn-v3+flavordb,mandarin orange|pineapple|chunky pineapple|lemon instant pudding|lemon pudding|peach pie filling|banana,,
rigatoni pasta,,sour|sweet|umami,,,ai-draft;gnn-v3+flavordb,italian sausage|pepperoni sausage|sweet italian turkey sausage|parmesan|sweet italian sausage|marinara sauce|pepperoni,,"confidence=low (taste=GNN default, needs human review)"
wesson oil,,,oily,,ai-draft;gnn-v3+flavordb,lemon supreme cake mix|white cake mix|apricot nectar|original hidden|lemon cake mix|prune|black walnut flavoring,,
coconut sugar,,sweet,crystalline,,ai-draft;gnn-v3+flavordb,coconut oil|coconut flour|almond flour|arrowroot starch|almond milk|vanilla almond milk|white spelt flour,,
walnut oil,,sour|sweet|umami,oily,,ai-draft;gnn-v3+flavordb,sherry vinegar|walnut|raspberry vinegar|sherry wine vinegar|champagne vinegar|shallot|candied walnut,,"confidence=low (taste=GNN default, needs human review)"
baby carrot,,sour|sweet|umami,,,ai-draft;gnn-v3+flavordb,red potatoe|beef stew seasoning|boneless beef chuck roast|chuck roast|beef gravy|beef stock|snap pea,,"confidence=low (taste=GNN default, needs human review)"
beef bouillon,fatty,,tender,,ai-draft;gnn-v3+flavordb,mushroom|chicken stock|red cooking wine|alphabet pasta|cornstarch mixed|burgundy wine|bay leaf,,
coffee liqueur,,sour|sweet|umami,,,ai-draft;gnn-v3+flavordb,espresso powder|coffee ice cream|chocolate-covered coffee bean|espresso bean|irish cream|coffee bean|chocolate wafer pie crust,,"confidence=low (taste=GNN default, needs human review)"
flaxseed,,sour|sweet|umami,crunchy,,ai-draft;gnn-v3+flavordb,protein powder|wheat flour|soymilk|almond milk|vital wheat gluten|splenda brown sugar blend|soy flour,,"confidence=low (taste=GNN default, needs human review)"
lemon extract,,sour|sweet|umami,juicy,,ai-draft;gnn-v3+flavordb,coconut extract|apricot brandy|candied pineapple|almond extract|baking powder|cake flour|white raisin,,"confidence=low (taste=GNN default, needs human review)"
rice flour,,sweet,powdery,,ai-draft;gnn-v3+flavordb,potato starch|crumble topping|rice milk|tapioca flour|chinese sausage|seltzer water|vegan sugar,,
boston lettuce,,sour|sweet|umami,,,ai-draft;gnn-v3+flavordb,asian fish sauce|thin rice noodle|red wine vinegar|rice vermicelli|thin red onion|raspberry vinegar|avocado,,"confidence=low (taste=GNN default, needs human review)"
champagne vinegar,,sour,,,ai-draft;gnn-v3+flavordb,shallot|walnut oil|bearnaise sauce|frisee lettuce|chicken|parmesan|chicken stock,,
cognac,fruity,,,,ai-draft;gnn-v3+flavordb,chicken liver|green peppercorn|shallot|filet of beef|orange curacao|maraschino liqueur|lobster,,
wormwood,green,bitter,dry,bitter|herbal|anise|green|woody|medicinal,curated-2026;tgsc;chem-lit,gin|fennel seed|tarragon|caraway seed|coriander seed,thujone + anise-side terpenes link it to other botanical bitters; the absinthe/vermouth backbone,"dominant=alpha-thujone & beta-thujone (CO-DOMINANT; near-identical SMILES but keep DISTINCT - do not dedup); + chamazulene; CIDs: alpha-thujone=12304612, beta-thujone=91456, chamazulene=10719"
yarrow,green,bitter,dry,herbal|green|bitter|camphor|sweet|hay,curated-2026;tgsc;chem-lit,gin|tarragon|fennel seed|bay leaf,azulene + pinene/sabinene tie it to juniper (gin) and green-bitter botanicals,"dominant=chamazulene, beta-pinene, sabinene, 1,8-cineole; CIDs: 1,8-cineole=2758, beta-pinene=14896, chamazulene=10719, sabinene=18818"
sarsaparilla,woody,sweet|bitter,,woody|root|sweet|vanilla|medicinal|earthy,curated-2026;tgsc;chem-lit,cane sugar|bourbon|allspice|vanilla ice cream,sassafras-type phenolics + saponins; bridges sweet + warm-spice + aged spirit (root-beer axis),dominant=sarsapogenin & smilagenin (EPIMERS - keep DISTINCT; SMILES-dedup would collapse them); + saponins
ambrette,floral,,,musky|floral|fruity|wine|sweet|ambrette,curated-2026;tgsc;chem-lit,brandy|cognac|apricot,macrocyclic musk fixes and rounds florals; affinity to aged spirits and stone fruit,dominant=ambrettolide (macrocyclic musk lactone); + farnesol
basil,green,spicy|sweet,,green|anise|clove|sweet|herbal|peppery,curated-2026;tgsc;chem-lit,extra-virgin olive oil|pine nut|tomato juice|marinara sauce,linalool + estragole + eugenol; shares an anise axis with tarragon and a clove axis with allspice,"dominant=linalool, estragole (methyl chavicol), eugenol; CIDs: estragole=8815, eugenol=3314, linalool=6549, methyl chavicol=8815"
oregano,woody,bitter|spicy,,herbal|woody|camphor|warm|pungent|green,curated-2026;tgsc;chem-lit,marinara sauce|tomato juice|extra-virgin olive oil|pizza sauce|italian seasoning,carvacrol/thymol phenolics bond it to thyme and marjoram (terpinene overlap),"dominant=carvacrol, thymol, p-cymene, gamma-terpinene; CIDs: carvacrol=10364, thymol=6989"
thyme,woody,spicy|bitter,,herbal|woody|thyme|warm|medicinal|green,curated-2026;tgsc;chem-lit,chicken stock|extra-virgin olive oil|bay leaf|marjoram|butternut squash,thymol phenol shared with oregano; terpinen-4-ol bridges to marjoram and rosemary,"dominant=thymol, p-cymene, linalool, carvacrol; CIDs: carvacrol=10364, linalool=6549, thymol=6989"
rosemary,woody,bitter,,pine|woody|camphor|herbal|resinous|eucalyptus,curated-2026;tgsc;chem-lit,extra-virgin olive oil|pork loin|red potatoe|chicken stock|butternut squash,cineole + camphor + pinene; the pine/resin axis links it to juniper (gin) and sage,"dominant=1,8-cineole (eucalyptol), camphor, alpha-pinene; CIDs: 1,8-cineole=2758, alpha-pinene=6654, camphor=2537, eucalyptol=2758"
sage,woody,bitter,,herbal|camphor|woody|warm|eucalyptus|pine,curated-2026;tgsc;chem-lit,butternut squash|pork loin|sweet butter|pasta sauce|chicken stock,thujone + camphor + cineole; the brown-butter and winter-squash partner,"dominant=alpha/beta-thujone, 1,8-cineole, camphor (thujone shared with wormwood); CIDs: 1,8-cineole=2758, beta-thujone=91456, camphor=2537"
dill,green,,,green|grassy|anise|fresh|caraway|herbal,curated-2026;tgsc;chem-lit,dill pickle|cider vinegar|sherry vinegar|white fish|greek yogurt,carvone + phellandrene; caraway-adjacent (shared carvone); brightens fish and cream,"dominant=carvone, alpha-phellandrene, limonene; CIDs: carvone=7439, limonene=22311"
mint,green,,,minty|cooling|green|menthol|sweet|fresh,curated-2026;tgsc;chem-lit,chocolate syrup|lime juice|greek yogurt|simple syrup|cane sugar,"menthol/carvone give a cooling counterpoint to chocolate, citrus and yogurt","dominant=menthol (peppermint) or carvone (spearmint), menthone; CIDs: carvone=7439, menthol=16666"
cilantro,green,,,green|citrus|soapy|fresh|aldehyde|herbal,curated-2026;tgsc;chem-lit,lime juice|jalapeño|serrano pepper|salsa,(E)-2-alkenal aldehydes give the green-soapy note; the canonical lime + chile partner,"dominant=(E)-2-decenal, decanal, linalool; CIDs: (e)-2-decenal=5283345, decanal=8175, linalool=6549"
lemongrass,green,,,citrus|lemon|green|grassy|fresh|ginger,curated-2026;tgsc;chem-lit,red curry|light coconut milk|unsweetened coconut milk|ginger paste,citral lemon top note; the SE-Asian curry backbone with galangal and coconut,"dominant=citral (geranial + neral), myrcene; CIDs: citral=638011"
kaffir lime leaf,green,,,citrus|lime|green|floral|fresh|peel,curated-2026;tgsc;chem-lit,red curry|unsweetened coconut milk|light coconut milk|ginger paste,citronellal gives lime-peel lift in coconut curries,"dominant=citronellal, sabinene, citronellol; CIDs: citronellal=7794, citronellol=8842, sabinene=18818"
cinnamon,woody,sweet|spicy,,sweet|woody|warm|spicy|cinnamon|balsamic,curated-2026;tgsc;chem-lit,allspice|cane sugar|pumpkin puree|raisin|golden brown sugar,cinnamaldehyde anchors a warm-sweet phenolic axis with clove (eugenol) and nutmeg,"dominant=cinnamaldehyde; + eugenol, coumarin; CIDs: cinnamaldehyde=637511, coumarin=323, eugenol=3314"
clove,woody,spicy|bitter,,clove|warm|woody|sweet|eugenol|medicinal,curated-2026;tgsc;chem-lit,allspice|cane sugar|pumpkin pie spice|golden brown sugar,eugenol - the same phenol that anchors allspice; numbing warm-spice,"dominant=eugenol (PubChem CID 3314), eugenyl acetate, beta-caryophyllene"
nutmeg,woody,spicy|bitter,,warm|woody|sweet|spicy|nutmeg|terpenic,curated-2026;tgsc;chem-lit,pumpkin pie spice|pumpkin puree|condensed milk|allspice,"sabinene + myristicin; warm spice for cream, squash and custard","dominant=sabinene, alpha-pinene, myristicin; CIDs: alpha-pinene=6654, myristicin=4276, sabinene=18818"
cardamom,woody,spicy|sweet,,green|camphor|citrus|warm|sweet|eucalyptus,curated-2026;tgsc;chem-lit,ghee|coriander powder|cumin powder|garam masala|ginger paste,terpinyl acetate + cineole; backbone of masala and Scandinavian baking,"dominant=alpha-terpinyl acetate, 1,8-cineole, linalool; CIDs: 1,8-cineole=2758, linalool=6549"
garlic,green,pungent|umami,,pungent|sulfurous|garlic|green|savory|sharp,curated-2026;tgsc;chem-lit,extra-virgin olive oil|marinara sauce|chicken stock|ginger-garlic|pasta sauce,allicin/disulfides; an umami booster and Maillard partner across the allium family,"dominant=allicin, diallyl disulfide, allyl methyl sulfide; CIDs: allicin=65036, diallyl disulfide=16590"
onion,green,pungent|sweet|umami,,pungent|sulfurous|sweet|savory|green|onion,curated-2026;tgsc;chem-lit,onion powder|onion soup|chicken stock|marinara sauce|beef stock,"sulfur volatiles raw, caramelization sweet-umami cooked; the base of countless dishes","dominant=propanethial S-oxide, dipropyl disulfide; (cooked) fructan sweetness; CIDs: propanethial s-oxide=441491"
tomato,fruity,umami|sweet|sour,,green|fruity|umami|fresh|tomato|sweet,curated-2026;tgsc;chem-lit,extra-virgin olive oil|marinara sauce|tomato juice|pizza sauce,glutamate umami + green hexenal + sugars; balances Maillard and acid (a phantom node everyone already pairs with),"dominant=glutamate (umami), (Z)-3-hexenal, beta-ionone; CIDs: (z)-3-hexenal=643941, glutamate=33032"
parmesan,fatty,umami|sour,,umami|nutty|savory|sharp|aged|butyric,curated-2026;tgsc;chem-lit,marinara sauce|pasta sauce|extra-virgin olive oil|pine nut|lasagna noodle,free glutamate + branched acids; an umami amplifier (referenced in dozens of rows but was never a node),"dominant=glutamate, butyric acid, methyl ketones, tyrosine crystals; CIDs: glutamate=33032"
mushroom,woody,umami,,earthy|umami|woody|savory|mushroom|fungal,curated-2026;tgsc;chem-lit,chicken stock|cream of mushroom soup|shiitake mushroom|porcini|marsala wine,1-octen-3-ol earthy note + glutamate/guanylate umami synergy with stock,"dominant=1-octen-3-ol, glutamate, guanylate (umami synergy); CIDs: 1-octen-3-ol=18827, glutamate=33032, guanylate=135398631"
pesto,green,spicy|umami|sour,oily,,curated-2026;tgsc;composite,pine nut|extra-virgin olive oil|penne pasta|rotini pasta|marinara sauce,basil + EVOO + parmesan + pine nut + garlic emulsion,"confidence=medium (composite); notes inherited from basil (linalool/eugenol) + parmesan (glutamate); CIDs: eugenol=3314, glutamate=33032, linalool=6549"
chimichurri,green,sour|spicy,oily,,curated-2026;tgsc;composite,flat-leaf parsley|extra-virgin olive oil|serrano chili|cider vinegar,parsley + oregano + garlic in acid and oil; herbaceous-pungent sauce for grilled meat,confidence=medium (composite)
lemon,fruity,sour,,citrus|lemon|fresh|peel|bright|floral,curated-2026;tgsc;chem-lit,lemon juice|lemon rind|extra-virgin olive oil|chicken stock,"limonene + citral; universal acid-bright lift for fish, dressings, sweets","dominant=limonene, citral, beta-pinene; CIDs: beta-pinene=14896, citral=638011, limonene=22311"
orange,fruity,sweet|sour,juicy,citrus|orange|sweet|fresh|peel|floral,curated-2026;tgsc;chem-lit,orange rind|orange marmalade|cranberry sauce|cane sugar,"limonene + aldehydes; sweet citrus bridge to cranberry, chocolate and warm spice","dominant=limonene, octanal, linalool; CIDs: limonene=22311, linalool=6549, octanal=454"
grapefruit,fruity,sour|bitter,juicy,citrus|grapefruit|bitter|fresh|tart|sulfury,curated-2026;tgsc;chem-lit,orange|lemon|gin|cane sugar,nootkatone + thiol; bitter-citrus partner for gin and other citrus,"dominant=nootkatone, limonene, 1-p-menthene-8-thiol; CIDs: limonene=22311, nootkatone=1268142"
bergamot,fruity,sour,,citrus|bergamot|floral|tea|fresh|peel,curated-2026;tgsc;chem-lit,orange|lemon|gin|cane sugar,linalyl acetate gives the Earl-Grey floral-citrus note,"dominant=linalyl acetate, limonene, linalool; CIDs: limonene=22311, linalool=6549, linalyl acetate=8294"
yuzu,fruity,sour,,citrus|yuzu|floral|fresh|peel|tart,curated-2026;tgsc;chem-lit,rice vinegar|soya sauce|lime juice|ginger paste,floral citrus that bridges Japanese soy/vinegar seasonings,"dominant=limonene, yuzunone, linalool; CIDs: limonene=22311, linalool=6549"
lime,fruity,sour,,citrus|lime|fresh|peel|tart|zesty,curated-2026;tgsc;chem-lit,lime juice|lime wedge|tequila|cilantro,limonene + citral; the cilantro/chile/tequila axis,"dominant=limonene, citral, terpinolene; CIDs: citral=638011, limonene=22311"
mandarin,fruity,sweet,juicy,citrus|mandarin|sweet|fresh|peel|candy,curated-2026;tgsc;chem-lit,orange|cane sugar|cranberry juice|simple syrup,sweet low-acid citrus; methyl anthranilate gives its candy note,"dominant=limonene, gamma-terpinene, methyl N-methylanthranilate; CIDs: limonene=22311"
apple,fruity,sweet|sour,crisp,fruity|apple|fresh|crisp|green|cider,curated-2026;tgsc;chem-lit,cinnamon|cider vinegar|apple cider vinegar|raisin,ester + hexenal; the cinnamon/cider partner,"dominant=hexyl acetate, 2-methylbutyl acetate, (E)-2-hexenal; CIDs: (e)-2-hexenal=5281168"
pear,fruity,sweet,juicy,fruity|pear|sweet|floral|fresh|honey,curated-2026;tgsc;chem-lit,cinnamon|cane sugar|brandy|walnut oil,decadienoate ester gives the pear note; affinity to nuts and aged spirits,"dominant=ethyl (E,Z)-2,4-decadienoate, hexyl acetate"
quince,fruity,sour|astringent,,fruity|quince|floral|honey|apple|rose,curated-2026;tgsc;chem-lit,cinnamon|cane sugar|apple|clove,apple-rose ester profile; cooks to a fragrant paste with warm spice,"dominant=megastigmadienones, theaspirane, ethyl esters"
strawberry,fruity,sweet|sour,juicy,fruity|strawberry|sweet|jammy|green|candy,curated-2026;tgsc;chem-lit,cane sugar|whipped cream|white balsamic vinegar|condensed milk,furaneol candy-jam note; balsamic and cream are classic foils,"dominant=furaneol, methyl anthranilate, ethyl butanoate; CIDs: furaneol=19309, methyl anthranilate=8635"
raspberry,fruity,sweet|sour,,fruity|raspberry|floral|jammy|sweet|tart,curated-2026;tgsc;chem-lit,cane sugar|white chocolate|whipped cream|chocolate syrup,raspberry ketone + ionones; floral-berry partner to chocolate,"dominant=raspberry ketone, ionones, beta-damascenone; CIDs: beta-damascenone=5366074, raspberry ketone=21648"
blackberry,fruity,sweet|sour,,fruity|blackberry|jammy|deep|floral|tart,curated-2026;tgsc;chem-lit,cane sugar|bourbon|brandy|whipped cream,deep ionone-jam profile; pairs with aged spirits,"dominant=2-heptanone, ionones, furaneol; CIDs: furaneol=19309"
blueberry,fruity,sweet,,fruity|blueberry|sweet|jammy|floral|fresh,curated-2026;tgsc;chem-lit,cane sugar|lemon juice|cinnamon|whipped cream,linalool-leaning berry; lemon and cinnamon lift it,"dominant=(E)-2-hexenal, linalool, esters; CIDs: (e)-2-hexenal=5281168, linalool=6549"
fig,fruity,sweet,,fruity|fig|green|jammy|honey|sweet,curated-2026;tgsc;chem-lit,goat cheese|white balsamic vinegar|walnut oil|brandy,green-honey jam profile; the goat-cheese/balsamic/nut triangle,"dominant=benzaldehyde, (E)-2-hexenal, linalool; CIDs: (e)-2-hexenal=5281168, benzaldehyde=240, linalool=6549"
date,fruity,sweet,,fruity|date|caramel|sweet|deep|honey,curated-2026;tgsc;chem-lit,cane sugar|cinnamon|tahini|walnut oil,caramel-furanone sweetness; pairs with tahini and warm spice,"dominant=furanones, 5-HMF, caramel volatiles"
pomegranate,fruity,sour|astringent|sweet,juicy,fruity|pomegranate|tart|tannic|fresh|berry,curated-2026;tgsc;chem-lit,lemon juice|cane sugar|mint|walnut oil,tannin astringency + tart-sweet; the Levantine herb/nut partner,"dominant=ellagitannins (astringency), anthocyanins, pinene"
passion fruit,fruity,sour|sweet,,fruity|passionfruit|tropical|tart|sulfury|floral,curated-2026;tgsc;chem-lit,cane sugar|lime juice|mangoe|coconut cream,sulfur-ester tropical bomb; tames into cream and coconut,"dominant=passion-fruit esters (ethyl hexanoate), sulfur thiols"
potato,woody,umami,,earthy|potato|starchy|nutty|mild|savory,curated-2026;tgsc;chem-lit,chicken stock|cream of celery soup|sweet butter|cream of mushroom soup,methional + pyrazines; a neutral starchy umami carrier,"dominant=methional, pyrazines, 2-acetyl-1-pyrroline; CIDs: 2-acetyl-1-pyrroline=522834, methional=18635"
sweet potato,woody,sweet,,sweet|earthy|caramel|nutty|maple|root,curated-2026;tgsc;chem-lit,cinnamon|nutmeg|golden brown sugar|pumpkin pie spice,maltol sweetness; the warm-spice and brown-sugar partner,"dominant=maltol, beta-ionone, methional; CIDs: maltol=8369, methional=18635"
carrot,woody,sweet,crunchy,sweet|earthy|carrot|terpene|root|green,curated-2026;tgsc;chem-lit,chicken stock|baby carrot|onion|butternut squash,carotene-derived terpenes + sugars; mirepoix base with onion and celery,"dominant=beta-carotene, terpinolene, caryophyllene"
celery,green,,crisp,green|celery|herbal|peppery|fresh|aromatic,curated-2026;tgsc;chem-lit,celery salt|chicken stock|onion|carrot,phthalides give the savory-green note; the third leg of mirepoix,"dominant=3-butylphthalide, limonene, beta-selinene; CIDs: limonene=22311"
cucumber,green,,crisp,green|cucumber|fresh|melon|watery|cooling,curated-2026;tgsc;chem-lit,dill|rice vinegar|greek yogurt|mint,nonadienal gives the clean cooling note; dill and yogurt are classic,"dominant=(E,Z)-2,6-nonadienal, (E)-2-nonenal; CIDs: (e)-2-nonenal=5283335, (e,z)-2,6-nonadienal=643731"
tzatziki,green,sour|umami,smooth,,curated-2026;tgsc;composite,greek yogurt|cucumber|dill|garlic,yogurt + cucumber + garlic + dill + lemon,confidence=medium (composite)
aioli,fatty,umami|sour,smooth,,curated-2026;tgsc;composite,garlic|extra-virgin olive oil|lemon juice|egg yolk,garlic emulsified into oil and egg yolk,confidence=medium (composite)
almond,fatty,sweet|bitter,crunchy,nutty|almond|marzipan|sweet|benzaldehyde|woody,curated-2026;tgsc;chem-lit,almond extract|cane sugar|cherry pie filling|white chocolate,benzaldehyde marzipan note; the cherry and stone-fruit partner,"dominant=benzaldehyde, hexanal; CIDs: benzaldehyde=240"
hazelnut,fatty,sweet,crunchy,nutty|hazelnut|roasted|sweet|praline|woody,curated-2026;tgsc;chem-lit,milk chocolate|espresso powder|cane sugar|golden brown sugar,filbertone + pyrazines; the chocolate-coffee praline axis,"dominant=filbertone, pyrazines"
walnut,fatty,bitter,crunchy,nutty|walnut|woody|bitter|earthy|tannic,curated-2026;tgsc;chem-lit,walnut oil|goat cheese|cane sugar|coffee liqueur,tannic-bitter nut; pairs with blue/goat cheese and figs,"dominant=juglone, (E,E)-2,4-decadienal, pyrazines; CIDs: (e,e)-2,4-decadienal=5283349"
pecan,fatty,sweet,crunchy,nutty|pecan|buttery|sweet|maple|roasted,curated-2026;tgsc;chem-lit,golden brown sugar|caramel sauce|bourbon|sweet butter,buttery sweet nut; the caramel/bourbon/maple partner,"dominant=pyrazines, hexanal"
pistachio,fatty,sweet,crunchy,nutty|pistachio|green|sweet|buttery|resinous,curated-2026;tgsc;chem-lit,cane sugar|white chocolate|cardamom|mascarpone cheese,green-sweet nut; the cardamom/rose dessert axis,"dominant=terpenes, pyrazines"
cashew,fatty,sweet,crunchy,nutty|cashew|buttery|mild|sweet|creamy,curated-2026;tgsc;chem-lit,coconut cream|cane sugar|curry|red curry,mild buttery nut; thickens curries and sweets,"dominant=hexanal, pyrazines"
macadamia,fatty,sweet,crunchy,nutty|macadamia|buttery|rich|sweet|coconut,curated-2026;tgsc;chem-lit,white chocolate|cane sugar|coconut cream|caramel sauce,lactone-rich buttery nut; coconut and white chocolate partner,"dominant=lactones, hexanal"
chestnut,fatty,sweet,,nutty|chestnut|sweet|starchy|earthy|woody,curated-2026;tgsc;chem-lit,sweet butter|brandy|cane sugar|sage,starchy-sweet nut; the brown-butter and sage partner,"dominant=furans, pyrazines"
pumpkin seed,fatty,bitter|umami,crunchy,nutty|green|roasted|earthy|seed|oily,curated-2026;tgsc;chem-lit,pumpkin puree|pumpkin pie spice|cane sugar|chili powder,roasted green-seed note; the squash and chile partner,"dominant=pyrazines, hexanal"
hemp seed,fatty,bitter,crunchy,nutty|green|grassy|hemp|seed|earthy,curated-2026;tgsc;chem-lit,almond milk|flaxseed|soymilk|nutritional yeast,grassy omega-rich seed; folds into plant-milk and vegan bases,"dominant=omega fatty acids, hexanal"
chia seed,fatty,,,mild|nutty|seed|neutral|earthy|oily,curated-2026;tgsc;chem-lit,almond milk|flaxseed|coconut sugar|soymilk,near-neutral gelling seed; a textural carrier in plant bases,"dominant=alpha-linolenic acid, neutral volatiles"
rose,floral,sweet|astringent,,floral|rose|sweet|fresh|honey|geranium,curated-2026;tgsc;chem-lit,cardamom|cane sugar|white chocolate|lemon juice,citronellol/geraniol + damascenone; the cardamom/pistachio dessert axis,"dominant=citronellol, geraniol, rose oxide, beta-damascenone; CIDs: beta-damascenone=5366074, citronellol=8842, geraniol=637566"
lavender,floral,bitter,,floral|lavender|herbal|camphor|sweet|fresh,curated-2026;tgsc;chem-lit,cane sugar|lemon juice|blueberry|cardamom,"linalool/linalyl acetate; honey, lemon and berry are foils","dominant=linalool, linalyl acetate, camphor; CIDs: camphor=2537, linalool=6549, linalyl acetate=8294"
jasmine,floral,bitter,,floral|jasmine|sweet|green|indolic|tea,curated-2026;tgsc;chem-lit,cane sugar|simple syrup|rice noodle|coconut cream,indole-jasmone heady floral; scents rice and sweets,"dominant=benzyl acetate, linalool, indole, jasmone; CIDs: benzyl acetate=8785, indole=798, jasmone=1549018, linalool=6549"
orange blossom,floral,sweet|bitter,,floral|orange blossom|citrus|sweet|honey|neroli,curated-2026;tgsc;chem-lit,orange|cane sugar|simple syrup|almond extract,neroli floral-citrus; almond and honey partner in pastry,"dominant=linalool, nerolidol, methyl anthranilate; CIDs: linalool=6549, methyl anthranilate=8635"
elderflower,floral,sweet,,floral|elderflower|muscat|sweet|fresh|honey,curated-2026;tgsc;chem-lit,lemon juice|gin|simple syrup|cane sugar,muscat-rose-oxide floral; the gin and lemon cordial axis,"dominant=cis-rose oxide, linalool, nerol; CIDs: linalool=6549"
hibiscus,fruity,sour|astringent,,floral|tart|cranberry|fruity|red|fresh,curated-2026;tgsc;chem-lit,lemon juice|cane sugar|cranberry juice|simple syrup,organic-acid tartness + anthocyanin color; a cranberry-like cooler,"dominant=citric & malic acids, anthocyanins"
chamomile,floral,bitter|sweet,,floral|chamomile|herbal|apple|hay|sweet,curated-2026;tgsc;chem-lit,cane sugar|lemon juice|lavender|simple syrup,bisabolol + chamazulene; apple-hay floral for teas and syrups,"dominant=bisabolol, chamazulene, angelic-acid esters; CIDs: bisabolol=10586, chamazulene=10719"
red bell pepper,fruity,sweet,crunchy,green|pepper|sweet|fresh|vegetal|grassy,curated-2026;tgsc;chem-lit,extra-virgin olive oil|onion|tomato|garlic,pyrazine green-sweet note; roasts into romesco and sofrito,"dominant=2-isobutyl-3-methoxypyrazine, beta-ionone"
zucchini,green,,,green|squash|mild|fresh|vegetal|grassy,curated-2026;tgsc;chem-lit,extra-virgin olive oil|garlic|tomato|parmesan,"mild green squash; a neutral carrier for oil, garlic and cheese","dominant=(E,Z)-2,6-nonadienal, hexanal; CIDs: (e,z)-2,6-nonadienal=643731"
eggplant,green,bitter|umami,,green|earthy|mild|vegetal|bitter|smoky,curated-2026;tgsc;chem-lit,extra-virgin olive oil|garlic|tomato|marinara sauce,sponge-like; grills to a smoky guaiacol note,"dominant=phenolics, guaiacol (grilled); CIDs: guaiacol=460"
asparagus,green,umami|bitter,,green|asparagus|sulfury|fresh|vegetal|grassy,curated-2026;tgsc;chem-lit,extra-virgin olive oil|parmesan|lemon juice|egg yolk,sulfur volatiles + glutamate; the lemon-butter-egg partner,"dominant=dimethyl sulfide, asparagusic acid, methanethiol"
avocado,fatty,,smooth,fatty|green|buttery|grassy|mild|creamy,curated-2026;tgsc;chem-lit,lime juice|cilantro|tomato|serrano pepper,buttery fat + green hexenal; the lime/cilantro/chile axis,"dominant=fatty acids, (E)-2-hexenal; CIDs: (e)-2-hexenal=5281168"
guacamole,green,sour|umami,smooth,,curated-2026;tgsc;composite,avocado|lime juice|cilantro|onion,avocado + lime + cilantro + onion + chile,confidence=medium (composite)
romesco,fruity,umami|sour,smooth,,curated-2026;tgsc;composite,red bell pepper|almond|extra-virgin olive oil|sherry vinegar|garlic,roasted pepper + almond + nut + garlic + vinegar,confidence=medium (composite)
star anise,woody,sweet|spicy,,anise|licorice|sweet|woody|warm|spicy,curated-2026;tgsc;chem-lit,cinnamon|clove|fennel seed|soya sauce,trans-anethole; the five-spice and braise partner,"dominant=trans-anethole, foeniculin; CIDs: anethole=637563"
anise seed,green,sweet,crunchy,anise|licorice|sweet|fresh|green|spicy,curated-2026;tgsc;chem-lit,fennel seed|star anise|cane sugar|brandy,anethole sweet-licorice; baking and liqueur partner,"dominant=anethole, estragole; CIDs: anethole=637563, estragole=8815"
mace,woody,spicy|bitter,,warm|woody|nutmeg|sweet|spicy|delicate,curated-2026;tgsc;chem-lit,nutmeg|cinnamon|clove|pumpkin pie spice,the nutmeg aril - same myristicin but finer and brighter,"dominant=myristicin, sabinene; CIDs: myristicin=4276, sabinene=18818"
juniper berry,woody,bitter,,pine|resinous|woody|gin|fresh|green,curated-2026;tgsc;chem-lit,gin|rosemary|bay leaf|pork loin,pinene resin; the gin and game-meat partner,"dominant=alpha-pinene, myrcene, sabinene; CIDs: alpha-pinene=6654, sabinene=18818"
sumac,fruity,sour|astringent,powdery,tart|lemon|fruity|astringent|red|earthy,curated-2026;tgsc;chem-lit,lemon juice|extra-virgin olive oil|sesame|onion,malic-acid tartness; the za'atar and Levantine partner,"dominant=malic acid, tannins"
paprika,woody,sweet|pungent,powdery,sweet|pepper|smoky|warm|red|earthy,curated-2026;tgsc;chem-lit,chili powder|cayenne pepper|onion powder|garlic,sweet capsicum color + mild warmth; the rub and stew partner,"dominant=capsanthin (color), carotenoids; CIDs: capsanthin=5281228"
smoked paprika,woody,sweet|bitter,powdery,smoky|sweet|pepper|wood|warm|earthy,curated-2026;tgsc;chem-lit,paprika|chorizo sausage|garlic|onion,guaiacol smoke over sweet capsicum; the chorizo and bean partner,"dominant=guaiacol, capsanthin; CIDs: capsanthin=5281228, guaiacol=460"
turmeric,woody,bitter|pungent,powdery,earthy|woody|bitter|ginger|musty|warm,curated-2026;tgsc;chem-lit,cumin powder|coriander powder|ginger paste|garam masala,turmerone earthy-bitter + curcumin color; the masala base,"dominant=curcumin (color), turmerone, ar-turmerone; CIDs: curcumin=969516"
saffron,floral,bitter,,floral|hay|honey|saffron|metallic|earthy,curated-2026;tgsc;chem-lit,long-grain rice|mussel|white fish|chicken stock,"safranal hay-floral; the paella, risotto and bouillabaisse partner","dominant=safranal, picrocrocin, crocin (color); CIDs: safranal=61041"
nigella seed,woody,bitter,crunchy,nutty|peppery|oregano|onion|toasted|seed,curated-2026;tgsc;chem-lit,fennel seed|fenugreek|black mustard seed|curry,thymoquinone peppery-toasted seed; naan and panch phoron partner,"dominant=thymoquinone, p-cymene; CIDs: thymoquinone=10281"
celery seed,green,bitter,crunchy,celery|herbal|warm|bitter|seed|aromatic,curated-2026;tgsc;chem-lit,celery salt|caraway seed|mustard seed|cider vinegar,"concentrated phthalide; the pickle, slaw and bloody-mary partner","dominant=3-butylphthalide, limonene, sedanolide; CIDs: limonene=22311"
galangal,woody,spicy|pungent,,ginger|pine|citrus|sharp|woody|medicinal,curated-2026;tgsc;chem-lit,lemongrass|red curry|unsweetened coconut milk|ginger paste,piney sharper cousin of ginger; the Thai curry trinity with lemongrass,"dominant=galangal acetate, 1,8-cineole; CIDs: 1,8-cineole=2758"
horseradish,green,pungent,,pungent|sharp|sinus|mustard|sulfurous|hot,curated-2026;tgsc;chem-lit,beef stock|low-fat sour cream|mustard powder|crabmeat,isothiocyanate sinus-heat; the roast-beef and seafood partner,dominant=allyl isothiocyanate; CIDs: allyl isothiocyanate=5971
wasabi,green,pungent,,pungent|sharp|sinus|mustard|green|hot,curated-2026;tgsc;chem-lit,soya sauce|rice vinegar|mirin|dark sesame oil,isothiocyanate heat that fades fast; the sushi partner,"dominant=allyl isothiocyanate, 6-MITC; CIDs: allyl isothiocyanate=5971"
pink peppercorn,fruity,sweet|pungent,,fruity|pepper|sweet|piney|floral|resinous,curated-2026;tgsc;chem-lit,black peppercorn|coriander seed|gin|strawberry,sweet-resinous mild pepper; pairs with berries and gin,"dominant=alpha-phellandrene, pinene"
sichuan peppercorn,woody,spicy|pungent,,citrus|numbing|woody|pepper|floral|tingly,curated-2026;tgsc;chem-lit,chili oil|dark sesame oil|soya sauce|star anise,sanshool tingle (not capsaicin heat); the mala partner with chile,"dominant=hydroxy-alpha-sanshool (tingling), limonene; CIDs: hydroxy-alpha-sanshool=10084135, limonene=22311"
vanilla,woody,sweet,,sweet|vanilla|creamy|balsamic|woody|floral,curated-2026;tgsc;chem-lit,cane sugar|whipped cream|white chocolate|condensed milk,vanillin balsamic-sweet; the universal dessert rounding note,"dominant=vanillin, p-hydroxybenzaldehyde; CIDs: benzaldehyde=240, vanillin=1183"
annatto,woody,bitter,powdery,earthy|peppery|nutty|sweet|red|musky,curated-2026;tgsc;chem-lit,long-grain rice|chorizo sausage|adobo sauce|garlic,peppery-earthy seed prized for orange color; the Latin and Filipino partner,"dominant=bixin (color), geranylgeraniol; CIDs: bixin=5281226, geraniol=637566"
shallot,green,pungent|sweet,,onion|sweet|sharp|delicate|savory|green,curated-2026;tgsc;chem-lit,extra-virgin olive oil|sherry vinegar|champagne vinegar|walnut oil,delicate sweet allium; the vinaigrette and pan-sauce base,"dominant=disulfides, propanethial"
leek,green,sweet|umami,,onion|sweet|mild|green|savory|delicate,curated-2026;tgsc;chem-lit,chicken stock|butternut squash|extra-virgin olive oil|potato,mild sweet allium; the potato-leek and braise partner,dominant=disulfides (mild allium)
scallion,green,pungent,,onion|fresh|green|sharp|sweet|grassy,curated-2026;tgsc;chem-lit,soya sauce|dark sesame oil|ginger paste|garlic,fresh raw allium; the East-Asian finishing partner,"dominant=disulfides, thiosulfinates"
fennel,green,sweet,crisp,anise|sweet|green|licorice|fresh|crisp,curated-2026;tgsc;chem-lit,extra-virgin olive oil|orange|italian sausage|parmesan,"anethole bulb; the citrus, sausage and shaved-salad partner","dominant=anethole, fenchone, estragole; CIDs: anethole=637563, estragole=8815, fenchone=14525"
cauliflower,green,umami,,green|nutty|sulfurous|mild|vegetal|earthy,curated-2026;tgsc;chem-lit,cheddar cheese soup|broccoli floret|extra-virgin olive oil|turmeric,"glucosinolate nutty-sulfur; roasts sweet, the cheese-sauce partner","dominant=glucosinolates, dimethyl trisulfide"
harissa,fruity,spicy|sour,smooth,,curated-2026;tgsc;composite,paprika|cumin powder|garlic|extra-virgin olive oil|coriander seed,chile + cumin + caraway + garlic in oil,confidence=medium (composite)
salsa verde,green,sour|pungent,oily,,curated-2026;tgsc;composite,flat-leaf parsley|extra-virgin olive oil|garlic|cider vinegar,parsley + caper + anchovy + garlic in oil,confidence=medium (composite)
pineapple,fruity,sweet|sour,juicy,fruity|pineapple|tropical|sweet|tart|sulfury,curated-2026;tgsc;chem-lit,cane sugar|coconut cream|golden brown sugar|ginger paste,ester-furaneol tropical; bromelain and brown-sugar partner,"dominant=methyl/ethyl esters, furaneol; CIDs: furaneol=19309"
mango,fruity,sweet,juicy,fruity|mango|tropical|sweet|resinous|peach,curated-2026;tgsc;chem-lit,lime juice|chili powder|coconut cream|cilantro,terpinolene-resin tropical; the lime-chile and coconut axis,"dominant=terpinolene, (Z)-ocimene, esters"
banana,fruity,sweet,smooth,fruity|banana|sweet|creamy|tropical|ester,curated-2026;tgsc;chem-lit,cane sugar|walnut|whipped cream|caramel sauce,"isoamyl-acetate ester; the walnut, caramel and bread partner","dominant=isoamyl acetate, eugenol; CIDs: eugenol=3314, isoamyl acetate=31276"
coconut,fatty,sweet,,coconut|sweet|creamy|tropical|lactonic|nutty,curated-2026;tgsc;chem-lit,coconut cream|unsweetened coconut milk|cane sugar|pineapple,lactone creaminess; the tropical-curry and dessert partner,"dominant=gamma-nonalactone, gamma-octalactone; CIDs: gamma-nonalactone=7710"
papaya,fruity,sweet,smooth,fruity|papaya|tropical|musky|sweet|melon,curated-2026;tgsc;chem-lit,lime juice|mango|coconut cream|chili powder,musky ester tropical; lime and chile cut its softness,"dominant=linalool, benzyl isothiocyanate, esters; CIDs: linalool=6549"
lychee,fruity,sweet,juicy,fruity|lychee|floral|rose|sweet|tropical,curated-2026;tgsc;chem-lit,cane sugar|simple syrup|rose|ginger paste,rose-oxide floral fruit; pairs with rose and ginger,"dominant=geraniol, cis-rose oxide; CIDs: geraniol=637566"
guava,fruity,sweet|sour,,fruity|guava|tropical|musky|sweet|sulfury,curated-2026;tgsc;chem-lit,cane sugar|lime juice|light cream cheese|chili powder,sulfur-ester tropical; the cream-cheese pastry and chile partner,"dominant=esters, (Z)-3-hexenal, sulfur thiols; CIDs: (z)-3-hexenal=643941"
kiwi,fruity,sour|sweet,juicy,fruity|kiwi|green|tart|fresh|grassy,curated-2026;tgsc;chem-lit,cane sugar|strawberry|lime juice|simple syrup,green-tart fruit; berry and citrus partner,"dominant=(E)-2-hexenal, ethyl butanoate; CIDs: (e)-2-hexenal=5281168"
watermelon,fruity,sweet,juicy,fruity|watermelon|fresh|melon|watery|green,curated-2026;tgsc;chem-lit,mint|lime juice|cane sugar|cucumber,"nonadienal fresh-melon; mint, lime and feta foils","dominant=(Z,Z)-3,6-nonadienal, (E)-2-nonenal; CIDs: (e)-2-nonenal=5283335"
cantaloupe,fruity,sweet,juicy,fruity|melon|sweet|musky|fresh|floral,curated-2026;tgsc;chem-lit,mint|lime juice|cane sugar|ginger ale,musky-ester melon; the prosciutto and mint partner,"dominant=(Z)-6-nonenal, esters; CIDs: (z)-6-nonenal=5362720"
peach,fruity,sweet,juicy,fruity|peach|sweet|floral|juicy|lactonic,curated-2026;tgsc;chem-lit,cane sugar|bourbon|raspberry|whipped cream,gamma-decalactone stone fruit; bourbon and berry partner,"dominant=gamma-decalactone, benzaldehyde, linalool; CIDs: benzaldehyde=240, gamma-decalactone=12813, linalool=6549"
nectarine,fruity,sweet,juicy,fruity|nectarine|sweet|floral|juicy|peach,curated-2026;tgsc;chem-lit,peach|cane sugar|raspberry|whipped cream,peach without the fuzz; the same lactone-stone-fruit axis,"dominant=gamma-decalactone, esters; CIDs: gamma-decalactone=12813"
plum,fruity,sweet|sour,juicy,fruity|plum|sweet|tart|jammy|floral,curated-2026;tgsc;chem-lit,cane sugar|cinnamon|star anise|brandy,ester-benzaldehyde stone fruit; warm-spice and brandy partner,"dominant=esters, benzaldehyde, gamma-decalactone; CIDs: benzaldehyde=240, gamma-decalactone=12813"
cherry,fruity,sweet|sour,juicy,fruity|cherry|sweet|almond|tart|jammy,curated-2026;tgsc;chem-lit,cherry pie filling|almond extract|cane sugar|brandy,benzaldehyde links it to almond; the kirsch and chocolate partner,"dominant=benzaldehyde, eugenol, esters; CIDs: benzaldehyde=240, eugenol=3314"
blackcurrant,fruity,sour|sweet,,fruity|blackcurrant|tart|musky|sulfury|jammy,curated-2026;tgsc;chem-lit,cane sugar|raspberry|gin|lemon juice,catty thiol + berry; the cassis liqueur and gin partner,"dominant=4-MMP (thiol), esters, terpenes"
rhubarb,green,sour|astringent,crisp,tart|green|stalky|astringent|fresh|sour,curated-2026;tgsc;chem-lit,cane sugar|strawberry|cinnamon|orange,oxalic-malic tartness; the strawberry and custard partner,"dominant=oxalic & malic acids, (Z)-3-hexenal; CIDs: (z)-3-hexenal=643941"
prune,fruity,sweet,,fruity|prune|deep|caramel|raisin|stewed,curated-2026;tgsc;chem-lit,brandy|cane sugar|cinnamon|raisin,stewed-fruit furaneol; armagnac and warm-spice partner,"dominant=furaneol, 3-methylbutanal, benzaldehyde; CIDs: benzaldehyde=240, furaneol=19309"
cranberry,fruity,sour|astringent,,fruity|cranberry|tart|astringent|fresh|red,curated-2026;tgsc;chem-lit,cranberry juice|cranberry sauce|orange|cane sugar,benzoic-acid tartness; orange and warm-spice partner,"dominant=benzoic & quinic acids, anthocyanins"
spinach,green,umami,,green|spinach|mineral|grassy|earthy|fresh,curated-2026;tgsc;chem-lit,extra-virgin olive oil|parmesan|garlic|nutmeg,"mineral green + glutamate; the cream, nutmeg and cheese partner","dominant=(Z)-3-hexenal, glutamate; CIDs: (z)-3-hexenal=643941, glutamate=33032"
kale,green,bitter,,green|kale|cabbage|earthy|bitter|mineral,curated-2026;tgsc;chem-lit,extra-virgin olive oil|garlic|lemon juice|parmesan,"glucosinolate-bitter green; lemon, oil and cheese tame it","dominant=glucosinolates, hexenals"
broccoli,green,umami,,green|broccoli|sulfurous|earthy|vegetal|fresh,curated-2026;tgsc;chem-lit,broccoli floret|cheddar cheese soup|garlic|dark sesame oil,glucosinolate sulfur-green; cheese and sesame partner,"dominant=glucosinolates, dimethyl trisulfide"
green bean,green,,crisp,green|bean|grassy|fresh|vegetal|snap,curated-2026;tgsc;chem-lit,extra-virgin olive oil|garlic|almond|sherry vinegar,hexenal snap-green; almond and shallot partner,"dominant=(Z)-3-hexenal, 1-octen-3-ol; CIDs: (z)-3-hexenal=643941, 1-octen-3-ol=18827"
pea,green,sweet,,green|pea|sweet|grassy|fresh|vegetal,curated-2026;tgsc;chem-lit,mint|chicken stock|sweet butter|sugar snap pea,pyrazine sweet-green; mint and butter partner,"dominant=3-isopropyl-2-methoxypyrazine, (Z)-3-hexenal; CIDs: (z)-3-hexenal=643941"
hummus,fatty,umami|sour,smooth,,curated-2026;tgsc;composite,tahini|garlic|lemon juice|extra-virgin olive oil|cumin powder,chickpea + tahini + garlic + lemon + oil,confidence=medium (composite)
tapenade,fatty,umami|bitter,smooth,,curated-2026;tgsc;composite,extra-virgin olive oil|garlic|flat-leaf parsley|lemon juice,olive + caper + anchovy + oil,confidence=medium (composite)
coffee,woody,bitter,,roasted|coffee|bitter|woody|smoky|caramel,curated-2026;tgsc;chem-lit,espresso powder|chocolate chip|cane sugar|coffee liqueur,furfurylthiol + pyrazines; the chocolate and caramel partner,"dominant=furans, pyrazines, furfurylthiol"
cocoa,woody,bitter,powdery,roasted|cocoa|bitter|chocolate|nutty|earthy,curated-2026;tgsc;chem-lit,unsweetened chocolate|espresso powder|cane sugar|milk chocolate,pyrazine roast + theobromine; the coffee and sugar partner,"dominant=pyrazines, 2-phenylethylamine, theobromine"
dark chocolate,woody,bitter|sweet,smooth,cocoa|roasted|bitter|fruity|woody|rich,curated-2026;tgsc;chem-lit,unsweetened chocolate|semi-sweet chocolate|espresso powder|raspberry,high-cocoa pyrazine-fruit; coffee and berry partner,"dominant=pyrazines, esters"
miso,woody,umami,smooth,savory|fermented|umami|nutty|salty|earthy,curated-2026;tgsc;chem-lit,dark sesame oil|mirin|soya sauce|firm tofu,"glutamate + furanone; the dashi, glaze and dressing base","dominant=glutamate, pyrazines, furanones; CIDs: glutamate=33032"
soy sauce,woody,umami,,savory|umami|fermented|salty|roasted|malty,curated-2026;tgsc;chem-lit,mirin|dark sesame oil|rice vinegar|ginger paste,glutamate + HEMF furanone; the East-Asian umami spine (was never a node),"dominant=glutamate, HEMF furanone; CIDs: glutamate=33032"
fish sauce,woody,umami,,savory|fermented|umami|funky|salty|marine,curated-2026;tgsc;chem-lit,lime juice|palm sugar|red curry|lemongrass,glutamate + amines; the SE-Asian salt-umami spine (was never a node),"dominant=glutamate, volatile amines; CIDs: glutamate=33032"
oyster sauce,woody,umami|sweet,smooth,savory|umami|sweet|marine|caramel|salty,curated-2026;tgsc;chem-lit,dark sesame oil|soya sauce|sugar snap pea|baby corn,glutamate + nucleotides; the stir-fry glaze partner,"dominant=glutamate, nucleotides; CIDs: glutamate=33032"
worcestershire sauce,woody,umami|sour,,savory|umami|tangy|fermented|spicy|malty,curated-2026;tgsc;chem-lit,steak sauce|beef stock|tabasco sauce|tomato ketchup,tamarind-anchovy umami-tang; the marinade and bloody-mary partner,"dominant=glutamate, tamarind acids; CIDs: glutamate=33032"
anchovy,woody,umami,,savory|umami|fishy|fermented|salty|marine,curated-2026;tgsc;chem-lit,extra-virgin olive oil|garlic|parmesan|lemon juice,"glutamate + inosinate; the Caesar, puttanesca and tapenade base","dominant=glutamate, inosinate, amines; CIDs: glutamate=33032, inosinate=8582"
caper,green,sour,,briny|tangy|floral|green|pungent|pickled,curated-2026;tgsc;chem-lit,lemon juice|extra-virgin olive oil|flat-leaf parsley|white fish,isothiocyanate-brine; the piccata and tapenade partner,"dominant=rutin, methyl isothiocyanate"
olive,fatty,bitter,,fruity|olive|bitter|briny|green|peppery,curated-2026;tgsc;chem-lit,extra-virgin olive oil|flat-leaf parsley|garlic|tomato,oleuropein bitter-fruit; the Mediterranean savory anchor,"dominant=oleuropein, (E)-2-hexenal; CIDs: (e)-2-hexenal=5281168"
nori,woody,umami,,marine|umami|seaweed|toasted|savory|briny,curated-2026;tgsc;chem-lit,dark sesame oil|rice vinegar|soya sauce|mirin,glutamate + dictyopterenes; the sushi and rice partner,"dominant=glutamate, dimethyl sulfide, dictyopterenes; CIDs: glutamate=33032"
bacon,fatty,umami,crisp,smoky|savory|fatty|umami|roasted|salty,curated-2026;tgsc;chem-lit,egg yolk|golden brown sugar|onion|romaine lettuce,"Maillard pyrazine + smoke guaiacol; the egg, maple and lettuce partner","dominant=pyrazines, furans, guaiacol; CIDs: guaiacol=460"
mozzarella,fatty,umami,smooth,milky|fresh|fatty|mild|lactic|creamy,curated-2026;tgsc;chem-lit,marinara sauce|tomato|basil|pizza sauce,lactic-diacetyl milk; the tomato-basil and pizza spine (was never a node),"dominant=lactic acid, diacetyl"
ricotta,fatty,sweet,smooth,milky|sweet|fresh|mild|creamy|lactic,curated-2026;tgsc;chem-lit,lasagna noodle|marinara sauce|spinach|parmesan,lactose-sweet fresh curd; the lasagna and cannoli partner,"dominant=lactose, lactic acid"
feta,fatty,sour|umami,crumbly,tangy|salty|milky|sheep|lactic|briny,curated-2026;tgsc;chem-lit,extra-virgin olive oil|olive|tomato|watermelon,lipolytic tang-brine; the Greek-salad and watermelon partner,"dominant=lactic acid, free fatty acids"
blue cheese,fatty,umami|bitter,creamy,pungent|funky|salty|moldy|sharp|creamy,curated-2026;tgsc;chem-lit,walnut|fig|pear|steak sauce,"methyl-ketone mold funk; the fig, pear, nut and steak partner","dominant=2-heptanone, methyl ketones"
cheddar,fatty,umami|sour,,sharp|savory|tangy|milky|nutty|aged,curated-2026;tgsc;chem-lit,cheddar cheese soup|broccoli|macaroni|onion,aged methyl-ketone tang; the macaroni and broccoli partner,"dominant=methyl ketones, free fatty acids, diacetyl"
beet,woody,sweet|umami,,earthy|sweet|root|mineral|woody|musty,curated-2026;tgsc;chem-lit,goat cheese|walnut|orange|extra-virgin olive oil,"geosmin earth + sugar; the goat-cheese, nut and citrus partner","dominant=geosmin, betalains (color)"
radish,green,pungent,crisp,pungent|peppery|fresh|crisp|sharp|green,curated-2026;tgsc;chem-lit,sweet butter|extra-virgin olive oil|coarse salt|cucumber,isothiocyanate peppery-crisp; the butter-and-salt partner,dominant=4-methylthio-3-butenyl isothiocyanate
parsnip,woody,sweet,,sweet|earthy|nutty|root|spicy|carrot,curated-2026;tgsc;chem-lit,carrot|chicken stock|butternut squash|nutmeg,terpinolene-myristicin sweet root; the roast and puree partner,"dominant=terpinolene, myristicin; CIDs: myristicin=4276"
turnip,green,bitter,,earthy|peppery|mustard|root|mild|green,curated-2026;tgsc;chem-lit,chicken stock|beef stew meat|carrot|potato,glucosinolate peppery root; the braise and stew partner,dominant=glucosinolates
artichoke,green,bitter|umami,,green|nutty|earthy|vegetal|bitter|fresh,curated-2026;tgsc;chem-lit,extra-virgin olive oil|lemon juice|garlic|parmesan,cynarin (the sweetness-distorting compound); lemon and oil partner,"dominant=cynarin, 1-octen-3-ol; CIDs: 1-octen-3-ol=18827"
ranch dressing,fatty,sour|umami,smooth,,curated-2026;tgsc;composite,buttermilk|dill|garlic|mayo,buttermilk + herb + garlic + tang,confidence=medium (composite)
béchamel,fatty,umami,smooth,,curated-2026;tgsc;composite,nutmeg|sweet butter|wheat flour|parmesan,roux + milk + nutmeg base sauce,confidence=medium (composite)
chive,green,pungent,,onion|green|mild|fresh|grassy|delicate,curated-2026;tgsc;chem-lit,low-fat sour cream|potato|egg yolk|goat cheese,mild raw allium; the baked-potato and egg finishing herb,dominant=disulfides (mild)
parsley,green,,,green|parsley|fresh|grassy|herbal|peppery,curated-2026;tgsc;chem-lit,flat-leaf parsley|garlic|lemon juice|extra-virgin olive oil,clean green lift; the gremolata and salsa-verde base,"dominant=myristicin, apiole, 1,3,8-p-menthatriene; CIDs: myristicin=4276"
chervil,green,,,anise|delicate|green|fresh|parsley|herbal,curated-2026;tgsc;chem-lit,tarragon|flat-leaf parsley|sweet butter|white fish,delicate anise-parsley; the fines-herbes and fish partner,"dominant=estragole, 1-allyl-2,4-dimethoxybenzene; CIDs: estragole=8815"
savory,woody,bitter,,herbal|peppery|thyme|warm|woody|green,curated-2026;tgsc;chem-lit,thyme|marjoram|butter bean|bay leaf,carvacrol/thymol like a sharper thyme; the bean-dish partner,"dominant=carvacrol, thymol; CIDs: carvacrol=10364, thymol=6989"
lovage,green,bitter,,celery|herbal|green|intense|savory|musky,curated-2026;tgsc;chem-lit,celery|chicken stock|potato|bay leaf,intense celery phthalide; the broth and potato partner,dominant=3-butylidene phthalide
shiso,green,,,herbal|minty|basil|cumin|green|anise,curated-2026;tgsc;chem-lit,rice vinegar|soya sauce|ginger paste|cucumber,perilla-aldehyde herb; the Japanese pickle and sashimi partner,"dominant=perilla aldehyde, limonene; CIDs: limonene=22311"
curry leaf,green,,,citrus|nutty|curry|green|herbal|warm,curated-2026;tgsc;chem-lit,black mustard seed|turmeric|coconut cream|ginger paste,caryophyllene curry-green; bloomed in oil for South-Indian tempering,"dominant=beta-caryophyllene, sesquiterpenes"
grains of paradise,woody,spicy|pungent,,peppery|warm|citrus|cardamom|woody|hot,curated-2026;tgsc;chem-lit,black peppercorn|cardamom|ginger paste|coriander seed,paradol pepper-heat with cardamom lift; the West-African and brewing partner,"dominant=6-paradol, 6-gingerol; CIDs: 6-gingerol=442793"
long pepper,woody,spicy|pungent,,peppery|warm|sweet|woody|numbing|spicy,curated-2026;tgsc;chem-lit,black peppercorn|ginger paste|cinnamon|cardamom,piperine sweet-heat; the pre-Columbian pepper for masala and pickling,dominant=piperine; CIDs: piperine=638024
mahleb,woody,sweet|bitter,powdery,cherry|almond|nutty|woody|marzipan|sweet,curated-2026;tgsc;chem-lit,cinnamon|almond extract|cane sugar|cardamom,cherry-pit coumarin-almond; the Middle-Eastern pastry partner,"dominant=coumarin, benzaldehyde; CIDs: benzaldehyde=240, coumarin=323"
tonka bean,woody,sweet,,sweet|vanilla|almond|hay|woody|cinnamon,curated-2026;tgsc;chem-lit,vanilla|cane sugar|whipped cream|cinnamon,coumarin hay-vanilla; a vanilla-adjacent dessert note,dominant=coumarin; CIDs: coumarin=323
hops,green,bitter,,bitter|resinous|citrus|herbal|piney|floral,curated-2026;tgsc;chem-lit,gin|lemon juice|grapefruit|coriander seed,"humulene resin-bitter; the beer, citrus and botanical partner","dominant=humulene, myrcene, alpha acids"
angelica,woody,bitter,,herbal|musky|celery|woody|sweet|earthy,curated-2026;tgsc;chem-lit,gin|juniper berry|fennel seed|orange,musky macrocyclic-lactone root; the gin and liqueur botanical,"dominant=beta-phellandrene, macrocyclic lactones"
lemon balm,green,,,citrus|lemon|minty|green|fresh|herbal,curated-2026;tgsc;chem-lit,lemon juice|mint|simple syrup|cane sugar,citral-citronellal lemon-mint; the tisane and syrup partner,"dominant=citral, citronellal, geranial; CIDs: citral=638011, citronellal=7794"
lemon verbena,green,,,citrus|lemon|fresh|floral|green|verbena,curated-2026;tgsc;chem-lit,lemon juice|simple syrup|cane sugar|raspberry,intense citral lemon; the dessert and tea infusion partner,"dominant=citral, limonene; CIDs: citral=638011, limonene=22311"
tamarind,fruity,sour|sweet,,tart|fruity|date|sour|caramel|tangy,curated-2026;tgsc;chem-lit,tamarind paste|palm sugar|fish sauce|red chilie,"tartaric-acid sour-fruit; the pad-thai, chutney and Worcestershire partner","dominant=tartaric acid, pyrazines"
black lime,fruity,sour|bitter,,citrus|fermented|tart|earthy|musty|lime,curated-2026;tgsc;chem-lit,lime juice|cumin powder|coriander seed|long-grain rice,fermented dried-lime sour-funk; the Persian stew partner,dominant=fermented citrus acids
mastic,woody,bitter|sweet,,pine|resinous|woody|sweet|herbal|cedar,curated-2026;tgsc;chem-lit,cane sugar|cardamom|rose|simple syrup,pine-resin chew; the Greek and Levantine ice-cream and pastry partner,"dominant=alpha-pinene, masticadienonic acid; CIDs: alpha-pinene=6654"
chicken,fatty,umami,tender,savory|umami|fatty|roasted|mild|meaty,curated-2026;tgsc;chem-lit,chicken stock|garlic|onion|extra-virgin olive oil,methional + Maillard pyrazines; the universal savory canvas (was never a node),"dominant=methional, Maillard pyrazines; CIDs: methional=18635"
beef,fatty,umami,tender,savory|umami|fatty|roasted|meaty|metallic,curated-2026;tgsc;chem-lit,beef stock|onion|garlic|tomato,"Maillard pyrazine + furanone; the braise, grill and stew core (was never a node)","dominant=Maillard pyrazines, furanones"
shrimp,fatty,umami|sweet,tender,savory|umami|sweet|marine|briny|shellfish,curated-2026;tgsc;chem-lit,garlic|extra-virgin olive oil|lemon juice|jumbo shrimp,glycine sweetness + bromophenol brine; the garlic-butter and chile partner,"dominant=glycine (sweetness), bromophenols"
salmon,fatty,umami,tender,fatty|fish|umami|rich|marine|buttery,curated-2026;tgsc;chem-lit,dill|lemon juice|extra-virgin olive oil|caper,"omega-rich fat + green hexenal; the dill, lemon and caper partner","dominant=omega-3 lipids, (Z)-3-hexenal; CIDs: (z)-3-hexenal=643941"
lamb,fatty,umami,tender,savory|umami|fatty|gamey|roasted|woolly,curated-2026;tgsc;chem-lit,rosemary|garlic|cumin powder|mint,branched-chain fatty acids give the gamey note; rosemary and mint partner,dominant=4-methyloctanoic acid (branched-chain FAs)
gremolata,green,sour,,,curated-2026;tgsc;composite,flat-leaf parsley|garlic|lemon rind|extra-virgin olive oil,parsley + garlic + lemon zest,confidence=medium (composite)
hollandaise,fatty,sour|umami,smooth,,curated-2026;tgsc;composite,egg yolk|sweet butter|lemon juice|white pepper,emulsified butter + egg yolk + acid,confidence=medium (composite)
gentian,woody,bitter,,bitter|earthy|root|woody|medicinal|floral,curated-2026;tgsc;chem-lit,gin|orange|cane sugar|lemon juice,amarogentin (one of the most bitter compounds known); the aperitif and amaro root,"dominant=amarogentin, gentiopicroside; CIDs: amarogentin=115149"
wintergreen,green,sweet|astringent,,minty|medicinal|sweet|cooling|wintergreen|sharp,curated-2026;tgsc;chem-lit,mint|chocolate chip|cane sugar|simple syrup,methyl salicylate cooling; the root-beer and candy partner,dominant=methyl salicylate; CIDs: methyl salicylate=4133
fennel pollen,floral,sweet,powdery,anise|sweet|honey|floral|fennel|warm,curated-2026;tgsc;chem-lit,fennel|pork loin|orange|sweet italian sausage,concentrated anethole honey-anise; the sausage and pork finishing dust,"dominant=anethole, fenchone; CIDs: anethole=637563, fenchone=14525"
marigold,floral,bitter,,floral|fruity|tarragon|citrus|tagetes|herbal,curated-2026;tgsc;chem-lit,saffron|long-grain rice|orange|cane sugar,tagetone floral; a saffron-substitute coloring for rice,"dominant=tagetone, ocimene"
pandan,green,sweet,,grassy|sweet|nutty|green|vanilla|jasmine,curated-2026;tgsc;chem-lit,coconut cream|unsweetened coconut milk|cane sugar|palm sugar,2-acetyl-1-pyrroline (same as jasmine rice); the SE-Asian dessert vanilla,dominant=2-acetyl-1-pyrroline; CIDs: 2-acetyl-1-pyrroline=522834
matcha,green,bitter|umami,powdery,green|grassy|umami|vegetal|bitter|marine,curated-2026;tgsc;chem-lit,white chocolate|cane sugar|coconut cream|condensed milk,theanine umami + hexenol green; the white-chocolate and cream partner,"dominant=L-theanine, (Z)-3-hexenol; CIDs: l-theanine=439378"
black tea,woody,bitter|astringent,,tannic|malty|woody|bitter|floral|dried,curated-2026;tgsc;chem-lit,lemon juice|cane sugar|bergamot|simple syrup,"thearubigin tannin-malt; the bergamot, lemon and milk partner","dominant=thearubigins, theaflavins, tannins"
epazote,green,bitter,,green|pungent|petrol|herbal|medicinal|savory,curated-2026;tgsc;chem-lit,chili powder|cumin powder|corn tortilla|garlic,ascaridole petrol-green; the black-bean and Mexican partner,"dominant=ascaridole, p-cymene"
kombu,woody,umami,,marine|umami|seaweed|savory|briny|mineral,curated-2026;tgsc;chem-lit,soy sauce|mirin|firm tofu|shiitake mushroom,glutamate (the original isolated umami source); the dashi base,"dominant=glutamate, mannitol; CIDs: glutamate=33032"
bonito,woody,umami,,smoky|umami|fish|savory|fermented|marine,curated-2026;tgsc;chem-lit,soy sauce|mirin|kombu|firm tofu,inosinate that synergizes with kombu glutamate; the dashi partner,"dominant=inosinate (IMP), smoke phenols; CIDs: inosinate=8582"
sun-dried tomato,fruity,umami|sweet,,umami|tomato|sweet|tangy|concentrated|fruity,curated-2026;tgsc;chem-lit,tomato|extra-virgin olive oil|garlic|parmesan,concentrated glutamate + furaneol; an intense umami-sweet jolt,"dominant=glutamate (concentrated), furaneol; CIDs: furaneol=19309, glutamate=33032"
roasted garlic,woody,sweet|umami,smooth,sweet|nutty|caramel|garlic|mellow|roasted,curated-2026;tgsc;chem-lit,garlic|extra-virgin olive oil|chicken stock|béchamel,Maillard mellows the pungency to sweet-nutty; the spread and sauce partner,"dominant=reduced thiosulfinates, Maillard sugars"
caramel,woody,sweet|bitter,,caramel|sweet|buttery|toffee|burnt|rich,curated-2026;tgsc;chem-lit,caramel sauce|cane sugar|sweet butter|coffee,"maltol-furaneol cooked sugar; the butter, coffee and apple partner","dominant=maltol, furaneol, diacetyl; CIDs: furaneol=19309, maltol=8369"
honey,floral,sweet,viscous,sweet|floral|honey|waxy|fruity|warm,curated-2026;tgsc;chem-lit,cane sugar|lemon juice|lavender|greek yogurt,"phenylacetaldehyde floral-sweet; the lavender, lemon and cheese partner","dominant=phenylacetaldehyde, methyl anthranilate; CIDs: methyl anthranilate=8635"
maple syrup,woody,sweet,viscous,sweet|maple|caramel|woody|toffee|vanilla,curated-2026;tgsc;chem-lit,golden brown sugar|bourbon|pecan|bacon,sotolone maple-caramel (the same lactone as fenugreek); the pecan and bacon partner,"dominant=sotolone, maple furanone, vanillin; CIDs: sotolone=62835, vanillin=1183"
molasses,woody,sweet|bitter,viscous,sweet|deep|burnt|caramel|smoky|licorice,curated-2026;tgsc;chem-lit,golden brown sugar|bourbon|ginger powder|cane sugar,burnt-sugar furaneol depth; the gingerbread and barbecue partner,"dominant=furaneol, burnt-sugar volatiles; CIDs: furaneol=19309"
brown butter,fatty,umami|sweet,,nutty|caramel|butter|toasted|hazelnut|rich,curated-2026;tgsc;chem-lit,sage|sweet butter|pasta sauce|almond,Maillard pyrazine + lactone over butter; the sage and nut partner,"dominant=Maillard pyrazines, lactones, diacetyl"
egg,fatty,umami,,savory|sulfurous|umami|rich|mild|custard,curated-2026;tgsc;chem-lit,egg yolk|egg white|sweet butter|wheat flour,sulfur volatiles + lecithin; the binder and custard base,"dominant=hydrogen sulfide, cooked sulfur volatiles"
butter,fatty,sweet,smooth,buttery|creamy|dairy|sweet|lactic|rich,curated-2026;tgsc;chem-lit,sweet butter|wheat flour|cane sugar|vanilla,diacetyl + lactone; the universal richness and flavor carrier,"dominant=diacetyl, butyric acid, lactones"
cream,fatty,sweet,smooth,milky|rich|sweet|creamy|buttery|fresh,curated-2026;tgsc;chem-lit,whipped cream|condensed cream|vanilla|coffee,lactone-diacetyl fat; the mouthfeel and dessert base,"dominant=lactones, diacetyl"
yogurt,fatty,sour,smooth,tangy|milky|sour|creamy|lactic|fresh,curated-2026;tgsc;chem-lit,plain yogurt|greek yogurt|cucumber|honey,"lactic-acetaldehyde tang; the marinade, dip and breakfast base","dominant=lactic acid, acetaldehyde, diacetyl"
rice,woody,,,starchy|nutty|mild|cereal|popcorn|sweet,curated-2026;tgsc;chem-lit,long-grain rice|brown rice|rice vinegar|soy sauce,acetyl-pyrroline aromatic grain; the neutral umami carrier,dominant=2-acetyl-1-pyrroline (aromatic varieties); CIDs: 2-acetyl-1-pyrroline=522834
mole,woody,bitter|sweet,smooth,,curated-2026;tgsc;composite,ancho chili|unsweetened chocolate|cinnamon|sesame,chile + chocolate + warm spice + nut + seed,confidence=medium (composite)
gochujang,woody,spicy|umami,smooth,,curated-2026;tgsc;composite,sriracha sauce|soy sauce|dark sesame oil|garlic,fermented chile + glutinous-rice + soybean paste,confidence=medium (composite)
ponzu,fruity,sour|umami,,,curated-2026;tgsc;composite,soy sauce|rice vinegar|lemon juice|mirin,citrus + soy + vinegar + dashi,confidence=medium (composite)
